-- MySQL Administrator dump 1.4
--
-- ------------------------------------------------------
-- Server version	5.0.13-rc-nt


/*!40101 SET @OLD_CHARACTER_SET_CLIENT=@@CHARACTER_SET_CLIENT */;
/*!40101 SET @OLD_CHARACTER_SET_RESULTS=@@CHARACTER_SET_RESULTS */;
/*!40101 SET @OLD_COLLATION_CONNECTION=@@COLLATION_CONNECTION */;
/*!40101 SET NAMES utf8 */;

/*!40014 SET @OLD_UNIQUE_CHECKS=@@UNIQUE_CHECKS, UNIQUE_CHECKS=0 */;
/*!40014 SET @OLD_FOREIGN_KEY_CHECKS=@@FOREIGN_KEY_CHECKS, FOREIGN_KEY_CHECKS=0 */;
/*!40101 SET @OLD_SQL_MODE=@@SQL_MODE, SQL_MODE='NO_AUTO_VALUE_ON_ZERO' */;


--
-- Create schema cem
--

CREATE DATABASE /*!32312 IF NOT EXISTS*/ cem;
USE cem;

--
-- Table structure for table `cem`.`commands_send_his`
--

DROP TABLE IF EXISTS `commands_send_his`;
CREATE TABLE `commands_send_his` (
  `SEND_ID` char(6) NOT NULL,
  `USER_ID` char(6) default NULL,
  `DEVICE_ID` char(6) default NULL,
  `TASK_DEFINE_TIME` char(14) default NULL,
  `TASK_PLAN_TIME` char(14) default NULL,
  `COMMANDS_TYPE` char(1) NOT NULL,
  `TEMPLATE_ID` char(6) default NULL,
  `STATUS` char(1) NOT NULL,
  `EXEC_BEGIN_TIME` char(14) default NULL,
  `EXEC_END_TIME` char(14) default NULL
) ENGINE=InnoDB DEFAULT CHARSET=utf8;

--
-- Dumping data for table `cem`.`commands_send_his`
--

/*!40000 ALTER TABLE `commands_send_his` DISABLE KEYS */;
/*!40000 ALTER TABLE `commands_send_his` ENABLE KEYS */;


--
-- Table structure for table `cem`.`commands_send_list`
--

DROP TABLE IF EXISTS `commands_send_list`;
CREATE TABLE `commands_send_list` (
  `SEND_ID` char(6) NOT NULL,
  `USER_ID` char(6) default NULL,
  `DEVICE_ID` char(6) default NULL,
  `TASK_DEFINE_TIME` char(14) default NULL,
  `TASK_PLAN_TIME` char(14) default NULL,
  `COMMANDS_TYPE` char(1) NOT NULL,
  `TEMPLATE_ID` char(6) default NULL,
  `STATUS` char(1) NOT NULL,
  PRIMARY KEY  (`SEND_ID`)
) ENGINE=InnoDB DEFAULT CHARSET=utf8;

--
-- Dumping data for table `cem`.`commands_send_list`
--

/*!40000 ALTER TABLE `commands_send_list` DISABLE KEYS */;
INSERT INTO `commands_send_list` (`SEND_ID`,`USER_ID`,`DEVICE_ID`,`TASK_DEFINE_TIME`,`TASK_PLAN_TIME`,`COMMANDS_TYPE`,`TEMPLATE_ID`,`STATUS`) VALUES 
 ('000000','000000','000004','20100715201724','20100715201724','T','000002','N');
/*!40000 ALTER TABLE `commands_send_list` ENABLE KEYS */;


--
-- Table structure for table `cem`.`device_command_exec_log`
--

DROP TABLE IF EXISTS `device_command_exec_log`;
CREATE TABLE `device_command_exec_log` (
  `LOG_ID` char(10) NOT NULL,
  `USER_ID` char(6) default NULL,
  `DEVICE_ID` char(6) NOT NULL,
  `EXEC_BEGIN` char(14) default NULL,
  `EXEC_END` char(14) default NULL,
  `COMMAND_CONT` text,
  PRIMARY KEY  (`LOG_ID`)
) ENGINE=InnoDB DEFAULT CHARSET=utf8;

--
-- Dumping data for table `cem`.`device_command_exec_log`
--

/*!40000 ALTER TABLE `device_command_exec_log` DISABLE KEYS */;
/*!40000 ALTER TABLE `device_command_exec_log` ENABLE KEYS */;


--
-- Table structure for table `cem`.`device_info`
--

DROP TABLE IF EXISTS `device_info`;
CREATE TABLE `device_info` (
  `DEVICE_ID` char(6) NOT NULL,
  `DEVICE_NAME_EN` varchar(60) NOT NULL,
  `DEVICE_ABB_NAME_EN` varchar(60) default NULL,
  `DEVICE_NAME_CN` varchar(60) NOT NULL,
  `TYPE_ID` char(6) default NULL,
  `LOCATION_ID` char(6) default NULL,
  `DEVICE_STATUS` char(1) NOT NULL,
  `FRONT_HOST_ID` char(6) default NULL,
  `DEVICE_IP` varchar(50) NOT NULL,
  `DEVICE_PORT` varchar(50) NOT NULL,
  `DEVICE_USER` varchar(50) NOT NULL,
  `DEVICE_PASSWORD` varchar(50) NOT NULL,
  `DEVICE_PROMPT` varchar(10) NOT NULL,
  `REMARK` varchar(200) default NULL,
  PRIMARY KEY  (`DEVICE_ID`)
) ENGINE=InnoDB DEFAULT CHARSET=utf8;

--
-- Dumping data for table `cem`.`device_info`
--

/*!40000 ALTER TABLE `device_info` DISABLE KEYS */;
INSERT INTO `device_info` (`DEVICE_ID`,`DEVICE_NAME_EN`,`DEVICE_ABB_NAME_EN`,`DEVICE_NAME_CN`,`TYPE_ID`,`LOCATION_ID`,`DEVICE_STATUS`,`FRONT_HOST_ID`,`DEVICE_IP`,`DEVICE_PORT`,`DEVICE_USER`,`DEVICE_PASSWORD`,`DEVICE_PROMPT`,`REMARK`) VALUES 
 ('000004','1111111111','1','1','000006','000002','N','000006','1','1','1','1','1','');
/*!40000 ALTER TABLE `device_info` ENABLE KEYS */;


--
-- Table structure for table `cem`.`device_inspect_log`
--

DROP TABLE IF EXISTS `device_inspect_log`;
CREATE TABLE `device_inspect_log` (
  `SEND_ID` char(10) NOT NULL,
  `DEVICE_ID` char(6) NOT NULL,
  `DEVICE_NAME` varchar(60) default NULL,
  `DEVICE_IP` varchar(50) default NULL,
  `USER_ID` char(6) NOT NULL,
  `INSPECT_BEGIN` char(14) default NULL,
  `INSPECT_END` char(14) default NULL,
  `STATUS` char(1) default NULL,
  `LOG_CONT` text
) ENGINE=InnoDB DEFAULT CHARSET=utf8;

--
-- Dumping data for table `cem`.`device_inspect_log`
--

/*!40000 ALTER TABLE `device_inspect_log` DISABLE KEYS */;
/*!40000 ALTER TABLE `device_inspect_log` ENABLE KEYS */;


--
-- Table structure for table `cem`.`device_maintain_log`
--

DROP TABLE IF EXISTS `device_maintain_log`;
CREATE TABLE `device_maintain_log` (
  `SEND_ID` char(10) NOT NULL,
  `DEVICE_ID` char(6) NOT NULL,
  `DEVICE_NAME` varchar(60) default NULL,
  `DEVICE_IP` varchar(50) default NULL,
  `USER_ID` char(6) NOT NULL,
  `MAINTAIN_BEGIN` char(14) default NULL,
  `MAINTAIN_END` char(14) default NULL,
  `STATUS` char(1) default NULL,
  `LOG_CONT` text
) ENGINE=InnoDB DEFAULT CHARSET=utf8;

--
-- Dumping data for table `cem`.`device_maintain_log`
--

/*!40000 ALTER TABLE `device_maintain_log` DISABLE KEYS */;
/*!40000 ALTER TABLE `device_maintain_log` ENABLE KEYS */;


--
-- Table structure for table `cem`.`device_port_info`
--

DROP TABLE IF EXISTS `device_port_info`;
CREATE TABLE `device_port_info` (
  `PORT_ID` char(6) NOT NULL,
  `DEVICE_ID` char(6) default NULL,
  `PORT_SN` varchar(60) NOT NULL,
  `TYPE_ID` char(6) default NULL,
  `STATUS` char(1) NOT NULL,
  `REMARK` varchar(200) default NULL,
  PRIMARY KEY  (`PORT_ID`)
) ENGINE=InnoDB DEFAULT CHARSET=utf8;

--
-- Dumping data for table `cem`.`device_port_info`
--

/*!40000 ALTER TABLE `device_port_info` DISABLE KEYS */;
/*!40000 ALTER TABLE `device_port_info` ENABLE KEYS */;


--
-- Table structure for table `cem`.`device_port_type`
--

DROP TABLE IF EXISTS `device_port_type`;
CREATE TABLE `device_port_type` (
  `TYPE_ID` char(6) NOT NULL,
  `TYPE_NAME_EN` varchar(60) NOT NULL,
  `TYPE_NAME_CN` varchar(60) default NULL,
  `STANDARD_RX_MAX` decimal(6,2) default NULL,
  `STANDARD_RX_MIN` decimal(6,2) default NULL,
  `NETWORK_RX_MIN` decimal(6,2) default NULL,
  `REMARK` varchar(200) default NULL,
  PRIMARY KEY  (`TYPE_ID`)
) ENGINE=InnoDB DEFAULT CHARSET=utf8;

--
-- Dumping data for table `cem`.`device_port_type`
--

/*!40000 ALTER TABLE `device_port_type` DISABLE KEYS */;
INSERT INTO `device_port_type` (`TYPE_ID`,`TYPE_NAME_EN`,`TYPE_NAME_CN`,`STANDARD_RX_MAX`,`STANDARD_RX_MIN`,`NETWORK_RX_MIN`,`REMARK`) VALUES 
 ('000002','1','1','1.00','1.00','1.00','1');
/*!40000 ALTER TABLE `device_port_type` ENABLE KEYS */;


--
-- Table structure for table `cem`.`device_type`
--

DROP TABLE IF EXISTS `device_type`;
CREATE TABLE `device_type` (
  `TYPE_ID` char(6) NOT NULL,
  `TYPE_NAME_EN` varchar(60) NOT NULL,
  `TYPE_NAME_CN` varchar(60) NOT NULL,
  `INSPECT_COMMANDS` text,
  `INSPECT_COMMANDS_EXP` varchar(200) default NULL,
  `COLLECT_COMMANDS` text,
  `APP_PICTURE` longblob,
  `REMARK` varchar(200) default NULL,
  PRIMARY KEY  (`TYPE_ID`)
) ENGINE=InnoDB DEFAULT CHARSET=utf8;

--
-- Dumping data for table `cem`.`device_type`
--

/*!40000 ALTER TABLE `device_type` DISABLE KEYS */;
INSERT INTO `device_type` (`TYPE_ID`,`TYPE_NAME_EN`,`TYPE_NAME_CN`,`INSPECT_COMMANDS`,`INSPECT_COMMANDS_EXP`,`COLLECT_COMMANDS`,`APP_PICTURE`,`REMARK`) VALUES 
 ('000006','4弹道导弹','4','4','4','4',0x89504E470D0A1A0A0000000D4948445200000060000000600806000000E2987738000000017352474200AECE1CE90000000467414D410000B18F0BFC6105000000206348524D00007A26000080840000FA00000080E8000075300000EA6000003A98000017709CBA513C0000290C49444154785EED7D077C545516B7F40E828228CD2E5801C5B2226BC50EBA7E2AE8BA585860D955D7B6E20A28C22AB02222A280842224900081104848482F04424212427A9F4CC9F496E9F3EEF9FEE74D060292082CF9F0DBCDFCB8BFC9BC77DF9DF7FEFF73FEE7DC73EF680722BAA4FD7511116002DADBC5C3A01DFC8B6C80ED04B41370F1DCFFB720BDED1ED0EE01ED1ED0EE0517D10BDAC1BF88E0CB73B0DF4220FA5FBE877602DA3DA03D08B77BC145F48276F02F22F8ED41F82283DF4E403B01FFDB01B8DD03FE173CA043874B3AFE2F4FB47EEDD9DB340BEAD8E1924E7DBA77E8D7A9E3259D7FED46CEF67CE78E9774E171CFB6FF6FBD5F9B12D0B767C7FE370FE932A657F70E7D2E04107D7A74BCF49E913D1FEED7ABE3800B31DE6F618C36256040EF8E031F18D9EDF1817D3B0E6EED6159A69EBBB7DFB4AB0774B9AEB57E570EE83AE2FDE72E5D32B05FA7AB7E0D3C2CB377B8AC4FA741ADF5EBD5BD639F9EDD3AF4FEB5B1DAF27C9B1200CBEFFBC81D7D9E1D35A4EBEDAD3D044B54C8BB57EC5FF0E6D055ADF51BDCBFCBB0953307EFBCEB86EEE35BEBD7A573A72E8BDF9FB0FCABBFDCB0A6B57E375CD5EDD63BAEE9766F5B02FC6B63B72901EC013FCEBD6FE347AFDD39F7D76E64CBBC31BB2316DE77A05B970E3D5AEA0B8BED1BBFE2AABCB7FFCFE5FF686DBCCB07F4BD5C913445BDF1CB6B76B7D6EFC6A13D6E7BF389011F74E9DCA1DBAFDD5F5B9D6F5302860DEE77B53AFB31EDBE1F27A6B1BBB7F410BD7B74EA9719FA78766CC853892C1D2DF57BF6FEC12F5B8E0F93B67C7D4B44EB1ED5A15341E28325B9076E29EED6B563F796FA8EBCA6D7EDB121E3326EBD7EC098B602F8D7C66D5302EEB8FED2BBEDF9F7B9F2778EAA1CD0BB653DBEFDBAFE775AF3473B8CD54F59EEBBF3E6FBCE74D34CCCCEEF5EDBE751DC4B55E9D7D60D1AD0FB8A961E6E78DF2E5797273CA672D4DFE27FE4FEE18F9EA95FA74E1D3B7FFCC6750B1C8A5BFDAFBF70CF1BBF06545B9D6F33021000AF485DFD6281AFFE5EF294F7A23FDCD56B5A4B0F316250F7EB1BD26E36FB342369CEF487E79DA95F0710B0F4939797FA14F791DFDC8D5E9BD877564BE3DD36A4D39DB5DBEEB37AEB2EA3E57F1FBCF14C5EF5E05D573F662D1CE3F7DA3A50F882ABE3BB75E9D8A2F4B515F83C6E9B11D0B767A7FE49EB661C24CD132469FAD3ACFBBBBDD7D283F4EDD1B17FD237B7E757EEBCD370CF4DDD1F6CB15FEF1E7D63363E97A829EEDFF8E5F4CBD6B6A6DD8F3F35765EEC8A31056F3FD37F7E1F48DCE9635E3FB8CB2873EA6817293B51C1CAA1DA1103BB5CDF9640B734769B11C05F78699FEEFDD72D9DB85511D7CD3E724087DB5A7BC091570FB8E7C5D75F8FE8D1BD7BDF96FADD30F4FA1BFF3963E1E6ED8B97968E1A3EF0B696E2051F1FF1F843331F993A7E7EF7AE1D7BB634DECB7FB877DE861F5FB1DE3B66F8531703FC36F580E0033DFBF0E46989EBA21B1FBC75EC632D3D64870E1D3ABEF4E6D7ABE7FEA4A2DF3F36E3ED96FA7DF1C7858B555B6D54B9DC444FDFFDECB32DF5BB6CF8C0EB37D487BAE7247E55D1115ADF52BFC7DFFEE7F2F91935D23DCFBF32FBBF92805E3D7AF7A98CD2682C09448BFEFCCDF2961EB25BB75EBD57AD2FD386EFB1D2C4491F2C6CA9DFEC6767BF2DE51069D6E8E8E509535E6DA9DFA557F6BF7AB735CEFB73FD76C7C06BAFB8B9A57E33BEF8F777B13A0F3D3EF3BDA5FF9504B065276C4C4DB32679E8CBE95FAF6C510721190BFF1D9FB933D64E139F79777E4BFD9EBEE7E967BD5912A97FD4D193773FF9744BFD3A75EDDC7DD9911FAAA39D8974EDB8EB1F6EA9DFD4F73FF92CA2D642F74F797DCE7F2501FC501B966EDE6C4DF6D0577F5EF67D6B0FF9E9C2A8C47D492E7AEEA57FB6688D77DD78D7DDEE341F35AC33D003231FF87D6BE3CD8D5E9815E74DA391136E79A6450F98FFE5E22D95061AF3E4E4B7FE6B09F87ACEF2E5F64C1FCD9BBAE0CBD61EF2ED8F3745C6A77BE99537BE0E69A9DF8D436FBCC99EE8F46942F474D788BBEE6E75BC8D1F4647DAF6D3C8876E7DBEA57ED3172D5B135A69A43B9E7C6EC67F2D01FFFA70F1624F96A0D9D33EFCA2B5879CF2878F3E8F0351EFCE89CC6829BB193270C4358DC98D4EF50F5AFADDADE327B436DEEC75EF456D35EDA1918FDCFA628B1EB064E596B02A238D9BFC528B81BFAD8969D334946FFE9FD3E77D2E0E134D99F197CF5B7B9817C7BF363336CB475F7C53A0EFD1B35FFF33F5EDD7E7CA21BAFD165BC35A334DB97BD2F4D6C69BB66CFA9670F31EBAED8931AFB4D4EFADAF566C09AF31D39D935EFC6B5B03DD62FC6BEB2FFE68DA27734536D1CBD367B5185CF91EC68C18775FFC213F2DFEB1DE37F0B2CB879DE9BEBA75EDD9BB3242AD6F586BA71553DFDED4DABD3FF9EEE485E19668BA7DF2B8375BEAF7DCDF3F59B2A3CE4A6327FD177BC0BBAF7EF4111330E5CFB34FF18007475FF9E09F26DEF0A7F75E1AF9DE7B93EFFC60E99B6FAE4A3C24D1F2752A5AF7D96BDB577DF0D4AA0D73266FD83AFF89AD3B173DB373C7E2E776EC5EF4C7FDA63D5A6FC33A3BE5CD8D3384FCE3C19035EF8D5FB3EE1F93D7ADFF78D2FAEFDE7DF4FBF97FFBE382850B3E5FB832764DE646D30E7AE1ED29F3AE1972D9B557F4EF79458F6E5D4F29373C32F5F599117536BAE7A5373E6E6B43BC681E30FD0F2FCD742377FF6EDEA288DB6E1D7CCF8C1747FF2D74D1CBA194FF2D514D14516D2C51D90FE4AA8AA61478C0B29FD454596E24CACF23CAC824E79610721E4055D9EF20BFC942F638071942AD54B5A48E248B8AA8FA205156364989C9E43AB08784D38E6725CAB51EA3F5C608CA6A38E2F7A90FF9AC793BACB57191B5993F7F9519B6785AD8A2B7C62E5ABA70F6BA70ADA0B73EF8705397CE1DBB5E0C12DA2406F4E8DAB9C7B89183C64D7F76E4F4F4750BB39CB944F6943A897470056B0D91F0CB20357FB971282D1B04AC5551769E95C862265151499EF40CF2D6D6CB5D25AF20F7111F39133C54B3B49EFC6E1CB43512E5E593949D4DB64D9BC9A70229781DB317D31AED164A54A705BEC660212A3886BE8544EA065C57490A452EEDD249B4F5608A54B26D56C9860F1FDEF0F284112F0FECDBADD595B40B49D40525E0E66B2EBDE5D3D7C67E9AB1FA8F1996941516AA4C225F8D8A9C8CFB61EF2F400713F88786772FC0CDCC9168C57A0D080058A7BF9AFAF98A257225FB48F1AD0A4EE10BF4F23711EAC367B91FC83464D14AD5068AAD4F0AF4B18328B39948AB0519F030BC1476374569DCF4434E15B9BD1E222FCEDB4A489919A20CF9F485903F4E1CF5DAB081BDCE188F2E140917848087470F7E64D792A9BB9C55894EB2D511D517111D3A4C527A264AD17A72E581804C3C60009BA65700F820013EAF440773FDB426D440470BE101FC6230838DFBFA05F97225F2A4F949F55303491E06BE69D026E003FD4180E3106D306DA724E501769D5FF0C907AAAC2EDA0D02BE3B5C466E499064B6E25E0B4FDE26BCD57870A571DBFC47B73D3466C8435C12BF50C007C7F98F0978F6DE11CF3ACBF638C96B3B096D491949A9A9E42FCC2347919DECA97EB2247A487201080944B076C8A09C24C0030D4ACBF65248B889B2F3CF4C807049B2FCB852BC54BF5C4342DF4462709C1364111D7795D26A4D1895D6451379D8A39AF56D82B8C4D4489BCB7554A483E59B0DE48E892147480859D6AF27E1C17D065F8D90B59CAFB00671D36BBF29026EBFA6FFED1587765534372FC9D1488E0307C89D9F2F1FF65924B26438C89A6620A183FEDA6B02E00B968F93A0B85C3E4AC870C904E41F67C024FC838573BC10F81B7D854F2273BC956CD14E328423469802C7835E74623C1021E15A9D534F7E1EC3E7688A3BA7928011C9E176620C3F02BA99BCC9C9E48F8D25C3E70BC85B550DE2F424B479C2A72FF651E12A4A5C3A31B167B7CE2D96B7CF879CF3F680AE5D3A750BFFFED370729B4838904A30600C072C47B25901D6E96E0F8BF22143913872CA3D4FB6267DB758BDA45439C8E3E66B015C73029AAC9B65C7ABF3C29B9A81DF74FDA956DEDC2C4EB7FE53B4F044474F610159BEF9862C21EBC9AFD38100C48AFA44F2ED7FD527E2A60AD7BEA9AE51C32F6FB1BAFAFF8C805EDD3AF77AF9A11B5EB61AD456C95A2F099FEB0C4F0400BD00BBAA8AA80159C729AFD3003905C066E4348F01CDE4E5048127AE3B6DF873F9288F8B7B655984577AEB1458F26C9240274830959294325BA2FD53C9B5E755D79851578D3D1FA05BBAE6BC3CE0F2FE7D062E9A76C722436E9841B6522FBB78C0034E793568883233A971F56AB2EFD9038B0EF6E187E6BF9BACF884379C3EC0192C97BFEF743A5D2E92745A92B44857BD902F09F7E383B430A87ED72FEECDABA89375DE538658653307FA367F790C0152408028DD2244E24C612A4D204D6DA9346DEAA40B5AB83B2F02B8CEBFF7C70FF692DB8A872E90FC29FFF08BD2F0801730196C39FC42CAE7DD1F4786458B6402840B0F1ACC565AB0526F5D1DB99AE2C72FBA30507605914B1F08AC3E7C7F653189B47492E2E3C9B7378A5CB13BC95B8A999F1B205AE07DDCEC4ADC13D24F37A79F3E32AFFD91EA1E7C882C1B36924F5947C28B713D4822788ED2709844FE0A216A63D1E284A5325968D5B5A48253D44241BF5934A7D5CD5EE7EA1DE74540EF1E5DFBE4457F9B2703844027AAF60A51B419B32480A248C6EC34E6047602998FDFEAC42C1671C181F39CA6725681EBE487F623367050769BC916B6999C0045FBCA2BA47DFF7D92EC81592D7960A5DC1C6A5C0F902CE57280F42A6AC9BAF00BF2237BE1AC4B6465916D5D0899D7AC8565E3BBECB50015CD0532303E7903E3F90D66726352E6D7804C33083222F5ACDA8D67D880F693902A2224A97A9764511E1735FC48B8D46E3390A9D14DDF2E7877EDB982DC5AFFF322E0D2DEDDFBE7452DCB2309998C1D6EEFC183F9E0EA965A12C9EF0B91F2BE205526AC2997C4F110411A940B1C88032C3B1E98125B235B65231A83E3359033763D35BC3089A8A898ECAB5651FDA4C99801036C09E33AD0CF86ACC48AC604F2770A64BE0A0519BEF817790A0AC9B66D3BE9DEFB80749FCC25CBA630C4FA2662837300F618FE4E6E0E1880BD02A0EF14A2F047210A560A51B25E88FA034282E63BAD0D6430DBA816C02B4D3E3259ACE4B069C9EA70D04F5FBD137A21B7DC9F17015C3749DBF2599A4C8017334C07248741B5C1DAE0C254174F54FC3389F44F85887B4B88F81942EC7F4388CCCF04D5A7007448015FDB6C82E4D3C303368682B01239DDF4DB017CF3D799A40BA2E7AB4579C105ADC63DB83213C911B58EFCC5FB61E6415D47A79ABD240ECE15226B9E10873F1322E74B21F2BF11A218165F172384A904CA69249BC3456AA4CD35265C02BE6AF15E6B1464B65AC8D5D840E6462785AF5EB40F7B882ED856C6F322805D6AED3F5F60570CBC181C0693F36D4E35919ACA12636317C734C15882278927910900F64E152261B610073F17226F152C2F4CC812A64A15D2F11049CA0F91643950C4A1254387E3D127548863EB84506620718727E9319F40F14EE4C1720FBC09824172C24C2152FF2A4412C84EC4E7C35F08511D254445B810B94B70FDF7C287711A6B52845955443ABD8E34162F6971BB4A3454A509CBC3A44053618266501C17F5463FD570266AF293DD6E20BDDD4BBB42572775ECD8E182FD3EE1BC099835F9F6BF781B0ACF3CC79749699A40B1EC3039EC294C889A3D04DB24AA901555441255EE92C1E463A26A8F10C622001723A4CCF992C85A204436C03BF2B510C7370952A6E3FA2C5CB783C4111CCF8115E77D2F44DA1C21D2FF217CB92B84AB689B7056C60AA702D997FA185975D56434E949676E2425405620EC2800783D80569A7D7897501A32931DFD5C9A52381312BBFAE3A8D5A553B549C003E00D68068B8D2C562B2D5DF8F10F173D06F00D4CB875F0EF2BF7CCAB3CE905009A03EA89DA0C3E9F2E1BFC99B324D66317BCE444C313CAD7367B31618D08BA41DD3EA1DF903A0EA6F2184DD910E28254B1436811E8EB704A06B9A9B165A3E44F0ABCABCD2E643300DCA021ABBA900C7A1599F51612D5882DE5796805401BE343839C4AC709F09900ADD94136AB811EBD7BE4E3BF09026EBF7EE01D0D45292767589C9F3B38A0427B59DF4F4813572883F9FEA9189FAAF14D93A1530F06AEE5B183B362A6585708794A1142972FC8AE22A12C11A2ECA068546B4865F193D202CBB622DC0074252C5C6D7693CE68248BAA94342041ABD7924D55452EB58304EB0EB386A549AA462CAB4290E656AD05FF5EAA6659020126AD954C3627BDF4C4B8169738CF8798F396A021037B0F5597E7C04483710040D938BD8465637E704ACD5F8E115C93E132C499CB00819A4EF38959CB64717D4614AC13D2C1F99274648D441565244A0E0BBBA28CB4262F9955F5D4589E4AE6BA236444CDDF580F6BD754915E5B4B06550919952564A93B46DECAB280BED4C1DB6AE126B5B8EF1A1851650D92886CC8DC36612F4E2347451EB98E2708BDC5415F2D5CB0E27C806EE99AF326A053A70E9D77AFFA60F72930F14489E7029C92CA1912E4A6B9B4C8F2C3F5A0260FF905C6CD67BECC1508E160CE52D59CE8E0DF3CCB35229D2C42FA589C410D0607B994B0E44A587039B2A9B25C4CCAD2C9559248AEE203E42C4D179EDC30E1C9DE243C85F188334841B34305834D55486DE5B4A749B3A05BE208FA25CF15FE036F0B57EC0CAF0655D3C4A494C35DBA74B960AB67E74D0033BAE02F4FF15693805533D0ACDBFCCE043078C1145506BCC9F2FD9C2D718A79BA279CA96086634E23CACE25C87EA0CD72FA8AEBB944A0CDC52A0EC8C478DE8A38A187D51B353A92AA11E8398FE4243E282915986C959712951EC7F227D62A586264AB87B154C36B2B1103AA71AC1612846B3D082066AC1398146A6AA85790A538866C71EF39EB2BF23DA5950AEDD021570DBB505EF01F11306DD2F8D703A5650EAE7820B9FE02025882D8DA65D901D82C3DBFA8C99C498A9A4860F24E8F1BF01C6157A1CECC0463669DF5B55FCA5A2189829DC2753C56D8CB32906A22652D2F47EA02F0EBF0FD0C324B4C25720506B90A9338065C8ECA7C1E8D2D9EC1878C5135421AAE752A1B49610864400A2852BDC143DAF2437E754DA9AFB2566D1A3A7CC4D5BF090266BC3061E6C9AC275824636F00E09E266F60EB978B62DC7876CAE929FAD8E0F25600C2809EF115F48866019CAFE772067278713C15E9E916211DDE8838102A89C234C1DA2D4A8E0A515A287C9555C2598F1A3F5B357B82DC0074699E2C4F548D4261354218CB0E4812C53990A3CDC255102D993436D235D8A95EEFA63A839FEA8C12887093CAE8A2E3E5B50D83AEB8F2CADF0401B39E1F3B4B06F44C2F79A6DB34DB65EF08CA53B0F2E980B66B91F69960795C133A633C3821FC01C9B2C2626B005A1583074B86458B8A6ACC68B3D1723161CB1552EA17927FDF9FFC9EC48FFCC6D224A1AD2F13E63AE4F73535901623F98F237BCA8D84EE838832C409F6981A58BE02DE5B6D20AB42236A31F162C0953A1BD56B6DA4363A3139F3A12CE1A7B8F8F8DF4E0CF8D384EBFE248C852DA43538CCF2C396CFF51EA48BE4C43B831DDC15C1E4F1712348E07327236DD3ECBA59ECC0A23D29B0F873245448698B2591BF57C8162DE7EDB8B60684A2792B2BC852B45734667F27DC697385E3F0B7C254BC4F681545A4C1228BB6AE485810949D05D1C25B1027FC0589925498224995E564D278C8DCE0433F8F6CFD0A488F428F63462D39CDF5A4466ABB76D1AC5637849DAB67FC473160CAF8E153FCDAFC261768C60303CC998B096508CE8A98041968B8BE09954C3BAC9863021320C70CF4399317E09CD06366DCA8411046AC513A51CEF84E4831AF4B22270C22CDF201EBE5A0CABA8FE6AD77220D8584A0CCAC03E8A6F214B21784912D3F5418AA0E9346A32615B219151689B4B585C254962EEC85FB84A9AA0096CF430AE4FDF000B43A3425D25A87056B0DD64A32630B4C4CD88A8C7305B9B5FEFF11019326DC3059D6FA602614CCE55D008303313218D67914CA844C4223A44387E219CB0E972550E042420E42F0CE019C3D8649332168CA99125E9C053540D7B535408683263C88F53B50290BE4EC1C4011681BEB0D6468F0921541D48899AC4E63A2064D3D69D520A3BE8C0CD5396879D4A05280042B29F58DA4D2DB408A0EE7AB49A3D606800709ACFBDCB81AEAB46003800D5B57AC2ACCA4057DBA70F9EA0F166CDCF2EDE6833933E7AC5CF3DC4BB3DEB967FCE3CF0CBF66E4CDDDBAF538A735E3732680B766F4EEDEB9F7206CF57B67EAF877654B3E453A9A4A1272F08575DB019619809A918530314C88EA90205D7E80082B88600F70A1D994241469422ADD21F98BC3FDBEF2689FAF2CDAE7571FF10B2DB640D48124CE6C4EBC3765315518A334971CD5C5A4552AB1EFCA4E6A1DA40432A2C54A99B1AE800CB505A455558310259A0A60ABD1CF800C078196B9445318B0DF885B13F84C80DAE426BB594F3E2E7760C1C6817581EC32EC27CA74D0DE2C7E7753749693F61FB653C261BD2F3226BBFA9B955B6266BD3D77C9DDF73DF264EFBEFD5BFDEF5AB44AC0B0417D863F7ED7B0C7673F77C7EC157F7F6C45F437AF47E76EFB676E45EC920A6DF212AD21634533E10EA6903CA3E5D2010860D00DC5811A3EAF36C90B31D81DA141C0AC4B429D17D6CE351E3985E574952772BC2B0E2481085F6198CF736899C715FF779727E37B8FA85607BC804B078C187B02524A5F5539392B8E53634D1DD9AA8E91BEB610041803C1D38C3D44284DA84D4ED26021A60171A0A181495092A6414B4AAD452E39B333055B1D3E071B972EEC563DB921A14E1BD609B0B89471CC463BD39C1473D8430947DDB4FF8887F66479681FB6D56416F92807041DAFB491B2A696B2D392D473FE31E7DBD1B78C38E35AF22904F04E8727C60D7BE2DFEF3CF9EFF4CD73D3CDC722CDA43B0AEDC6E4851741785529B8D6CAF5FFF2AD24EA0F9E168499004E1DF10298A23C1AB9F91E215B3BEB3FA79EBC28C325EBE0848CE712C1C61335260FE784A54648AA6C492ADF23F93297F8FCC99FFB45513648604F60296A206F8D82F42A0300B50274044DC847BD11BB2B6479412A09095160FB8A7CDC8C822A244465E57A915706B939F03C7FABC6237293FFE62A05FAD8B067C887A55013624099C64B511976DA95E1A4DD992E8A3A88CD5D788F8637C4E77A2929DF47E985DCFC94795CA223A55E2AAEB490A2B2DCBF75E59C1DE3EFBC717CF3982013D0037B5D1E1D37E2B1D8557F89251DD653B9CA189C54F1248A81E289955C85C4837339415E43AD9257BC44E1CF42E84B4F1281B820949019D4864415264747D70A326226CACB7F1696223C1D83DC7C371B1320CF1382E92B4B18BE97B3235C2BAAB03E70789520969BE0240BDAEF288A23B5C1265BB912D6CEFA1D0C0F012B6E0AA82081CFD5CB1EC10434F56DB27C065C8D1860AACC267D0D3226550329214F56B3490EC26694A3553A3BC5675B01B81316EFA648EC638A4C77D20E7843629E1BD2E4A70C807FB8C843D9251E10E0C5BB97B28AFC5480C7566B912054A4F9A63CFDBB2941122EE9DBAB6BBF2533EE5FE2290AC396333C2C074B960419E85F694C0CAFD3966F2191BB1CA6859A0A03D88875E2236B0459799702C60AD687E45A103ECB411A9ACFE7821333998026EB97D7127816CDE703335F5E90A1121887029F5982EAF15E104BCECC7F61E1C47362F5AAB94507FE3E1950E5BF39C0CA41F697D6AFD618C99DB745B8CB0E08B7BA84EC262D592C26C81766C26A1DE5E454535C8E9B920A3C142BCB8E9BF61E620972D3A1521F15D4489457E5A732A58FEAB45E78A007B2E701711E481DBFC348F47E4AD91B9ADBB347CF3E4CC225F78C1A7CAF62EF270A79C71A03FA6BA09F7E5E0698A318763DE42DC3E406641CC14A55794C0BF3037C2D5BBE9CF5043769B15E3549974C0897A04106961AE5A5450ECE5874A16358CEACC371DE9EC0327474077913DF11CA0623164F4E6AF82F4938D339281966B9F5F24C3740884EA327BDDA403AA49E7A68BF9ACBDA162C69E3BDBAAC9AE20FDB281DB2925CE0A37DD0FFE47CAF0CF8B15A3FE59473F3D1416CA22BA9F7A3042E61F2066F03094C40B0A9E191098999655DBA76EF2113C081B634F22314CAB1887E2ED6DF9C085E03E01851B185A8F05B6C01FF12397B42B3EC28F867B3F820D78F9AB683B8E169C15A925C5BE24C0AE79C3C5F80D7184AC993BF55786BD5242103129C0555A10A9AB7135E518872830193270089FA8DDCE41A0E7FE6543260E932C87A2E29049A5C5EC031AEF9707FCE84EAE098A85E003C2F8E7BA942E5A45214EC0A2AED9474B4510EB88998F6241DF383043F1D84B430E80535901D78405E958FAA1A003AE44E6EB2F5A384116C7A2CF02B4BE987953FC50D1C3CE2EABE7D2FED7F49E74E1DBBCC7A66D4ACA321AF1F95CAB661F72B82AB5CD90CEAFD5948119321EF07C2B5FA5C809F8808B61D4F9216D8C9C02565B6782FEF9CE06C08D90B5B3A7651C859126F1D61EF6359E2057E3E2FEF5EE0C0CF7BBF7CF2BE1C9EF072714C89A6029830582CAEE02BB53ED46ED007C702D60C30656019FC600BC891EC1D0C36FEAED73BE5560B59A8D1BAE9588D87F24ACD947DDC444939168A3D68A2E8742BED3F64A5B47C5720B016FB65B065E0AB7D54AE4290C7F7D683542540972DDFC8F772127C25B6522A71DEAA2CA2AAC331BE57DFFA74C1B4BF2E5E3A68F0F0117210BEEAB25E57CD7E72C4ECBC8D338E53C1F7002E39202BC112F3D9CA1293169C50F1F5DA43880F3F63AB0996518B57230B4239B8692C61410D47771C2B5AB072949A85123FA56422E42D824D12C5E567B992EA23174A114607B218D467EA609D72A06DB25AB65C5E4C47A52260C9419D6F3ACFFB7A4E349C53EB2CC8943C5487CCA9A8CA4A29476D1493A1A71D2976DA9E6CA5C83404DB232E4A3E0AD08F794F6634653E90E4A34A0DBC0BA0AB003603AE86D47053610E71527238130329B07ABD56870D2387FC357929226457A96AF1EAD4CC8993DE9C2E4B50301AF7ECD5B3DFE42726BEBE75DDEA23DA431B11F4009A0A32E28435CA35FE26B9385B32385362AFE0DD6846CC7E15D82A52BA1ED21101538E245188DD67653F0BF618CFD11F3DCEDD7F74BAA2DF70B9133E74FB727EF0F90AB7F8FCB549D88E80B943B3829F54B04618CBD30426BAA434BA29B7C444C9B9563A5A6A0530A8E140B3154837D9C2B99653D76017E52A3795A1952A5D5458EDA0C2329DC82EB28AFD0099B398C8F4468AE4CCE6A003590EE426CF296730F9E54821E115DCCA10FC6B1158D5B06EB9C10854DC4ED378155B3B3C4AAD6BC49A4215198A621D951911A6F4E4AC46902B2252DDF4E9D21D5158D3E9760A014122FA5F76C5954F3FFFD6DF7E5CBBE37045C64EC993B726202726CC5C79771AA78672367396D2142482AFE138A145A6C4BF0DAB0C47DB8AA0BD51F61051B04CF8B23EF3F9323EF1F9333FF1FB33E7F83D6973BCA6DD6F5A2C07E6581B73D63536662E6EB4EE9D692F2C518ACC22271DC8F351187E85BF05BF98D992E4A388743FC5E2071CFBF1430F9E14C56459695F9A9676A55A2832D54A3B532C62478A15966EA3EDB0F65DE976DA9FE384A623652CF6D0D10A0F155679A8A4D683622BC89433170FA901B2DC4E04D3A0AE9F1A6095C872547A2F1E3397ECC7B7BA8F2785196263328D5B0FE83D5BF19B86ED692E5AB939B768F0906BAE3D9186369F1434FFFBB28143863EF3D2BBEF7FB73E39FF287EA7A53914469E9270941112211B98547959A23893616DE7B4F52C624630D0CA04F2640CBAC1933B8E1D264CF634A873D5C791BF3A5AF8EB0E086F4381E4501CF158F2B6DACD99DF5AF4711FEBB5311F6AF312775B9213B21A93F7EE331DD8B9431317BE49B13F74754DCCA61595BB4323EA7784EDAEDF111EA78EDC9DA53B70C8E84BCC314909B981169F6B1589798DB07017E5957B10600380D7AA9BC066C09B406F9EBD9CFC3B00BEACEBB0749619155B3CBC41A7350A63598AB7E260B4232EE158E3D6048B3708FCCE74177DB9323E651082EF2F26622D91C0C79988C79FFBF3AC79CBE392230F28BC075373A938733F8AA0D15E57F93EAFD062C265AF24E16E10C26B11C207A1662F39410C7B0AC03EA59DE63DCD6347F03A26499E0C720B8C275C46219C7A81BA8CCF6BA9F4BA0C252E6B7D8E55579EA2D314C56954057B54EABCDD6AD5D12855D5C1ED75E5D971EA3AB54DAA53BB5130758B72855B94D5B9055BB7A2A15976226729CDADF99716CE5A7E0270F4D56AB157545D451645BE30576549EAD223525E6EB13F2EB5DAB72DC529B6A578687B2A2669E90E0A8DD35ADF78E7AB7FF7BB6CD015A7637DD6C5B86EDDBBF7F8DD43CFBFB0E887F4AC9FF75BDD114916DA97544369C947E958463229B2F792A5700FF9AB6260C969240C58B36D6462B420C6269322BC0E213C7621DCA80770EAF90B624E27EAB4CFFC332826EB446B5AE89167E94DD5D4604D8989C3E65CABF29850EB5013D2B9841AC5392ED0F1DF81D69C842001ACEB81A6466B4096A443D03636A8B197A8841A6B3385A37CAF643916E1ADCDD9E7C93978D81B9F5AEDDF956A02E82EDA96E206F00EDA81169E6CF17EF255F8EE9B6FBBE7BE968CFCAC093811AC7BF6ED3B7ADCA38FBD327DDE82CFBF8D4D0CD9ABB36E4970D396038D141EAFA7E8F80A4A4AC8A14349A954941E47CA2351642BDC095989C542FA61216C95025BD0F04B1A58B3D72A93132005EF72C331F93D788C3F7383779DB105CF377FE7316DC28B7D43282F887A9D0FCD8BE617F57A497E8784080450264568F40ED1A0B3092D2444D7D0201A940A495353E657941678AB0A73BC65470F798F6665B98E6665FBB232F33C491995BEBD691A6F44B2DD0FC04538408F48713601DF2842E31AACF3BEDEB9F7AE7B1F99D89ABA9C3108B7C8D425F85140A7CE9D3B75EADCA5736784F0EE3D7B5D3E68E8B0D1E31E7AF4B9296FBFFFE1E7EBC3BE0FCD2DD91CABB5F10D6D45700C4B7253580252BB035ADA77A094B21253A934358A1487A2489717459692786C54CE27AF911769B0B3DAA112C2A581CCD4CBDE430E54455D0DD8FD8095300F0880C4A12E0C4F8247E19DBCEC21667819C874A15CEDC65AB14B27840355535301B9EB5284466340330994A985A1AE44986B7285A91EF34E459DA8ADAA1355659558422E960AF38BA5DC9C5229F3509514975AE5DE97A2F044A5347823934DBE1DA98D52448AC3179EE69122D2DCC8645CDC00BA43069DDB4E64533F841755BDF3C9F76B6F1F3B7E426BFFF9CD738A0167228407EFD8B163272683A9E8D5BBDFA583AE1C7EF5AD63C6FFFEE91766FCF59D4F7E0859BA3AF1E086DD95EAED894617570E231184B6A74317D3D8459DB4331525DD24831495A213B1E91A4A3D544747722BA930BF848A8F1EF11767EE73541F8EF2D41FDAE6D2E7867B4D05BB7C96A268BFF57894C75112ED3317EDF31A0A635CFAA25897F578A4CF5AB0CD67CB0FF3DBF2B7FA6D4737F91DD92B2447F62A61CB592FECF95BC891BF093FFC082157C10664283B282BAB54EC48328B9DC966C1E9214BC60ED66C642A3BD1B8D08692B3E03495C1E5F233F791014F435FB488648B67ED8E929AB94BC2773FF6EC6B6F0C1C74E555BF66F1E71D035A1B9809E15FCD3021EC19FD2E1D3868D8D5A36E193DEEE1899870CC7CF39D7FAF98BB34326659C8C1BC9F7696D787C535D876A458BC98F048BBF10B4A99207E6090C40080201191DCE80B4FB679C3138D9E8878AD7B5B9CDA15BAB7AE715B4CB523627F8D6B5B6C9D6B73748D353446D91899A8F5EE4A314ABB524C62578A19CD24ED4E358BDDD0E5A85483884A33531466B47B32ACF27B54BA4D065306BC49AF83EF418B96751C20472288FEBC4F69FC696759DDA6BDD59AD511C7CA3F5BB63B66DA5FBEF86AECDD8F3C76E9805F06D67321E19C63C0B90C2E6B1CC861627AF6EADBEFF24143865D73C31D63EE18F7C8C4DF4F9CFADAE429EF7EF8DAAC7F2D7DFBD3759BE77FB33761D986ECC2B59195EACDFB758D5B13CD9EB078A32B34DEE00C4BB078586FB726E0D88140C36789010C00C6EFA7B6087C665DE616DEBCF1F1A6EB4E80CF169DDA28C29330769CD6BE29BAA6E1BBCD3985EFCF0FF979F2CBEF7D30E1D1A9AFDC3761F2F337DFF6C00436AE73C5A055E3BD90839DEF582C6741CFB96AD8F5378EBAFD770F8C1BFFCC73F73DF8FC8BF73FFC7FA63CFCD49FDE9C3CF5EF1F4DFBDBE2657F9FBF7ECBFC6551FB97AECB38F27D6841D99AEDE58A8DB0D0D0787D63D801932BF480D1B935C1E8DA1CA332FF1C55A75FB3ADB8FAFBCD7925DFACCB3AFAC5F29884390BC323DF9BB771CB5B7FFBFADB57DEFA7CE1F3AF7EFCC9E393FE3C73DCEF9E9D74DBD8871F1975FBFDE3878DB8F9967E975E3E905DFA7C9FE96CAF6B730F38DB1B399B7E4C12AFB10EBC62D8F0ABAFBBE5B6EB6E1A3DF6FA91A3C7DE74CBB87B6E197DFF03C176F31DE31FB8EEC6B1770EBFE98ED143AF1D75F31543AFBD6EC0A02143FB5D3678708FDEFDFA4128BB71427136DFD9D67DFEBF22E07CC1E01075BED7B6F575FF1304B43588FFC9F8ED045CE4FF93523B01ED04FC6FFFCFDCDA3DA0DD03DA3DA0DD0B2EA217B4837F11C13FA772F47F92EBB65FDBB2CCB67BC045F680FF0B010C527AFFAE62FA0000000049454E44AE426082,'4');
/*!40000 ALTER TABLE `device_type` ENABLE KEYS */;


--
-- Table structure for table `cem`.`front_host_info`
--

DROP TABLE IF EXISTS `front_host_info`;
CREATE TABLE `front_host_info` (
  `HOST_ID` char(6) NOT NULL,
  `HOST_NAME_EN` varchar(60) NOT NULL,
  `HOST_ABB_NAME_EN` varchar(60) default NULL,
  `HOST_NAME_CN` varchar(60) NOT NULL,
  `LOCATION_ID` char(6) default NULL,
  `HOST_STATUS` char(1) NOT NULL,
  `HOST_IP` varchar(50) NOT NULL,
  `HOST_PORT` varchar(50) NOT NULL,
  `HOST_USER` varchar(50) NOT NULL,
  `HOST_PASSWORD` varchar(50) NOT NULL,
  `HOST_PROMPT` varchar(200) NOT NULL,
  `REMARK` varchar(200) default NULL,
  PRIMARY KEY  (`HOST_ID`)
) ENGINE=InnoDB DEFAULT CHARSET=utf8;

--
-- Dumping data for table `cem`.`front_host_info`
--

/*!40000 ALTER TABLE `front_host_info` DISABLE KEYS */;
INSERT INTO `front_host_info` (`HOST_ID`,`HOST_NAME_EN`,`HOST_ABB_NAME_EN`,`HOST_NAME_CN`,`LOCATION_ID`,`HOST_STATUS`,`HOST_IP`,`HOST_PORT`,`HOST_USER`,`HOST_PASSWORD`,`HOST_PROMPT`,`REMARK`) VALUES 
 ('000000','d','','','','N','d','d','d','d','d',''),
 ('000001','','','','','N','','','','','',''),
 ('000003','1','1','1','000003','N','60.209.94.194','23','ecode315','password','$',''),
 ('000004','2','2','2','000003','N','2','2','2','2','2',''),
 ('000006','2','2','2','000004','N','2','2','2','2','2',''),
 ('000007','3','3','3','000002','S','3','3','3','3','3','');
/*!40000 ALTER TABLE `front_host_info` ENABLE KEYS */;


--
-- Table structure for table `cem`.`location_info`
--

DROP TABLE IF EXISTS `location_info`;
CREATE TABLE `location_info` (
  `LOCATION_ID` char(6) NOT NULL,
  `LOCATION_NAME_EN` varchar(60) NOT NULL,
  `LOCATION_NAME_CN` varchar(60) NOT NULL,
  `REMARK` varchar(200) default NULL,
  PRIMARY KEY  (`LOCATION_ID`)
) ENGINE=InnoDB DEFAULT CHARSET=utf8;

--
-- Dumping data for table `cem`.`location_info`
--

/*!40000 ALTER TABLE `location_info` DISABLE KEYS */;
INSERT INTO `location_info` (`LOCATION_ID`,`LOCATION_NAME_EN`,`LOCATION_NAME_CN`,`REMARK`) VALUES 
 ('000002','到司法','斯蒂夫',''),
 ('000003','DF','DF',''),
 ('000004','DSF','AFDS','');
/*!40000 ALTER TABLE `location_info` ENABLE KEYS */;


--
-- Table structure for table `cem`.`maintain_commands_template`
--

DROP TABLE IF EXISTS `maintain_commands_template`;
CREATE TABLE `maintain_commands_template` (
  `TEMP_ID` char(6) NOT NULL,
  `TEMP_NAME` varchar(60) NOT NULL,
  `TEMP_DESC` varchar(200) default NULL,
  `TEMP_CONT` text,
  PRIMARY KEY  (`TEMP_ID`)
) ENGINE=InnoDB DEFAULT CHARSET=utf8;

--
-- Dumping data for table `cem`.`maintain_commands_template`
--

/*!40000 ALTER TABLE `maintain_commands_template` DISABLE KEYS */;
INSERT INTO `maintain_commands_template` (`TEMP_ID`,`TEMP_NAME`,`TEMP_DESC`,`TEMP_CONT`) VALUES 
 ('000002','3','3道非道','3地方四谛法\r\nty\r\nfg\r\ngfgfg\r\n\r\n3\r\n3\r\n3\r\n3\r\n3');
/*!40000 ALTER TABLE `maintain_commands_template` ENABLE KEYS */;


--
-- Table structure for table `cem`.`maintain_team`
--

DROP TABLE IF EXISTS `maintain_team`;
CREATE TABLE `maintain_team` (
  `TEAM_ID` char(6) NOT NULL default '',
  `TEAM_NAME` varchar(60) NOT NULL default '',
  `REMARK` varchar(200) default NULL,
  PRIMARY KEY  (`TEAM_ID`)
) ENGINE=InnoDB DEFAULT CHARSET=utf8;

--
-- Dumping data for table `cem`.`maintain_team`
--

/*!40000 ALTER TABLE `maintain_team` DISABLE KEYS */;
INSERT INTO `maintain_team` (`TEAM_ID`,`TEAM_NAME`,`REMARK`) VALUES 
 ('000002','ER','ER'),
 ('000003','DF3','DF3'),
 ('000005','二二地方','东方大飞');
/*!40000 ALTER TABLE `maintain_team` ENABLE KEYS */;


--
-- Table structure for table `cem`.`maintain_team_device_map`
--

DROP TABLE IF EXISTS `maintain_team_device_map`;
CREATE TABLE `maintain_team_device_map` (
  `MAP_ID` char(6) NOT NULL,
  `TEAM_ID` char(6) default NULL,
  `DEVICE_ID` char(6) default NULL,
  PRIMARY KEY  (`MAP_ID`)
) ENGINE=InnoDB DEFAULT CHARSET=utf8;

--
-- Dumping data for table `cem`.`maintain_team_device_map`
--

/*!40000 ALTER TABLE `maintain_team_device_map` DISABLE KEYS */;
INSERT INTO `maintain_team_device_map` (`MAP_ID`,`TEAM_ID`,`DEVICE_ID`) VALUES 
 ('000004','000004',NULL),
 ('000006','000005','000004'),
 ('000007','000002','000004');
/*!40000 ALTER TABLE `maintain_team_device_map` ENABLE KEYS */;


--
-- Table structure for table `cem`.`maintain_team_user_map`
--

DROP TABLE IF EXISTS `maintain_team_user_map`;
CREATE TABLE `maintain_team_user_map` (
  `MAP_ID` char(6) NOT NULL,
  `TEAM_ID` char(6) default NULL,
  `USER_ID` char(6) NOT NULL,
  PRIMARY KEY  (`MAP_ID`)
) ENGINE=InnoDB DEFAULT CHARSET=utf8;

--
-- Dumping data for table `cem`.`maintain_team_user_map`
--

/*!40000 ALTER TABLE `maintain_team_user_map` DISABLE KEYS */;
INSERT INTO `maintain_team_user_map` (`MAP_ID`,`TEAM_ID`,`USER_ID`) VALUES 
 ('000001','000002','000000');
/*!40000 ALTER TABLE `maintain_team_user_map` ENABLE KEYS */;


--
-- Table structure for table `cem`.`sys_id_creator`
--

DROP TABLE IF EXISTS `sys_id_creator`;
CREATE TABLE `sys_id_creator` (
  `CREATOR_ID` varchar(40) NOT NULL,
  `CREATOR_VALUE` varchar(40) NOT NULL,
  `CREATOR_REMARK` varchar(200) default NULL,
  PRIMARY KEY  (`CREATOR_ID`)
) ENGINE=InnoDB DEFAULT CHARSET=utf8;

--
-- Dumping data for table `cem`.`sys_id_creator`
--

/*!40000 ALTER TABLE `sys_id_creator` DISABLE KEYS */;
INSERT INTO `sys_id_creator` (`CREATOR_ID`,`CREATOR_VALUE`,`CREATOR_REMARK`) VALUES 
 ('DEVICE_ID','5','Next ID of DEVICE_ID'),
 ('DEVICE_TYPE_ID','7','Next ID of DEVICE_TYPE_ID'),
 ('HOST_ID','8','Next ID of HOST_ID'),
 ('LOCATION_ID','5','Next ID of LOCATION_ID'),
 ('MAP_ID','8','Next ID of MAP_ID'),
 ('ORG_ID','1','Next ID of ORG_ID'),
 ('SEND_ID','1','Next ID of SEND_ID'),
 ('STAT_ID','1','Next ID of STAT_ID'),
 ('TEAM_ID','6','Next ID of TEAM_ID'),
 ('TEMP_ID','3','Next ID of TEMP_ID'),
 ('TYPE_ID','3','Next ID of TYPE_ID'),
 ('USER_ID','10','Next ID of USER_ID');
/*!40000 ALTER TABLE `sys_id_creator` ENABLE KEYS */;


--
-- Table structure for table `cem`.`sys_menu`
--

DROP TABLE IF EXISTS `sys_menu`;
CREATE TABLE `sys_menu` (
  `MENU_ID` varchar(50) NOT NULL,
  `MENU_NAME` varchar(50) NOT NULL,
  `MENU_TYPE` char(1) NOT NULL,
  `MENU_LVL` int(11) NOT NULL,
  `PARENT_ID` varchar(50) default NULL,
  `SORT_NO` int(11) NOT NULL,
  `MENU_URL` varchar(200) default NULL,
  `MENU_DESC` varchar(200) default NULL,
  PRIMARY KEY  (`MENU_ID`)
) ENGINE=InnoDB DEFAULT CHARSET=utf8;

--
-- Dumping data for table `cem`.`sys_menu`
--

/*!40000 ALTER TABLE `sys_menu` DISABLE KEYS */;
INSERT INTO `sys_menu` (`MENU_ID`,`MENU_NAME`,`MENU_TYPE`,`MENU_LVL`,`PARENT_ID`,`SORT_NO`,`MENU_URL`,`MENU_DESC`) VALUES 
 ('AppInfo','应用信息','I',0,'MENU_ROOT',1,NULL,NULL),
 ('AppMsg','应用消息','I',0,'MENU_ROOT',4,NULL,NULL),
 ('commDeviceList','设备维护指令','M',1,'DeviceMaintainList',0,NULL,NULL),
 ('CommLogList','维护指令查询','F',2,'CommLogListJsp',0,NULL,NULL),
 ('CommLogListJsp','维护指令查询','M',1,'DeviceMaintainList',1,NULL,NULL),
 ('commLogView','维护指令查看','F',3,'CommLogList',0,NULL,NULL),
 ('DeviceAdd','设备配置添加','F',2,'DeviceListJsp',0,NULL,NULL),
 ('DeviceDelete','设备配置删除','F',2,'DeviceListJsp',2,NULL,NULL),
 ('DeviceEdit','设备配置编辑','F',3,'DeviceAdd',1,NULL,NULL),
 ('DeviceList','设备配置查询','F',2,'DeviceListJsp',1,NULL,NULL),
 ('DeviceListJsp','设备配置管理','M',1,'MainListBase',6,NULL,NULL),
 ('DeviceMaintainList','设备管理','M',0,'MENU_ROOT',97,NULL,NULL),
 ('DevicePortAdd','设备端口添加','F',3,'DevicePortList',2,NULL,NULL),
 ('DevicePortDelete','设备端口删除','F',2,'DevicePortList',0,NULL,NULL);
INSERT INTO `sys_menu` (`MENU_ID`,`MENU_NAME`,`MENU_TYPE`,`MENU_LVL`,`PARENT_ID`,`SORT_NO`,`MENU_URL`,`MENU_DESC`) VALUES 
 ('DevicePortEdit','设备端口编辑','F',2,'DevicePortList',1,NULL,NULL),
 ('DevicePortList','设备端口查询','F',2,'DeviceListJsp',0,NULL,NULL),
 ('DevicePortSubmit','设备端口提交','F',3,'DevicePortAdd',0,NULL,NULL),
 ('DevicePortTypeAdd','设备端口类型添加','F',2,'DevicePortTypeList',0,NULL,NULL),
 ('DevicePortTypeDelete','设备端口类型删除','F',2,'DevicePortTypeAdd',3,NULL,NULL),
 ('DevicePortTypeEdit','设备端口类型编辑','F',2,'DevicePortTypeAdd',2,NULL,NULL),
 ('DevicePortTypeList','设备端口类型管理','M',1,'MainListBase',0,NULL,NULL),
 ('DevicePortTypeSubmit','设备端口类型提交','F',2,'DevicePortTypeAdd',1,NULL,NULL),
 ('DevicePortTypeView','设备端口类型查看','F',2,'DevicePortTypeAdd',4,NULL,NULL),
 ('DeviceSubmit','设备配置提交','F',3,'DeviceAdd',0,NULL,NULL),
 ('DeviceTypeAdd','设备类型添加','F',2,'deviceTypeListJsp',1,NULL,NULL),
 ('DeviceTypeDelete','设备类型','F',2,'deviceTypeListJsp',2,NULL,NULL);
INSERT INTO `sys_menu` (`MENU_ID`,`MENU_NAME`,`MENU_TYPE`,`MENU_LVL`,`PARENT_ID`,`SORT_NO`,`MENU_URL`,`MENU_DESC`) VALUES 
 ('DeviceTypeEdit','设备类型编辑','F',3,'deviceTypeAdd',1,NULL,NULL),
 ('DeviceTypeList','设备类型查询','F',2,'deviceTypeListJsp',0,NULL,NULL),
 ('DeviceTypeListJsp','设备类型管理','M',1,'MainListBase',3,NULL,NULL),
 ('DeviceTypeSubmit','设备类型提交','F',3,'deviceTypeAdd',0,NULL,NULL),
 ('DeviceView','设备查看','F',3,'DeviceAdd',2,NULL,NULL),
 ('DevoceTest','设备测试','F',3,'DeviceAdd',2,NULL,NULL),
 ('Disconnection','断开连接','F',3,'commDeviceList',0,NULL,NULL),
 ('Download','文件下载','I',0,'MENU_ROOT',0,NULL,NULL),
 ('FrontHostAdd','堡垒主机添加','F',2,'FrontHostListJsp',0,NULL,NULL),
 ('FrontHostDelete','堡垒主机删除','F',2,'FrontHostListJsp',2,NULL,NULL),
 ('FrontHostEdit','堡垒主机编辑','F',2,'FrontHostAdd',1,NULL,NULL),
 ('FrontHostList','堡垒主机查询','F',2,'FrontHostListJsp',1,NULL,NULL),
 ('FrontHostListJsp','堡垒主机管理','M',1,'MainListBase',5,NULL,NULL),
 ('FrontHostSubmit','堡垒主机提交','F',2,'FrontHostAdd',0,NULL,NULL);
INSERT INTO `sys_menu` (`MENU_ID`,`MENU_NAME`,`MENU_TYPE`,`MENU_LVL`,`PARENT_ID`,`SORT_NO`,`MENU_URL`,`MENU_DESC`) VALUES 
 ('FrontHostTest','堡垒主机测试','F',3,'FrontHostAdd',3,NULL,NULL),
 ('FrontHostView','堡垒主机查看','F',3,'FrontHostAdd',4,NULL,NULL),
 ('InLogin','登录主页','L',1,NULL,2,NULL,NULL),
 ('LocationAdd','物理位置添加','F',2,'LocationListJsp',0,NULL,NULL),
 ('LocationDelete','物理位置删除','F',2,'LocationListJsp',2,NULL,NULL),
 ('LocationEdit','物理位置编辑','F',3,'LocationAdd',1,NULL,NULL),
 ('LocationList','物理位置查询','F',2,'LocationListJsp',1,NULL,NULL),
 ('LocationListJsp','物理位置管理','M',1,'MainListBase',4,NULL,NULL),
 ('LocationSubmit','物理位置提交','F',3,'LocationAdd',0,NULL,NULL),
 ('Login','登录','L',1,NULL,4,NULL,NULL),
 ('LoginInfo','登录信息','I',0,'MENU_ROOT',2,NULL,NULL),
 ('Logout','注销','L',1,NULL,1,NULL,NULL),
 ('MainListBase','基本信息管理','M',0,'MENU_ROOT',98,NULL,NULL),
 ('MaintainDeviceAdd','维护设备添加','F',3,'TeamAdd',8,NULL,NULL),
 ('MaintainDeviceDelete','维护设备删除','F',3,'TeamAdd',10,NULL,NULL);
INSERT INTO `sys_menu` (`MENU_ID`,`MENU_NAME`,`MENU_TYPE`,`MENU_LVL`,`PARENT_ID`,`SORT_NO`,`MENU_URL`,`MENU_DESC`) VALUES 
 ('MaintainDeviceList','维护设备查询','F',3,'TeamAdd',7,NULL,NULL),
 ('MaintainDeviceSubmit','维护设备提交','F',3,'TeamAdd',6,NULL,NULL),
 ('MaintainDeviceView','维护设备查看','F',3,'TeamAdd',9,NULL,NULL),
 ('MaintainPersonAdd','维护人员添加','F',3,'TeamAdd',3,NULL,NULL),
 ('MaintainPersonDelete','维护人员删除','F',3,'TeamAdd',6,NULL,NULL),
 ('MaintainPersonList','维护人员查询','F',3,'TeamAdd',2,NULL,NULL),
 ('MaintainPersonSubmit','维护人员提交','F',3,'TeamAdd',4,NULL,NULL),
 ('MaintainPersonView','维护人员查看','F',3,'TeamAdd',5,NULL,NULL),
 ('MenuBody','主菜单','I',0,'MENU_ROOT',3,NULL,NULL),
 ('OrgAdd','机构添加','F',2,'OrgList',0,NULL,NULL),
 ('OrgDelete','机构删除','F',2,'OrgList',1,NULL,NULL),
 ('OrgEdit','机构编辑','F',3,'OrgAdd',0,NULL,NULL),
 ('OrgFatherInfor','机构树','F',3,'OrgAdd',3,NULL,NULL),
 ('OrgList','机构定义','M',1,'MainListBase',0,NULL,NULL);
INSERT INTO `sys_menu` (`MENU_ID`,`MENU_NAME`,`MENU_TYPE`,`MENU_LVL`,`PARENT_ID`,`SORT_NO`,`MENU_URL`,`MENU_DESC`) VALUES 
 ('OrgSubmit','机构提交','F',3,'OrgAdd',1,NULL,NULL),
 ('PersonMan','个人管理','D',0,'MENU_ROOT',99,NULL,NULL),
 ('SelectArea','选择区域','I',0,'MENU_ROOT',8,NULL,NULL),
 ('SelectCodeSet','选择代码集','I',0,'MENU_ROOT',9,NULL,NULL),
 ('SelectDevicePortType','设备端口类型选择','I',0,'MENU_ROOT',96,NULL,NULL),
 ('SelectDeviceType','设备类型选择','I',0,'MENU_ROOT',14,NULL,NULL),
 ('SelectFrontHost','选择堡垒主机','I',0,'MENU_ROOT',13,NULL,NULL),
 ('SelectLocation','选择物理位置','I',0,'MENU_ROOT',11,NULL,NULL),
 ('SelectOrg','选择部门','I',0,'MENU_ROOT',6,NULL,NULL),
 ('SelectStat','选择岗位','I',0,'MENU_ROOT',7,NULL,NULL),
 ('selectTempList','维护指令模板发送-模板选择','F',2,'tempSendDeviceListJsp',1,NULL,NULL),
 ('SelectUser','选择人员','I',0,'MENU_ROOT',5,NULL,NULL),
 ('sendCommandTemp','维护指令模板发送','F',2,'tempSendDeviceListJsp',2,NULL,NULL),
 ('SendCommandTo','发送指令','F',3,'commDeviceList',1,NULL,NULL);
INSERT INTO `sys_menu` (`MENU_ID`,`MENU_NAME`,`MENU_TYPE`,`MENU_LVL`,`PARENT_ID`,`SORT_NO`,`MENU_URL`,`MENU_DESC`) VALUES 
 ('StatAdd','岗位提交','F',3,'StatView',1,NULL,NULL),
 ('StatDelete','岗位删除','F',2,'StatListJsp',1,NULL,NULL),
 ('StatEdit','岗位编辑','F',3,'StatView',0,NULL,NULL),
 ('StatList','岗位查询','F',2,'StatListJsp',2,NULL,NULL),
 ('StatListJsp','岗位定义','M',1,'MainListBase',1,NULL,NULL),
 ('StatView','岗位添加','F',2,'StatListJsp',0,NULL,NULL),
 ('TeamAdd','维护团队添加','F',2,'TeamListJsp',0,NULL,NULL),
 ('TeamDelete','维护团队删除','F',2,'TeamListJsp',2,NULL,NULL),
 ('TeamEdit','维护团队编辑','F',3,'TeamAdd',1,NULL,NULL),
 ('TeamList','维护团队查询','F',2,'TeamListJsp',1,NULL,NULL),
 ('TeamListJsp','维护团队管理','M',1,'MainListBase',7,NULL,NULL),
 ('TeamSubmit','维护团队提交','F',3,'TeamAdd',0,NULL,NULL),
 ('tempAdd','维护指令模板添加','F',2,'tempListJsp',1,NULL,NULL),
 ('tempDelete','维护指令模板删除','F',3,'tempAdd',1,NULL,NULL),
 ('tempEdit','维护模板编辑','F',3,'tempAdd',4,NULL,NULL);
INSERT INTO `sys_menu` (`MENU_ID`,`MENU_NAME`,`MENU_TYPE`,`MENU_LVL`,`PARENT_ID`,`SORT_NO`,`MENU_URL`,`MENU_DESC`) VALUES 
 ('tempList','维护指令模板查询','F',2,'tempListJsp',0,NULL,NULL),
 ('tempListJsp','维护指令模板管理','M',1,'DeviceMaintainList',2,NULL,NULL),
 ('TempLogList','模板执行日志查询','F',2,'TempLogListJsp',0,NULL,NULL),
 ('TempLogListJsp','模板执行日志查询','M',1,'DeviceMaintainList',4,NULL,NULL),
 ('tempSendDeviceList','维护指令模板发送-设备选择','F',2,'tempSendDeviceListJsp',0,NULL,NULL),
 ('tempSendDeviceListJsp','维护指令模板发送','M',1,'DeviceMaintainList',3,NULL,NULL),
 ('tempSubmit','维护指令模板提交','F',3,'tempAdd',0,NULL,NULL),
 ('tempView','维护指令模板查查','F',3,'tempAdd',2,NULL,NULL),
 ('UserAdd','人员添加','F',2,'UserListTo',0,NULL,NULL),
 ('UserDelete','人员删除','F',2,'UserListTo',1,NULL,NULL),
 ('UserEdit','人员编辑','F',3,'UserAdd',0,NULL,NULL),
 ('UserList','人员查询','F',2,'UserListTo',2,NULL,NULL),
 ('UserListTo','人员定义','M',1,'MainListBase',2,NULL,NULL);
INSERT INTO `sys_menu` (`MENU_ID`,`MENU_NAME`,`MENU_TYPE`,`MENU_LVL`,`PARENT_ID`,`SORT_NO`,`MENU_URL`,`MENU_DESC`) VALUES 
 ('UserPassWord','修改密码','D',1,'PersonMan',2,NULL,NULL),
 ('UserSubmit','人员提交','F',3,'UserAdd',1,NULL,NULL),
 ('VertifyImage','验证信息','L',1,NULL,3,NULL,NULL);
/*!40000 ALTER TABLE `sys_menu` ENABLE KEYS */;


--
-- Table structure for table `cem`.`sys_org`
--

DROP TABLE IF EXISTS `sys_org`;
CREATE TABLE `sys_org` (
  `ORG_ID` char(6) NOT NULL,
  `ORG_NAME` varchar(50) NOT NULL,
  `PARENT_ID` char(6) default NULL,
  `ORG_DESC` varchar(200) default NULL,
  `LINK_MAN` varchar(50) default NULL,
  `LINK_TELE` varchar(50) default NULL,
  `LINK_EMAIL` varchar(50) default NULL,
  PRIMARY KEY  (`ORG_ID`)
) ENGINE=InnoDB DEFAULT CHARSET=utf8;

--
-- Dumping data for table `cem`.`sys_org`
--

/*!40000 ALTER TABLE `sys_org` DISABLE KEYS */;
INSERT INTO `sys_org` (`ORG_ID`,`ORG_NAME`,`PARENT_ID`,`ORG_DESC`,`LINK_MAN`,`LINK_TELE`,`LINK_EMAIL`) VALUES 
 ('000000','初始机构',NULL,'yu',NULL,'12122',NULL);
/*!40000 ALTER TABLE `sys_org` ENABLE KEYS */;


--
-- Table structure for table `cem`.`sys_perm`
--

DROP TABLE IF EXISTS `sys_perm`;
CREATE TABLE `sys_perm` (
  `USER_ID` char(6) NOT NULL,
  `MENU_ID` varchar(50) NOT NULL default '',
  PRIMARY KEY  (`USER_ID`,`MENU_ID`)
) ENGINE=InnoDB DEFAULT CHARSET=utf8;

--
-- Dumping data for table `cem`.`sys_perm`
--

/*!40000 ALTER TABLE `sys_perm` DISABLE KEYS */;
INSERT INTO `sys_perm` (`USER_ID`,`MENU_ID`) VALUES 
 ('000000','commDeviceList'),
 ('000000','CommLogListJsp'),
 ('000000','DeviceListJsp'),
 ('000000','DeviceMaintainList'),
 ('000000','DevicePortTypeList'),
 ('000000','DeviceTypeListJsp'),
 ('000000','FrontHostListJsp'),
 ('000000','LocationListJsp'),
 ('000000','MainListBase'),
 ('000000','MENU_ROOT'),
 ('000000','OrgList'),
 ('000000','StatListJsp'),
 ('000000','TeamListJsp'),
 ('000000','tempListJsp'),
 ('000000','TempLogListJsp'),
 ('000000','tempSendDeviceListJsp'),
 ('000000','UserListTo');
/*!40000 ALTER TABLE `sys_perm` ENABLE KEYS */;


--
-- Table structure for table `cem`.`sys_stat`
--

DROP TABLE IF EXISTS `sys_stat`;
CREATE TABLE `sys_stat` (
  `STAT_ID` char(6) NOT NULL,
  `STAT_NAME` varchar(50) NOT NULL,
  `STAT_DESC` varchar(200) default NULL,
  PRIMARY KEY  (`STAT_ID`)
) ENGINE=InnoDB DEFAULT CHARSET=utf8;

--
-- Dumping data for table `cem`.`sys_stat`
--

/*!40000 ALTER TABLE `sys_stat` DISABLE KEYS */;
INSERT INTO `sys_stat` (`STAT_ID`,`STAT_NAME`,`STAT_DESC`) VALUES 
 ('000000','管理','的说法');
/*!40000 ALTER TABLE `sys_stat` ENABLE KEYS */;


--
-- Table structure for table `cem`.`sys_user`
--

DROP TABLE IF EXISTS `sys_user`;
CREATE TABLE `sys_user` (
  `USER_ID` char(6) NOT NULL,
  `USER_NAME` varchar(50) NOT NULL,
  `LOGIN_NAME` varchar(50) NOT NULL,
  `PASSWORD` varchar(32) NOT NULL,
  `STATUS` char(1) NOT NULL,
  `USER_ORG_ID` char(6) default NULL,
  `USER_STAT_ID` char(6) default NULL,
  `USER_DESC` varchar(200) default NULL,
  `LINK_TELE` varchar(50) default NULL,
  `LINK_EMAIL` varchar(50) default NULL,
  `USER_SEX` char(1) default NULL,
  `USER_BIRTH` varchar(8) default NULL,
  `MAN_FLAG` char(1) default NULL,
  PRIMARY KEY  (`USER_ID`)
) ENGINE=InnoDB DEFAULT CHARSET=utf8;

--
-- Dumping data for table `cem`.`sys_user`
--

/*!40000 ALTER TABLE `sys_user` DISABLE KEYS */;
INSERT INTO `sys_user` (`USER_ID`,`USER_NAME`,`LOGIN_NAME`,`PASSWORD`,`STATUS`,`USER_ORG_ID`,`USER_STAT_ID`,`USER_DESC`,`LINK_TELE`,`LINK_EMAIL`,`USER_SEX`,`USER_BIRTH`,`MAN_FLAG`) VALUES 
 ('000000','管理员','admin','21232f297a57a5a743894a0e4a801fc3','N','000000','000000',NULL,NULL,NULL,'1','20080528','M');
/*!40000 ALTER TABLE `sys_user` ENABLE KEYS */;


--
-- Table structure for table `cem`.`system_operation_log`
--

DROP TABLE IF EXISTS `system_operation_log`;
CREATE TABLE `system_operation_log` (
  `LOG_ID` char(10) NOT NULL,
  `USER_ID` char(6) default NULL,
  `USER_NAME` varchar(60) default NULL,
  `OPERATION_TIME` char(14) default NULL,
  `OPERATION_FUN_ID` varchar(50) default NULL,
  `OPERATION_FUN_NAME` varchar(50) default NULL,
  `RETURN_CODE` varchar(10) default NULL,
  `REMARK` varchar(200) default NULL,
  PRIMARY KEY  (`LOG_ID`)
) ENGINE=InnoDB DEFAULT CHARSET=utf8;

--
-- Dumping data for table `cem`.`system_operation_log`
--

/*!40000 ALTER TABLE `system_operation_log` DISABLE KEYS */;
/*!40000 ALTER TABLE `system_operation_log` ENABLE KEYS */;

/*!40101 SET SQL_MODE=@OLD_SQL_MODE */;
/*!40014 SET FOREIGN_KEY_CHECKS=@OLD_FOREIGN_KEY_CHECKS */;
/*!40014 SET UNIQUE_CHECKS=@OLD_UNIQUE_CHECKS */;
/*!40101 SET CHARACTER_SET_CLIENT=@OLD_CHARACTER_SET_CLIENT */;
/*!40101 SET CHARACTER_SET_RESULTS=@OLD_CHARACTER_SET_RESULTS */;
/*!40101 SET COLLATION_CONNECTION=@OLD_COLLATION_CONNECTION */;
/*!40101 SET CHARACTER_SET_CLIENT=@OLD_CHARACTER_SET_CLIENT */;
