-- MySQL Administrator dump 1.4
--
-- ------------------------------------------------------
-- Server version	5.0.13-rc-nt


/*!40101 SET @OLD_CHARACTER_SET_CLIENT=@@CHARACTER_SET_CLIENT */;
/*!40101 SET @OLD_CHARACTER_SET_RESULTS=@@CHARACTER_SET_RESULTS */;
/*!40101 SET @OLD_COLLATION_CONNECTION=@@COLLATION_CONNECTION */;
/*!40101 SET NAMES utf8 */;

/*!40014 SET @OLD_UNIQUE_CHECKS=@@UNIQUE_CHECKS, UNIQUE_CHECKS=0 */;
/*!40014 SET @OLD_FOREIGN_KEY_CHECKS=@@FOREIGN_KEY_CHECKS, FOREIGN_KEY_CHECKS=0 */;
/*!40101 SET @OLD_SQL_MODE=@@SQL_MODE, SQL_MODE='NO_AUTO_VALUE_ON_ZERO' */;


--
-- Create schema cem
--

CREATE DATABASE /*!32312 IF NOT EXISTS*/ cem;
USE cem;

--
-- Table structure for table `cem`.`commands_send_his`
--

DROP TABLE IF EXISTS `commands_send_his`;
CREATE TABLE `commands_send_his` (
  `SEND_ID` char(10) default NULL,
  `USER_ID` char(6) default NULL,
  `DEVICE_TYPE_ID` char(6) default NULL,
  `DEVICE_ID` char(6) default NULL,
  `TASK_DEFINE_TIME` char(14) NOT NULL,
  `TASK_PLAN_TIME` char(14) NOT NULL,
  `COMMANDS_TYPE` char(1) NOT NULL,
  `TEMPLATE_ID` char(6) default NULL,
  `STATUS` char(1) NOT NULL,
  `EXEC_BEGIN_TIME` char(14) NOT NULL,
  `EXEC_END_TIME` char(14) NOT NULL
) ENGINE=InnoDB DEFAULT CHARSET=utf8;

--
-- Dumping data for table `cem`.`commands_send_his`
--

/*!40000 ALTER TABLE `commands_send_his` DISABLE KEYS */;
INSERT INTO `commands_send_his` (`SEND_ID`,`USER_ID`,`DEVICE_TYPE_ID`,`DEVICE_ID`,`TASK_DEFINE_TIME`,`TASK_PLAN_TIME`,`COMMANDS_TYPE`,`TEMPLATE_ID`,`STATUS`,`EXEC_BEGIN_TIME`,`EXEC_END_TIME`) VALUES 
 ('0000000011','1','000001','000001','1','1','I',NULL,'S','20100716161807','20100716161808'),
 ('0000000012','1','000001','000001','1','1','I',NULL,'S','20100716161947','20100716161948'),
 ('0000000013','1',NULL,'000001','1','1','I',NULL,'S','20100716162207','20100716162208'),
 ('0000000014','1','','000001','1','1','I',NULL,'S','20100716162328','20100716162328');
/*!40000 ALTER TABLE `commands_send_his` ENABLE KEYS */;


--
-- Table structure for table `cem`.`commands_send_list`
--

DROP TABLE IF EXISTS `commands_send_list`;
CREATE TABLE `commands_send_list` (
  `SEND_ID` char(10) NOT NULL,
  `USER_ID` char(6) default NULL,
  `DEVICE_TYPE_ID` char(6) default NULL,
  `DEVICE_ID` char(6) default NULL,
  `TASK_DEFINE_TIME` char(14) NOT NULL,
  `TASK_PLAN_TIME` char(14) NOT NULL,
  `COMMANDS_TYPE` char(1) NOT NULL,
  `TEMPLATE_ID` char(6) default NULL,
  `STATUS` char(1) NOT NULL,
  PRIMARY KEY  (`SEND_ID`)
) ENGINE=InnoDB DEFAULT CHARSET=utf8;

--
-- Dumping data for table `cem`.`commands_send_list`
--

/*!40000 ALTER TABLE `commands_send_list` DISABLE KEYS */;
INSERT INTO `commands_send_list` (`SEND_ID`,`USER_ID`,`DEVICE_TYPE_ID`,`DEVICE_ID`,`TASK_DEFINE_TIME`,`TASK_PLAN_TIME`,`COMMANDS_TYPE`,`TEMPLATE_ID`,`STATUS`) VALUES 
 ('0000000006','000000',NULL,'000001','20100718101704','20100718101704','T','','N'),
 ('0000000007','000000',NULL,'000001','20100718102119','20100718102119','T','','N'),
 ('0000000008','000000',NULL,'000001','20100718113007','20100718113007','T','000004','N'),
 ('0000000009','000000',NULL,'000001','20100718144141','20100718144141','T','000006','N'),
 ('0000000011','000000',NULL,'000001','20100718162106','20100718162106','T','000006','N'),
 ('0000000012','000000',NULL,'000001','20100718162230','20100718162230','T','000004','N'),
 ('0000000013','000000',NULL,'000001','20100718162635','20100718162635','T','000006','N'),
 ('0000000015','000000','000007','000001','20100718163149','20100718163149','T','000006','N'),
 ('0000000016','000000','000007','000009','20100718223614','20100718223614','T','000006','N'),
 ('0000000017','000000','000007','000001','20100718223715','20100718223715','T','000006','N'),
 ('0000000018','000000','000007','000001','20100718234824','20100718234824','T','000006','N');
/*!40000 ALTER TABLE `commands_send_list` ENABLE KEYS */;


--
-- Table structure for table `cem`.`device_collect_log`
--

DROP TABLE IF EXISTS `device_collect_log`;
CREATE TABLE `device_collect_log` (
  `SEND_ID` char(10) NOT NULL,
  `DEVICE_ID` char(6) NOT NULL,
  `DEVICE_NAME` varchar(60) default NULL,
  `DEVICE_IP` varchar(50) default NULL,
  `USER_ID` char(6) NOT NULL,
  `COLLECT_BEGIN` char(14) default NULL,
  `COLLECT_END` char(14) default NULL,
  `STATUS` char(1) default NULL,
  `LOG_CONT` text
) ENGINE=InnoDB DEFAULT CHARSET=utf8;

--
-- Dumping data for table `cem`.`device_collect_log`
--

/*!40000 ALTER TABLE `device_collect_log` DISABLE KEYS */;
INSERT INTO `device_collect_log` (`SEND_ID`,`DEVICE_ID`,`DEVICE_NAME`,`DEVICE_IP`,`USER_ID`,`COLLECT_BEGIN`,`COLLECT_END`,`STATUS`,`LOG_CONT`) VALUES 
 ('000001','000001','device000001','192.168.1.251','1','20100709151723','20100709151724','S','Red Hat Enterprise Linux ES release 4 (Nahant Update 4)\r\nKernel 2.6.9-42.ELsmp on an i686\r\nlogin:\n Password:\r\nLast login: Fri Jul  9 11:10:33 from 192.168.1.136\r\n-bash-3.00$ df -a\r\nFilesystem           1K-blocks      Used Available Use% Mounted on\r\n/dev/mapper/VolGroup00-LogVol00\r\n                     138658832  66746428  64868924  51% /\r\nnone                         0         0         0   -  /proc\r\nnone                         0         0         0   -  /sys\r\nnone                         0         0         0   -  /dev/pts\r\nusbfs                        0         0         0   -  /proc/bus/usb\r\n/dev/sda1               101086     12721     83146  14% /boot\r\nnone                   1037368         0   1037368   0% /dev/shm\r\nnone                         0         0         0   -  /proc/sys/fs/binfmt_misc\r\nsunrpc                       0         0         0   -  /var/lib/nfs/rpc_pipefs\r\n-bash-3.00$'),
 ('990002','000001','device000001','192.168.1.251','1','20100709152226','20100709152226','S','Red Hat Enterprise Linux ES release 4 (Nahant Update 4)\r\nKernel 2.6.9-42.ELsmp on an i686\r\nlogin:\n Password:\r\nLast login: Fri Jul  9 15:16:58 from 192.168.1.136\r\n-bash-3.00$ df -a\r\nFilesystem           1K-blocks      Used Available Use% Mounted on\r\n/dev/mapper/VolGroup00-LogVol00\r\n                     138658832  66746428  64868924  51% /\r\nnone                         0         0         0   -  /proc\r\nnone                         0         0         0   -  /sys\r\nnone                         0         0         0   -  /dev/pts\r\nusbfs                        0         0         0   -  /proc/bus/usb\r\n/dev/sda1               101086     12721     83146  14% /boot\r\nnone                   1037368         0   1037368   0% /dev/shm\r\nnone                         0         0         0   -  /proc/sys/fs/binfmt_misc\r\nsunrpc                       0         0         0   -  /var/lib/nfs/rpc_pipefs\r\n-bash-3.00$');
INSERT INTO `device_collect_log` (`SEND_ID`,`DEVICE_ID`,`DEVICE_NAME`,`DEVICE_IP`,`USER_ID`,`COLLECT_BEGIN`,`COLLECT_END`,`STATUS`,`LOG_CONT`) VALUES 
 ('990003','000001','device000001','192.168.1.251','1','20100709152820','20100709152821','S','Red Hat Enterprise Linux ES release 4 (Nahant Update 4)\r\nKernel 2.6.9-42.ELsmp on an i686\r\nlogin:\n Password:\r\nLast login: Fri Jul  9 15:22:01 from 192.168.1.136\r\n-bash-3.00$ df -a\r\nFilesystem           1K-blocks      Used Available Use% Mounted on\r\n/dev/mapper/VolGroup00-LogVol00\r\n                     138658832  66746432  64868920  51% /\r\nnone                         0         0         0   -  /proc\r\nnone                         0         0         0   -  /sys\r\nnone                         0         0         0   -  /dev/pts\r\nusbfs                        0         0         0   -  /proc/bus/usb\r\n/dev/sda1               101086     12721     83146  14% /boot\r\nnone                   1037368         0   1037368   0% /dev/shm\r\nnone                         0         0         0   -  /proc/sys/fs/binfmt_misc\r\nsunrpc                       0         0         0   -  /var/lib/nfs/rpc_pipefs\r\n-bash-3.00$'),
 ('990004','000001','device000001','192.168.1.251','1','20100709153150','20100709153150','S','Red Hat Enterprise Linux ES release 4 (Nahant Update 4)\r\nKernel 2.6.9-42.ELsmp on an i686\r\nlogin:\n Password:\r\nLast login: Fri Jul  9 15:29:45 from 192.168.1.136\r\n-bash-3.00$ df -a\r\nFilesystem           1K-blocks      Used Available Use% Mounted on\r\n/dev/mapper/VolGroup00-LogVol00\r\n                     138658832  66746432  64868920  51% /\r\nnone                         0         0         0   -  /proc\r\nnone                         0         0         0   -  /sys\r\nnone                         0         0         0   -  /dev/pts\r\nusbfs                        0         0         0   -  /proc/bus/usb\r\n/dev/sda1               101086     12721     83146  14% /boot\r\nnone                   1037368         0   1037368   0% /dev/shm\r\nnone                         0         0         0   -  /proc/sys/fs/binfmt_misc\r\nsunrpc                       0         0         0   -  /var/lib/nfs/rpc_pipefs\r\n-bash-3.00$');
INSERT INTO `device_collect_log` (`SEND_ID`,`DEVICE_ID`,`DEVICE_NAME`,`DEVICE_IP`,`USER_ID`,`COLLECT_BEGIN`,`COLLECT_END`,`STATUS`,`LOG_CONT`) VALUES 
 ('990005','000001','device000001','192.168.1.251','1','20100709153818','20100709153818','S','Red Hat Enterprise Linux ES release 4 (Nahant Update 4)\r\nKernel 2.6.9-42.ELsmp on an i686\r\nlogin:\n Password:\r\nLast login: Fri Jul  9 15:31:25 from 192.168.1.136\r\n-bash-3.00$ df -a\r\nFilesystem           1K-blocks      Used Available Use% Mounted on\r\n/dev/mapper/VolGroup00-LogVol00\r\n                     138658832  66746440  64868912  51% /\r\nnone                         0         0         0   -  /proc\r\nnone                         0         0         0   -  /sys\r\nnone                         0         0         0   -  /dev/pts\r\nusbfs                        0         0         0   -  /proc/bus/usb\r\n/dev/sda1               101086     12721     83146  14% /boot\r\nnone                   1037368         0   1037368   0% /dev/shm\r\nnone                         0         0         0   -  /proc/sys/fs/binfmt_misc\r\nsunrpc                       0         0         0   -  /var/lib/nfs/rpc_pipefs\r\n-bash-3.00$'),
 ('990005','000002','device000002','192.168.1.254','1','20100709153818','20100709153819','S','Red Hat Enterprise Linux ES release 4 (Nahant Update 4)\r\nKernel 2.6.9-42.ELsmp on an i686\r\nlogin:\n Password:\r\nLast login: Fri Jul  9 15:37:53 from 192.168.1.136\r\n-bash-3.00$ telnet 192.168.1.254 23\r\nTrying 192.168.1.254...\r\r\nConnected to 192.168.1.254 (192.168.1.254).\r\r\nEscape character is \'^]\'.\r\r\n\r\n\r\ntelnet (AIXserver)\r\n\r\r\n\r\r\n\r\n\r\n\r\n\r\n\r\n\r\n\r\n\r\n\r\n\r\n\r\n\r\n\r\n\r\n\r\n\r\n\r\n\r\n\r\n\r\n\r\n\r\n\r\n\r\n\rAIX Version 5\r\n\r(C) Copyrights by IBM and by others 1982, 2005.\r\n\rlogin: oracle\r\noracle\'s Password: \r\n*******************************************************************************\r\n*                                                                             *\r\n*                                                                             *\r\n*  Welcome to AIX Version 5.2!                                                *\r\n*                                                                             *\r\n*                                                                             *\r\n*  Please see the README file in /usr/lpp/bos for information pertinent to    *\r\n*  this release of the AIX Operating System.                                  *\r\n*                                                                             *\r\n*                                                                             *\r\n*******************************************************************************\r\nLast unsuccessful login: Mon Jun 21 16:50:07 BEIST 2010 on /dev/pts/4 from 192.168.1.251\r\nLast login: Fri Jul  9 15:35:11 BEIST 2010 on /dev/pts/3 from 192.168.1.251\r\n\r\n$ df -P\r\nFilesystem    512-blocks      Used Available Capacity Mounted on\r\n/dev/hd4         2097152    924744   1172408      45% /\r\n/dev/hd2        10354688   8748112   1606576      85% /usr\r\n/dev/hd9var      2097152    203584   1893568      10% /var\r\n/dev/hd3         4194304   2906040   1288264      70% /tmp\r\n/dev/hd1        30670848  20224528  10446320      66% /home\r\n/proc                  -         -         -       -  /proc\r\n/dev/hd10opt     4194304    775896   3418408      19% /opt\r\n$');
INSERT INTO `device_collect_log` (`SEND_ID`,`DEVICE_ID`,`DEVICE_NAME`,`DEVICE_IP`,`USER_ID`,`COLLECT_BEGIN`,`COLLECT_END`,`STATUS`,`LOG_CONT`) VALUES 
 ('990006','000001','device000001','192.168.1.251','1','20100709154630','20100709154631','S','Red Hat Enterprise Linux ES release 4 (Nahant Update 4)\r\nKernel 2.6.9-42.ELsmp on an i686\r\nlogin:\n Password:\r\nLast login: Fri Jul  9 15:37:53 from 192.168.1.136\r\n-bash-3.00$ df -a\r\nFilesystem           1K-blocks      Used Available Use% Mounted on\r\n/dev/mapper/VolGroup00-LogVol00\r\n                     138658832  66746444  64868908  51% /\r\nnone                         0         0         0   -  /proc\r\nnone                         0         0         0   -  /sys\r\nnone                         0         0         0   -  /dev/pts\r\nusbfs                        0         0         0   -  /proc/bus/usb\r\n/dev/sda1               101086     12721     83146  14% /boot\r\nnone                   1037368         0   1037368   0% /dev/shm\r\nnone                         0         0         0   -  /proc/sys/fs/binfmt_misc\r\nsunrpc                       0         0         0   -  /var/lib/nfs/rpc_pipefs\r\n-bash-3.00$'),
 ('990006','000002','device000002','192.168.1.254','1','20100709154631','20100709154632','S','Red Hat Enterprise Linux ES release 4 (Nahant Update 4)\r\nKernel 2.6.9-42.ELsmp on an i686\r\nlogin:\n Password:\r\nLast login: Fri Jul  9 15:46:05 from 192.168.1.136\r\n-bash-3.00$ telnet 192.168.1.254 23\r\nTrying 192.168.1.254...\r\r\nConnected to 192.168.1.254 (192.168.1.254).\r\r\nEscape character is \'^]\'.\r\r\n\r\n\r\ntelnet (AIXserver)\r\n\r\r\n\r\r\n\r\n\r\n\r\n\r\n\r\n\r\n\r\n\r\n\r\n\r\n\r\n\r\n\r\n\r\n\r\n\r\n\r\n\r\n\r\n\r\n\r\n\r\n\r\n\r\n\rAIX Version 5\r\n\r(C) Copyrights by IBM and by others 1982, 2005.\r\n\rlogin: oracle\r\noracle\'s Password: \r\n*******************************************************************************\r\n*                                                                             *\r\n*                                                                             *\r\n*  Welcome to AIX Version 5.2!                                                *\r\n*                                                                             *\r\n*                                                                             *\r\n*  Please see the README file in /usr/lpp/bos for information pertinent to    *\r\n*  this release of the AIX Operating System.                                  *\r\n*                                                                             *\r\n*                                                                             *\r\n*******************************************************************************\r\nLast unsuccessful login: Mon Jun 21 16:50:07 BEIST 2010 on /dev/pts/4 from 192.168.1.251\r\nLast login: Fri Jul  9 15:39:30 BEIST 2010 on /dev/pts/5 from 192.168.1.251\r\n\r\n$ df -P\r\nFilesystem    512-blocks      Used Available Capacity Mounted on\r\n/dev/hd4         2097152    924744   1172408      45% /\r\n/dev/hd2        10354688   8748112   1606576      85% /usr\r\n/dev/hd9var      2097152    203672   1893480      10% /var\r\n/dev/hd3         4194304   2906040   1288264      70% /tmp\r\n/dev/hd1        30670848  20224528  10446320      66% /home\r\n/proc                  -         -         -       -  /proc\r\n/dev/hd10opt     4194304    775896   3418408      19% /opt\r\n$');
/*!40000 ALTER TABLE `device_collect_log` ENABLE KEYS */;


--
-- Table structure for table `cem`.`device_command_exec_log`
--

DROP TABLE IF EXISTS `device_command_exec_log`;
CREATE TABLE `device_command_exec_log` (
  `LOG_ID` char(10) NOT NULL,
  `USER_ID` char(6) default NULL,
  `DEVICE_ID` char(6) NOT NULL,
  `EXEC_BEGIN` char(14) default NULL,
  `EXEC_END` char(14) default NULL,
  `COMMAND_CONT` text,
  PRIMARY KEY  (`LOG_ID`)
) ENGINE=InnoDB DEFAULT CHARSET=utf8;

--
-- Dumping data for table `cem`.`device_command_exec_log`
--

/*!40000 ALTER TABLE `device_command_exec_log` DISABLE KEYS */;
/*!40000 ALTER TABLE `device_command_exec_log` ENABLE KEYS */;


--
-- Table structure for table `cem`.`device_info`
--

DROP TABLE IF EXISTS `device_info`;
CREATE TABLE `device_info` (
  `DEVICE_ID` char(6) NOT NULL,
  `DEVICE_NAME_EN` varchar(60) NOT NULL,
  `DEVICE_ABB_NAME_EN` varchar(60) default NULL,
  `DEVICE_NAME_CN` varchar(60) NOT NULL,
  `TYPE_ID` char(6) default NULL,
  `LOCATION_ID` char(6) default NULL,
  `DEVICE_STATUS` char(1) NOT NULL,
  `FRONT_HOST_ID` char(6) default NULL,
  `DEVICE_IP` varchar(50) NOT NULL,
  `DEVICE_PORT` varchar(50) NOT NULL,
  `DEVICE_USER` varchar(50) NOT NULL,
  `DEVICE_PASSWORD` varchar(50) NOT NULL,
  `DEVICE_PROMPT` varchar(10) NOT NULL,
  `REMARK` varchar(200) default NULL,
  PRIMARY KEY  (`DEVICE_ID`)
) ENGINE=InnoDB DEFAULT CHARSET=utf8;

--
-- Dumping data for table `cem`.`device_info`
--

/*!40000 ALTER TABLE `device_info` DISABLE KEYS */;
INSERT INTO `device_info` (`DEVICE_ID`,`DEVICE_NAME_EN`,`DEVICE_ABB_NAME_EN`,`DEVICE_NAME_CN`,`TYPE_ID`,`LOCATION_ID`,`DEVICE_STATUS`,`FRONT_HOST_ID`,`DEVICE_IP`,`DEVICE_PORT`,`DEVICE_USER`,`DEVICE_PASSWORD`,`DEVICE_PROMPT`,`REMARK`) VALUES 
 ('000001','1111111111','1','1','000007','000002','N','000003','192.168.1.251','23','ecode315','password','$',''),
 ('000009','1G','','1G','','','S','','1','1','1','G','G','');
/*!40000 ALTER TABLE `device_info` ENABLE KEYS */;


--
-- Table structure for table `cem`.`device_inspect_log`
--

DROP TABLE IF EXISTS `device_inspect_log`;
CREATE TABLE `device_inspect_log` (
  `SEND_ID` char(10) NOT NULL,
  `DEVICE_ID` char(6) NOT NULL,
  `DEVICE_NAME` varchar(60) default NULL,
  `DEVICE_IP` varchar(50) default NULL,
  `USER_ID` char(6) NOT NULL,
  `INSPECT_BEGIN` char(14) default NULL,
  `INSPECT_END` char(14) default NULL,
  `STATUS` char(1) default NULL,
  `LOG_CONT` text
) ENGINE=InnoDB DEFAULT CHARSET=utf8;

--
-- Dumping data for table `cem`.`device_inspect_log`
--

/*!40000 ALTER TABLE `device_inspect_log` DISABLE KEYS */;
INSERT INTO `device_inspect_log` (`SEND_ID`,`DEVICE_ID`,`DEVICE_NAME`,`DEVICE_IP`,`USER_ID`,`INSPECT_BEGIN`,`INSPECT_END`,`STATUS`,`LOG_CONT`) VALUES 
 ('0000000011','000001','1111111111','192.168.1.251','1','20100716161807','20100716161808','S','Red Hat Enterprise Linux ES release 4 (Nahant Update 4)\r\nKernel 2.6.9-42.ELsmp on an i686\r\nlogin:\n Password:\r\nLast login: Fri Jul 16 11:14:15 from 192.168.1.1\r\n-bash-3.00$ ls\r\nDesktop		 dataimport	  keymanager	   sqlnet.log\r\nbin		 dq		  keys		   ssm\r\ncarddatagen	 ecode_env	  lib		   testclient\r\nconfigdb_pw.esp  ecoderadius	  logvalidator	   verifyserver\r\ncryptoconfig	 keyimport	  siteconfig\r\n-bash-3.00$ pwd\r\n/home/ecode315\r\n-bash-3.00$ df\r\nFilesystem           1K-blocks      Used Available Use% Mounted on\r\n/dev/mapper/VolGroup00-LogVol00\r\n                     138658832  66747800  64867552  51% /\r\n/dev/sda1               101086     12721     83146  14% /boot\r\nnone                   1037368         0   1037368   0% /dev/shm\r\n-bash-3.00$'),
 ('0000000012','000001','1111111111','192.168.1.251','1','20100716161947','20100716161948','S','Red Hat Enterprise Linux ES release 4 (Nahant Update 4)\r\nKernel 2.6.9-42.ELsmp on an i686\r\nlogin:\n Password:\r\nLast login: Fri Jul 16 16:17:56 from 192.168.1.136\r\n-bash-3.00$ ls\r\nDesktop		 dataimport	  keymanager	   sqlnet.log\r\nbin		 dq		  keys		   ssm\r\ncarddatagen	 ecode_env	  lib		   testclient\r\nconfigdb_pw.esp  ecoderadius	  logvalidator	   verifyserver\r\ncryptoconfig	 keyimport	  siteconfig\r\n-bash-3.00$ pwd\r\n/home/ecode315\r\n-bash-3.00$ df\r\nFilesystem           1K-blocks      Used Available Use% Mounted on\r\n/dev/mapper/VolGroup00-LogVol00\r\n                     138658832  66747800  64867552  51% /\r\n/dev/sda1               101086     12721     83146  14% /boot\r\nnone                   1037368         0   1037368   0% /dev/shm\r\n-bash-3.00$');
INSERT INTO `device_inspect_log` (`SEND_ID`,`DEVICE_ID`,`DEVICE_NAME`,`DEVICE_IP`,`USER_ID`,`INSPECT_BEGIN`,`INSPECT_END`,`STATUS`,`LOG_CONT`) VALUES 
 ('0000000013','000001','1111111111','192.168.1.251','1','20100716162207','20100716162208','S','Red Hat Enterprise Linux ES release 4 (Nahant Update 4)\r\nKernel 2.6.9-42.ELsmp on an i686\r\nlogin:\n Password:\r\nLast login: Fri Jul 16 16:19:36 from 192.168.1.136\r\n-bash-3.00$ ls\r\nDesktop		 dataimport	  keymanager	   sqlnet.log\r\nbin		 dq		  keys		   ssm\r\ncarddatagen	 ecode_env	  lib		   testclient\r\nconfigdb_pw.esp  ecoderadius	  logvalidator	   verifyserver\r\ncryptoconfig	 keyimport	  siteconfig\r\n-bash-3.00$ pwd\r\n/home/ecode315\r\n-bash-3.00$ df\r\nFilesystem           1K-blocks      Used Available Use% Mounted on\r\n/dev/mapper/VolGroup00-LogVol00\r\n                     138658832  66747804  64867548  51% /\r\n/dev/sda1               101086     12721     83146  14% /boot\r\nnone                   1037368         0   1037368   0% /dev/shm\r\n-bash-3.00$'),
 ('0000000014','000001','1111111111','192.168.1.251','1','20100716162328','20100716162328','S','Red Hat Enterprise Linux ES release 4 (Nahant Update 4)\r\nKernel 2.6.9-42.ELsmp on an i686\r\nlogin:\n Password:\r\nLast login: Fri Jul 16 16:21:56 from 192.168.1.136\r\n-bash-3.00$ ls\r\nDesktop		 dataimport	  keymanager	   sqlnet.log\r\nbin		 dq		  keys		   ssm\r\ncarddatagen	 ecode_env	  lib		   testclient\r\nconfigdb_pw.esp  ecoderadius	  logvalidator	   verifyserver\r\ncryptoconfig	 keyimport	  siteconfig\r\n-bash-3.00$ pwd\r\n/home/ecode315\r\n-bash-3.00$ df\r\nFilesystem           1K-blocks      Used Available Use% Mounted on\r\n/dev/mapper/VolGroup00-LogVol00\r\n                     138658832  66747804  64867548  51% /\r\n/dev/sda1               101086     12721     83146  14% /boot\r\nnone                   1037368         0   1037368   0% /dev/shm\r\n-bash-3.00$');
/*!40000 ALTER TABLE `device_inspect_log` ENABLE KEYS */;


--
-- Table structure for table `cem`.`device_inspect_pick_log`
--

DROP TABLE IF EXISTS `device_inspect_pick_log`;
CREATE TABLE `device_inspect_pick_log` (
  `SEND_ID` char(10) NOT NULL,
  `DEVICE_ID` char(6) NOT NULL,
  `DEVICE_NAME` varchar(60) default NULL,
  `DEVICE_IP` varchar(50) default NULL,
  `LOCATION_ID` char(6) default NULL,
  `PICK_KEYWORD` varchar(50) default NULL,
  `PICK_TIME` char(14) default NULL,
  `LOG_CONT` text
) ENGINE=InnoDB DEFAULT CHARSET=utf8;

--
-- Dumping data for table `cem`.`device_inspect_pick_log`
--

/*!40000 ALTER TABLE `device_inspect_pick_log` DISABLE KEYS */;
INSERT INTO `device_inspect_pick_log` (`SEND_ID`,`DEVICE_ID`,`DEVICE_NAME`,`DEVICE_IP`,`LOCATION_ID`,`PICK_KEYWORD`,`PICK_TIME`,`LOG_CONT`) VALUES 
 ('0000000014','000001','1111111111','192.168.1.251','null','VerifyServer','20100716162328',' ls\r\nDesktop		 dataimport	  keymanager	   sqlnet.log\r\nbin		 dq		  keys		   ssm\r\ncarddatagen	 ecode_env	  lib		   testclient\r\nconfigdb_pw.esp  ecoderadius	  logvalidator	   verifyserver\r\ncryptoconfig	 keyimport	  siteconfig\r\n-bash-3.00$'),
 ('0000000014','000001','1111111111','192.168.1.251','null','boot','20100716162328',' df\r\nFilesystem           1K-blocks      Used Available Use% Mounted on\r\n/dev/mapper/VolGroup00-LogVol00\r\n                     138658832  66747804  64867548  51% /\r\n/dev/sda1               101086     12721     83146  14% /boot\r\nnone                   1037368         0   1037368   0% /dev/shm\r\n-bash-3.00$');
/*!40000 ALTER TABLE `device_inspect_pick_log` ENABLE KEYS */;


--
-- Table structure for table `cem`.`device_maintain_log`
--

DROP TABLE IF EXISTS `device_maintain_log`;
CREATE TABLE `device_maintain_log` (
  `SEND_ID` char(10) NOT NULL,
  `DEVICE_ID` char(6) NOT NULL,
  `DEVICE_NAME` varchar(60) default NULL,
  `DEVICE_IP` varchar(50) default NULL,
  `USER_ID` char(6) NOT NULL,
  `MAINTAIN_BEGIN` char(14) default NULL,
  `MAINTAIN_END` char(14) default NULL,
  `STATUS` char(1) default NULL,
  `LOG_CONT` text
) ENGINE=InnoDB DEFAULT CHARSET=utf8;

--
-- Dumping data for table `cem`.`device_maintain_log`
--

/*!40000 ALTER TABLE `device_maintain_log` DISABLE KEYS */;
/*!40000 ALTER TABLE `device_maintain_log` ENABLE KEYS */;


--
-- Table structure for table `cem`.`device_port_info`
--

DROP TABLE IF EXISTS `device_port_info`;
CREATE TABLE `device_port_info` (
  `PORT_ID` char(6) NOT NULL,
  `DEVICE_ID` char(6) default NULL,
  `PORT_SN` varchar(60) NOT NULL,
  `TYPE_ID` char(6) default NULL,
  `STATUS` char(1) NOT NULL,
  `REMARK` varchar(200) default NULL,
  PRIMARY KEY  (`PORT_ID`)
) ENGINE=InnoDB DEFAULT CHARSET=utf8;

--
-- Dumping data for table `cem`.`device_port_info`
--

/*!40000 ALTER TABLE `device_port_info` DISABLE KEYS */;
INSERT INTO `device_port_info` (`PORT_ID`,`DEVICE_ID`,`PORT_SN`,`TYPE_ID`,`STATUS`,`REMARK`) VALUES 
 ('000000','000001','11','000004','N','11'),
 ('000005','','12','000004','N','12'),
 ('000006','000009','1','000004','N',''),
 ('000007','000001','','','N',''),
 ('000010','000009','11212','000004','N','1212');
/*!40000 ALTER TABLE `device_port_info` ENABLE KEYS */;


--
-- Table structure for table `cem`.`device_port_rxp`
--

DROP TABLE IF EXISTS `device_port_rxp`;
CREATE TABLE `device_port_rxp` (
  `SEND_ID` char(10) default NULL,
  `DEVICE_ID` char(6) default NULL,
  `DEVICE_NAME` varchar(60) default NULL,
  `PORT_ID` char(6) default NULL,
  `PORT_SN` varchar(60) default NULL,
  `RXP` decimal(10,2) default NULL
) ENGINE=InnoDB DEFAULT CHARSET=utf8;

--
-- Dumping data for table `cem`.`device_port_rxp`
--

/*!40000 ALTER TABLE `device_port_rxp` DISABLE KEYS */;
INSERT INTO `device_port_rxp` (`SEND_ID`,`DEVICE_ID`,`DEVICE_NAME`,`PORT_ID`,`PORT_SN`,`RXP`) VALUES 
 ('990003','000001','device000001','000001','-a','0.00'),
 ('990004','000001','device000001','000001','-a','101086.00'),
 ('990005','000001','device000001','000001','-a','101086.00'),
 ('990005','000002','device000002','000002','-P','0.00'),
 ('990006','000001','device000001','000001','-a','0.00'),
 ('990006','000002','device000002','000002','-P','0.00');
/*!40000 ALTER TABLE `device_port_rxp` ENABLE KEYS */;


--
-- Table structure for table `cem`.`device_port_type`
--

DROP TABLE IF EXISTS `device_port_type`;
CREATE TABLE `device_port_type` (
  `TYPE_ID` char(6) NOT NULL,
  `TYPE_NAME_EN` varchar(60) NOT NULL,
  `TYPE_NAME_CN` varchar(60) default NULL,
  `STANDARD_RX_MAX` decimal(6,2) default NULL,
  `STANDARD_RX_MIN` decimal(6,2) default NULL,
  `NETWORK_RX_MIN` decimal(6,2) default NULL,
  `REMARK` varchar(200) default NULL,
  PRIMARY KEY  (`TYPE_ID`)
) ENGINE=InnoDB DEFAULT CHARSET=utf8;

--
-- Dumping data for table `cem`.`device_port_type`
--

/*!40000 ALTER TABLE `device_port_type` DISABLE KEYS */;
INSERT INTO `device_port_type` (`TYPE_ID`,`TYPE_NAME_EN`,`TYPE_NAME_CN`,`STANDARD_RX_MAX`,`STANDARD_RX_MIN`,`NETWORK_RX_MIN`,`REMARK`) VALUES 
 ('000002','1','1','1.22','1.00','1.00','1'),
 ('000004','111','111','1.00','1.00','1.00','');
/*!40000 ALTER TABLE `device_port_type` ENABLE KEYS */;


--
-- Table structure for table `cem`.`device_type`
--

DROP TABLE IF EXISTS `device_type`;
CREATE TABLE `device_type` (
  `TYPE_ID` char(6) NOT NULL,
  `TYPE_NAME_EN` varchar(60) NOT NULL,
  `TYPE_NAME_CN` varchar(60) NOT NULL,
  `INSPECT_COMMANDS` text,
  `INSPECT_COMMANDS_EXP` varchar(200) default NULL,
  `COLLECT_COMMANDS` text,
  `APP_PICTURE` longblob,
  `REMARK` varchar(200) default NULL,
  PRIMARY KEY  (`TYPE_ID`)
) ENGINE=InnoDB DEFAULT CHARSET=utf8;

--
-- Dumping data for table `cem`.`device_type`
--

/*!40000 ALTER TABLE `device_type` DISABLE KEYS */;
INSERT INTO `device_type` (`TYPE_ID`,`TYPE_NAME_EN`,`TYPE_NAME_CN`,`INSPECT_COMMANDS`,`INSPECT_COMMANDS_EXP`,`COLLECT_COMMANDS`,`APP_PICTURE`,`REMARK`) VALUES 
 ('000007','12','12','12','12','12',0xFFD8FFE000104A46494600010201012C012C0000FFED094C50686F746F73686F7020332E30003842494D03ED0A5265736F6C7574696F6E0000000010012C000000010001012C0000000100013842494D040D18465820476C6F62616C204C69676874696E6720416E676C650000000004000000783842494D041912465820476C6F62616C20416C74697475646500000000040000001E3842494D03F30B5072696E7420466C61677300000009000000000000000001003842494D040A0E436F7079726967687420466C6167000000000100003842494D2710144A6170616E657365205072696E7420466C616773000000000A000100000000000000023842494D03F517436F6C6F722048616C66746F6E652053657474696E677300000048002F66660001006C66660006000000000001002F6666000100A1999A0006000000000001003200000001005A00000006000000000001003500000001002D000000060000000000013842494D03F817436F6C6F72205472616E736665722053657474696E6773000000700000FFFFFFFFFFFFFFFFFFFFFFFFFFFFFFFFFFFFFFFFFFFF03E800000000FFFFFFFFFFFFFFFFFFFFFFFFFFFFFFFFFFFFFFFFFFFF03E800000000FFFFFFFFFFFFFFFFFFFFFFFFFFFFFFFFFFFFFFFFFFFF03E800000000FFFFFFFFFFFFFFFFFFFFFFFFFFFFFFFFFFFFFFFFFFFF03E800003842494D0408064775696465730000000010000000010000024000000240000000003842494D041E0D55524C206F766572726964657300000004000000003842494D041A06536C69636573000000007500000006000000000000000000000258000003200000000A0055006E007400690074006C00650064002D003100000001000000000000000000000000000000000000000100000000000000000000032000000258000000000000000000000000000000000000000000000000000000000000000000003842494D04111149434320556E74616767656420466C61670000000101003842494D0414174C617965722049442047656E657261746F72204261736500000004000000023842494D040C154E65772057696E646F7773205468756D626E61696C000005A40000000100000070000000540000015000006E400000058800180001FFD8FFE000104A46494600010201004800480000FFEE000E41646F626500648000000001FFDB0084000C08080809080C09090C110B0A0B11150F0C0C0F1518131315131318110C0C0C0C0C0C110C0C0C0C0C0C0C0C0C0C0C0C0C0C0C0C0C0C0C0C0C0C0C0C0C0C0C0C010D0B0B0D0E0D100E0E10140E0E0E14140E0E0E0E14110C0C0C0C0C11110C0C0C0C0C0C110C0C0C0C0C0C0C0C0C0C0C0C0C0C0C0C0C0C0C0C0C0C0C0C0C0C0C0CFFC00011080054007003012200021101031101FFDD00040007FFC4013F0000010501010101010100000000000000030001020405060708090A0B0100010501010101010100000000000000010002030405060708090A0B1000010401030204020507060805030C33010002110304211231054151611322718132061491A1B14223241552C16233347282D14307259253F0E1F163733516A2B283264493546445C2A3743617D255E265F2B384C3D375E3F3462794A485B495C4D4E4F4A5B5C5D5E5F55666768696A6B6C6D6E6F637475767778797A7B7C7D7E7F711000202010204040304050607070605350100021103213112044151617122130532819114A1B14223C152D1F0332462E1728292435315637334F1250616A2B283072635C2D2449354A317644555367465E2F2B384C3D375E3F34694A485B495C4D4E4F4A5B5C5D5E5F55666768696A6B6C6D6E6F62737475767778797A7B7C7FFDA000C03010002110311003F00F45FB537F792FB48F154F7F9A5BC2B7ED072BDE9776F7DA7CC25F68F30A96F096F4BDA09F7A4DEFB40F109BED23C42A41E98BD0F6827DF937BED5F04BED27C951DE96F47DA0AF7E5DDBDF6A3E49BED4EF054B7245E97B415EFCBBB7BED4EF24C721C7B8547794FEA14BDA0AF78F72DD1791DD3FDA3CD50F50A5EA25ED057BC5FFFD0EB45A7C53FAA4F92A5F6BABB4FC2138C9AFCC7C42D7F68F679DE3F16E8B9C9C5DE4A89CB60E093FEBE686ECBB4FD186FC353F8A5EC93D15EE57574BD54FEAAC9F5EEFDF3F7A93732E6F243BE23FB91F60F82865753D54BD559CDCE3F9CD9F3063F2A28CBA489DE1BE4ED0A69C44745C325F56E7AA97A8150767D0DE1C5DF01FC5D0A1FB499AED6389F888446191E855EE8EEE97AA13EF58CEEB35B0C3CD6DF22FD523F587A58D0D8E9FEA923FCE47EEF3FDD27CB548CA3BBB1BD2F51638EBB86EFE6CEE3D81700A2EEAB798737635BF7FF00D2714472D3ED5E6A3983FFD1BBEA297AA7895CF3FABE499DBB1A3E04FE528166764D9F4ED711E00ED1FF0045751EDBCCFB65E92CCCA2AFE76D630F83889FF3556B3AE6233466EB4FF2440FF39FB573DBBBF8F252DC8FB515DEDBD033AF63B8C3D8FAFCCC387FD1F723B3A9E25861B7364F00CB7FEAD731B93EF4BDB8AB81EB3D56EA491A73AF0816F51C6AF49DEEF06EBFF4BE8AE701F03F14FBDDDCFDE90C616F03AB6F56BDDFCDB5B58F3F71FF00C8AAB6E5DF6E9658E70F09D3EE0AA1794C5E4A70881B05C229BD403C12F507C15794F29C9E14E5E3C414B7B7E4ABEE4B70495C2FFFD2E7094D2B3D991630901C63CD11B96E3CC2EA4640E29C320DCDC9C3955FB53E340141D758EE4F3D91E308F68F806E1B5839709FC50DD95FBA3EF55371F14A50E22B8621D754E6FB0FE71F9689DB9360E4EE1E07555F7148942CA7DB1D8373ED608E20F9F097AEF3A8215305483BB84788A3DA88D836C5EEEE01F8298B5A7BC2A61D3CA94C41F1444969C61B73F72792AA6E4E1FE69712DE07FFD3E124FDC9C18F828CF86A968BA2B73E99EE2A42C3DF542FF594E27BA3682025DE0F2902860F74FF00C51B453394F3A28027EF4FBBEE46D14CBBA7951911A2528DA299C9520FF343F82694AD0629A4198D0A530841CA41DDB908DA29FFD4E0B54BB2C749742D0767B7927D562A48A1DBF1FC12FCBA42C449143B82634E1319EFE0B112495D5DC1DA79EE9C4C792C2491082EF77D3C53EAB0124E43BE9C4AE7D2490FFFD93842494D04211A56657273696F6E20636F6D7061746962696C69747920696E666F000000005500000001010000000F00410064006F00620065002000500068006F0074006F00730068006F00700000001300410064006F00620065002000500068006F0074006F00730068006F007000200036002E003000000001003842494D04060C4A504547205175616C69747900000000070001000000010100FFEE000E41646F626500648000000001FFDB0084000C08080809080C09090C110B0A0B11150F0C0C0F1518131315131318110C0C0C0C0C0C110C0C0C0C0C0C0C0C0C0C0C0C0C0C0C0C0C0C0C0C0C0C0C0C0C0C0C0C010D0B0B0D0E0D100E0E10140E0E0E14140E0E0E0E14110C0C0C0C0C11110C0C0C0C0C0C110C0C0C0C0C0C0C0C0C0C0C0C0C0C0C0C0C0C0C0C0C0C0C0C0C0C0C0CFFC00011080258032003012200021101031101FFDD00040032FFC4013F0000010501010101010100000000000000030001020405060708090A0B0100010501010101010100000000000000010002030405060708090A0B1000010401030204020507060805030C33010002110304211231054151611322718132061491A1B14223241552C16233347282D14307259253F0E1F163733516A2B283264493546445C2A3743617D255E265F2B384C3D375E3F3462794A485B495C4D4E4F4A5B5C5D5E5F55666768696A6B6C6D6E6F637475767778797A7B7C7D7E7F711000202010204040304050607070605350100021103213112044151617122130532819114A1B14223C152D1F0332462E1728292435315637334F1250616A2B283072635C2D2449354A317644555367465E2F2B384C3D375E3F34694A485B495C4D4E4F4A5B5C5D5E5F55666768696A6B6C6D6E6F62737475767778797A7B7C7FFDA000C03010002110311003F00F4D94A547704DBBEF52D353899CA52A1213CA54AE265294A8CA52952B8994A52A3294A14AE265AA52A3294A34AE265294A8CA52852AD94A52A3294A54AE265294A694A524DB294A5465294A91C4CA525194A52A55B294A5465294A936CA5295194A52A55B294A534A4926D74A534A52952B8994A694D294A54AE25E524D294A4AB5D294C9A5255B294A5465294A95C4C9294D294A54AB5E5295194F212A57132949465294A956CA5295194A504DB24A5465294956C9295194A5255B294A54653A4AB5E5295194A5255B294A5465294956CA5326949155B294A54524956CA5295194A5255B294A534A694156CA5294C94A4AB5D29514A5255B294A5465294956C925194F292AD794A534A5292AD74A54653CA4AB5D295194F2926D74A534A5292AD74A534A5292AD794A534A694A916BCA529A531773DD1A4713294A509D63C0D1BA9E020ECBDC64BA3C93847B9A592CB5B025B7294AA829B41FA7F344AC3872E27CD2311DED03293BC484F294A8091DD2DDAA6D2FE26729495194A52A55B2DC96E5194D2952B899EE4A5425294A95C4CE5295094A52A571B394A5425294A93C6FF00FFD0F4794A4A89252054F4D0B653AA52A33FEF4E52A45AF267F22529A529FC12A55AF29F7765194A52A55B294A54794A7EE4A956CB76A96E504A744A936CF725BB4439481D52A55A4DDF727DDA21EED024094A95693725B9427484A52A55B3DC96E509F9A52952AD9CA5B941293D92A55B3DC96E5094812952AD24A5B90E754A50A57124DC96E50EE91329527899CA5B942652FF00532952AD9CA5B82824652A57133DC96E509F925AA54AE22CF725BBF0432524A95C493725B90F8D35492A571149B92DC873A7C524A95C4526E4B721FCD227E6952B88A40E4B721CA5252A57124DC12DC873E096E4B855C493727DC825DC78A5B8F64B855C49B704B720EE4B725C2AE34DB936F42DC96EEFD91E1471A5DC12DC10B714DBA12E14F1A6DE12DE821C96E2970AB8D36E096F083BA0E89838FDFC25C28E34FBD2DC3841DE907774B853C69B7A5BD07779FCD22EEC970AB8D36F4B720EE4B772970AB8D36E096E41DE4A6DFF00EA52E1471A7DC96E41DC52DE52E14F1A6DC96ED5077F869E096F2970AB8D3EE096E40DE536F2344B855C6D8DC96EECABEE4FB8A5C2AE34FB931781DD03712925C28E34C6E60EE9BD7678A140F924211E108E397826F55807297ACD1DD04C27EE8708571C927ACD95137120EDFBCA8E9FDE9B4F97823415C52EECC5A7BA7F55A7FBD0C442710950571167EA3784FEA4F64394E9504F1167BC25BC4A84A53CA14AB2CF714B7284A7FF00594A956CA53C950994A52A4DB2DC13CA84A53FDC952AD9CA69D755194894A956C814F2A123E49494A956CC94A546520952ADFFD1F429D74481FC10FD46A5EA056B85CCE31DD29212DD1F343F51A96E1F7A54AE21DD24F8A53C286F0907B7FD8952B8877673DFB253AEAA05E01E52DE382952B882494DBA147704C1C3C52A5713394A543704B77CD2A4F133075F8A5CA86E4F2952AD9729E54370481FBD0A55B310928EEF34B704A936CBF04FC28EE909B76BCA54AB65294FC94774689F704A956BCEA968A3212DD0952AD94FC827950047C13C84A956CBB253AA8EE91AA40A14AB653AA7DC14247FB1290952AD9A6951240FEE4E08E0A54AB65212950948387252A55B294B4519D5291E3F24A956CB4D3BA52A323C534C254AB67294A86E09F76BA234AB644A45CA129133A254AB644E8912A20A691DF54A956CE469A7C9290A1325227B8D52A55B3994C534A6994A956CA529EC9A534A54AB6529B9098E8903FEF490BA40A8F3A04A74F14556CA52519094A4A6497074F085194A7C794A94C8A5DB54D30992532F14BF1512E4A612A52FA425D804D3A6896BF0494BA53E49BC52292979F14934A527B254A5E52984D29A75494C894DDBF2269E52F9A348652534EA9B4EE344B40124AFE3F9538298A5C9FEF414CA7EE4B776514A4FF04A94CE520EFB94652FC12A53294A795198D3B240F92149643FDC968A33E0907254A673FDC913FEBE4A3B92DD1F34A956CA444A5F95467EF4B7764A936CBBA52A3296E84A956CFCD2EC1464269F1D52A532FE29CE85467FDA96EE52A53294DC14C0A5B872952591263CD3029B770652DC952994A704150984A50A55BFFFD2EE480901A470A5E49057ADC6A5A04A50A509BE085AA96F0F24A744F1A251F704954B04928D52292A95D924E969292A963E213F6FCA992FE292594A52992FF529297DC61397765184FF009124AF27809A7909BE7CA4929949FBBBA624FF007244EA96BFEC4156570E3DD2929BF10976D3BA4AB2CB7709A4CC4A64A7921255AFBBBCA5B9304A354956CB718E52DCA3297E44A95659071F925B9467BA74A95657DC9076B254794FDFF2A54AB2BEEF04A49519EC3829F44A95657DE79EE907184DCA6EF1DBBA4AB2BCC8F24B718492FF0059493AAB794B714DDD284B446ABEE4B719D1453A549D57DEE94DBCF8249B4F9A2AB2BEF725BD3689F84A9567BAFBBC52DF2A3E329FB7F142956596F1F2483F550FC894CA54AE22CF725BBC54351F14DE6952B8926E052047CD43E6949D52A4F116612DDA21EEFBD3EE2952B899C89F18EE94A84994D2952B8927291709F34393FDE9E75FEE4695C4CFF2A52A1296EF0E39D50A571339D344F23EE430E3C4C27DDE1AA54AE2653AEA94F651DC6129EC12A55B291E3AF29E67E287BB84E4F74A936C92D1443A12994A956CA47294EBCA84F884B4F8254AB673A78A53AA869C70968952AD9CF8A52A3012D12A55B29EE913A79A8E9CF64FE00254AB653E691263951100A51AA54AB644FDC94F8A8A4020AB652122744DC26D524DB299EFCA5265467C754A75D52A55B29294FE2A1253CFC91A55B294D3AA8CF74A52A55B3252DDAA849489D344A956CA4A5BB9E1467BA530952AD94FDE96ED54494D2952AD9EE84B7F8A813F14A52A55B3DFF24E1C873F7A53E0952B89FFD3EEF7269948F9253FEF575C75F4F148909BB25F0292AD7993F91348FBD24C8A9794FE5F728F1F912D744956CA52F9A884BFD65255B29F294BB689A79F24B5494BF1F04B44C94F7414BCC7CD2D130FF7A49297F04A74F826F86A9C10929452EC969F349252F294FE2992D3FDA9295CFC93C99F0F24C97978A4A57994BB251D9377494B84BCD2E42523E492953AA529484C0FCD255AF2538327C147FDC94C94A956CA52F9EAA3CF294FE2952AD94C249A758F1EE902926D7F34A534F8A49522D79D131EDAFF00B937C754A784936BCA53D937C4A53E05255AFF00EA124D29894A956C8129775194A51A45B290928A74956BCA5A77E53253F784136B9FF5294A64B528D22D5A7234F34A6129EC9B88FC8926D7EC91FC89A7E5E490E5255AF2904DD929FF007A4AB5CA51E498929CA4AB5D25193F348FDC92AC2E9E3894D3E4924AD1497E54A4253092B45E12D13484B5495617F925A7C936EFB934A49B0BA407FB134A40A4AB0B8FC12F826253F7495A292F8252948E3B24AD15A84F31A78A694A67F8A4AB5C94A7BF75194F3E4852AD791F8A53F82694A42549B653AA40A8C84A7FD8952AD792914DBBE494F9A54A5E6524DF3D5225252A524A74D12EE8A94913A6A9892924A5FB253DD325A24A5CA5325324607C9252F3C78149368924A5FF0082529BF0F04BC9253FFFD4EE8F29BFD6122981579C75E63E69264A7C1242F2949F826949252E524D3E0913F91252E94EA9BCD29494BC84A744C4A5A7DC9529798F34A53253A24A65331294F73CA8CCA52784A94BE9DD3E9CA8EA90494C86BC25F8C28CA44F9A54A652926921294A94BCF8A49BE1F14B9FE292973C7294A62949494B9294C26F2FB931292994FC93484D297FA8494BC8FF00625A7DE9A754BF2A4A64129E54794E25252F294E8A331E6949095299174253FEA1349E3C131D1253225377929A522651A52F3FEE4936BD92D7B24A5F9D52FC8981D537978A495D3F3E6981F14A5252FF0091224709A52DC3EF410B9F8C25F894D252F3494A492FF584B4454BF994B8D7BA69EE9023FDA929533DFE09E7B269EC9A652532FE09929D534F9CA4A65AF8A49A7FD89A65252F3DD2F3E3BA698294FCD2532D532694A5253294D290E529494AD5207C13244A4A54EA925DFCD379FE292970524DAA4929948E4A43951E344A52532929A65294D25252F29264B8494BC9FF006253FDE9BB248A9794A75D5314A5255AE94E9E4A29D0A55AF25294C9764936BFC529D5314A7B422A653A689A534A482AD79291F8A6052FC5252FAFFB1294C948454BC94D329774B8E1252F309E54534A54AB65261207EE4D294A0AB7FFD5EDC9D744D3A2479D132D0A716D92694DF14A7FDC952AD949EE9934FE09A7FDE952AD9CA53F7A8F74891F34A956BCA52A3A94FDFF002254AB5E52984D3DD29D394A956B8294A61094A54AB65297F0514A754A956CBCD2519809D0A55AF29E5467FDA94EB012A55AF27E49C91FDCA3212F24936C931FBD3709C94956B84B833F726D2344A5245AFA264D3C27FC89295C25E69BF0489F0494CB44C3C7BA60744A7C1255B213F1F04BE4A329FC124AFF00EB09774D290490BFFA84BF8264DDD24B2E3CFCD369129A4A529297EC9774DF9537C11532296A354D2652D63E282974C9248A97F87DC9BC924BE482974B4F926949252FF9132490E1152BF8252976FC89925329F34C1299F8A5F0494A94A53709E5252BB689C26E52D12528C7C93A694BC9252E925A47C134EBE082971092694F25252931EC97C92908A944A6E52F8F74E5252923CA6F2F0E13F7494A9EE97C1294BF0494AF826D529FC53A4A59284BB084E9295F34DD93F9A6F28494AD3EE493F6F9A6494A4B8F248F9A465252B4F9A494FE0978F9A4A54F9A5DBF226EC529454BF749324829727FD4A49A67549252E94EA9BF82411528CA74C12494BFC122925A20A54A44FDE904DDFF002A2A7FFFD6ED09F9260540B8F21307720AD2A70B88254D3AA8EF07C93CF82549B5FC52929BF2A53F8A4A5E7C129D534A79D5055A89D13A694A741F91252F29937925F1F924AB65F97BA5E69929494B84934A5309257D4249BCD29092AD94E897C146653F3C24AB5FE09729BBA5AA4AB5C253FEF4D297282AD74A78F34D3F8253DD255B24946529FBD2A55AF3A253AA6F03D924956B8F3F9252A3AA48A99129774D294F64956BC84A5325FEA1052F3212D534FCD2EC8A971097E54C913AA4A5F929261F72492AD79884F3F8A694DFC104DAFC8F8A7E38514BBFF1454CBE094F9A8A5F8A148B5E42529870924965F9134CA6EFA7CD3CC13AFCD25292F24C7EF4A5152BBEBC25AA5D92494BA69492494BF64937C7B25C70929794A78F14D3DFEF4A5252F325224FDC9844253F724A5F9094A693C26F14A94BC8FB93F928FF0004FCA4A5F49F8A694D3E7A2492994F925AF129B8F9A40A4A5D22537C12FCA92974A426E12494BCA52744C3C923E5CA0A5FCFEF4B84BFD4A6F8A4A5E7CD20992494BA49929454AEC97C1348091FC5252FD930492FCA9297D7E6914D294E89295D93CA64A5252E9774DE6941E1252FDFC1294D298424A644CA529A52494BF64934EA97C1255BFFD7EB4EA9132914DDFF00BD6ABCFAF20729C13D9474EC920AB67BFC53EE6EBCA1A4952788A40E69D0294A14F7F0D4A53DC774295C490B801CA5234D50B54F2952B89217B479A897B94532348E22CB73920F77DEA3E3F8274A95659879E0FE096F1E650D2ED0952788B3DEE4DB8FCFC14427052A45B3DE74F04E1E09D344394A52A4F114C9128323B27DC7B94293C4965250DE52DE10A4F1067DFC122A3B873AA6DE394A956CE46BE094A8EE053EE1D8EA952AD7E529F9F9A6E529EFE092953F725CA6DC122F0952AD94F74D29B736225291FEE4A936CBFD4A453269494BC94EA213CA4A5FBA4784C9925324B4F884C977F2494BA5A2610131704956B9984FA76E1437404E1C27CD2A55B24E74E14414A7B20AB653FEE4DE69B549255AF294A6903BA691C22A65AA53DD303A25F90A4AB5E7F14BCF851FC12492BCA707EF51FC89248652129F3514BB24AB65294A8A52952594A44A8C84BB254AB649A52F34DACA4A653E1F04C394C9FF001494BF977F04C3F14C909E1255B29D124DF1E529D1252FCA498149052E13EAA33A25292994A6F24DFEB294EA9299484D29A7B253292AD791DD24D294EBAA2A5F4FEE4B9F8A69F0486A92974C97CD2EC92974C973F04BC5252A4FF7A4992FF5092979F904A7FDA9494D3A729297F04814DFEA12494BCCA5D934A5A424A5C4A529825AFCD255AF20A529A529E52A53FFD0EB08829814C75FEF4DDA0AD6A79E6478E52F24C5227FD8922D90EC12F35193294A1495E3BC27F3EC9A7494D30525324DC68925CF6494B84BF8A69F0FC52EFF0095252F097926D427E1252BE3F725AFC136BF24B4EE9295C7C92F9A5AC78A529295E2968137067E49D152871E491492FC3C5052F2425241F24C3E3AA5DD253291FED4A6544A7492BCA529A4249297948994DFEB2924AB5D24868529EC9294925FEA137924A65B8A5BCA8CF97DE9CA14AB2C83CA5B9453709526CB39275E529D14744A7EE4A956C87E44A534EBF04A74D5252FDD24C4CA492974B44DAA49295F34F27C5325CEA7EE4956BEE29A7E69260929791DBE694FFB1324929794BF2A64BB24A5E4A5B8A64A5255AF2784A4C729BE2924AB5E4F7E138778E8A3223C92E125596721227E13DD409D52F86A952789224860C7CD3EE3C4A14AB664A6FF0050A3B8CA5B8A549B67AA5AA86E3E29BF8A54AB67A24A13294E88D23899FE509FE68727C52928526D27052E2021C94FB8F0952B8998292807F927DC12A55B2994A74951E44A71F72495D24D3F7A5DB4D525293A64B5E3B24A5FF14A7C3EE4D212F0494BCC84A7451E13CA4A5D34A6D784E92944F8A5221325292979D3CD21F8A694BF824A5C991294C28CA49529903E6928F9A5DD252F3C252234FBD37C1208A97FF594A401FC5324829FFFD1EA0C2794C79F14DF05AEF3ACBE1F24A54754E9297EDE294A698EFAA53AA4A5CF09D4414A7FDC929903A4A694D3E09D052F2129D74E5474D0279F0F9A4AB65297CD401EE9E6384A94BCA53F7A69F9A448494BA529B4EFC25CA495E524C978A4A5F548F8F74A52FC1252B5E67E29E7BF74C9BC92532E12FF0050992EE92979F0487826D7EE4BBA4A5F5296909A425FC1252E926F9247F1494BCFDC9E5467EE4899EE829794E0E8A3C25FEA11A5320679F9249BBA482574934FCD3F8A4A5D368979049252F2973A0F8269E0949252E4A529B41AA5AA4A5D2E534FDC9812952997FA84DC7F14A652EDF1494BFE44C94CA53292979E3B84A5379A529297F24DE3298FDE9E75492BCA5DF4514E9295FEB09F50A212494BCF8A5A26949252F2925DD324A5FF00DE97E44D27E29FC5252F29937C12D21252E0A494F64DDD252FCF1CA453774E929497694BE09729295297925A70981D5252F3E71E49C13F14DE6992533DC652DC07CD43E3C25F14A936526E052943F24FF910A55B2E13F2A1267C92DC7E4952AD9CE9A253A73C286E9E52DDA7E54A936C92E134A5BB5F04A956BCA529B74A69D3CD2A5329FC134A5A7C134A4A65294A6D3BA6D3E492994C2694D29C7E28A953E294EBA25CA69D74FBD253294A74514F3F820A7FFFD2E9CC4A6EE139E75E7C5377D16C3CE2F3F7A498A45252E9B594B58D139E5252BB253A261E2924A5E2134E8925FEA1252FAA43EF4C972925791F7A751FF584E3408217994BE3E0989F04D29257113CA4344D3F8A53E28A9903A249A402948414CA7949467BA7052A52BB4F8A7EDA2699D5293FED494BA75073DAD04BB8417649E1A235E51112764580D84A477223C552758F76A4FC1464F2794EF6FC51C6DA7645634E531CA1D9AAB4F3AE896E4EF6C2388B67ED4CF02024729A3F365562494DBBC12F6C2B8CB60E53BF74479A4ECA776681F1D557EE94A3C11EC8E229BED167730A6CCA3C380F92ADAFDE90F2E52E01D93C47BB7D9631DC1D7C13EE6CC4827BAA133FDE9499F1EE9BEDF8A78FC1D0FCA977D1526DD63468EFBD106510356C94D38CA78C3667B2705059915B86BA1F3440E046E690479269046E1758E8BCA498903B84B7B4F044FC50A52F29E63FDA9A75D52D21252E94E9F9130D44A5E5F3494A9F34E4C7C132492579D7F8A649227BF8A4A54E9294EBE69A75D12494BCFF00727992A3A8F825F14A94C81E7CD3123E0121294A4A5484A7EE487C52494BCA4A29D2A52A74929C14C97C9252F294A88278E52D41494BF9247C92EDCA6494BF3AA5E497825CA4A5C14BE498F2971F0494BCF8240F74C9729297FCA982527B2492543E09D326494BF6F14BE6925292979D5294C0A49297D3E29B94BE094C6A929497E44BF2A5D9252BC92948A4024A56A9264E7FD61252FF0034D27EF4924956BEE4FCA8FE5EE992A55B34DCFC134A8BAE6304BC81F129514DB3FE0948552CEA35811582E3E2740807A85CE10006C73DD3C6199E95E6B4E488EB6E9CA625658CEC913241F885669EA0C790DB46C27823848E190F1F250C912FFFD3E9CE929A5227B26FE0B61E717E7448E83529A74D52D3BE892170537799D541D73019E4F928FAE27829DC27B2AC26D529F1F9217AEDEF2138BABF14384F655849F04B4501630EBB84270E69EF29526D7F3EC9FBCA698F9A5C7F7A0A5709E7C3B70530E529E7BF824A5253F294A129FC7BA2A5FCB84BCD379F2968020A5774869A289B583BA83B200023DC88893D116137C5339C1A353F255DD7BE20687C50DCF71D49D4F729C207AA8C93BAF6CFB751E2A0721E7821A8529BE29E2016F11645C4F3A9EE9B44C3EE48C7DE8D21794894D1FEE4E92952908D414DA94BCD2528274C52FCA8A95C9D7B25F2F8F825A194BBA48576F3EC94F97C529FF704A75492AF0F14E2223F04D294A4A5499F34A61229BB08494C929F97826ED1CA5DD0532DC3C52067E2A3FEA4249529236EB1BC3BFDC8A32CFE70FBB455C7DC52F0081883D122443799915BF831E32A732B3BBCA70E70100903F8A61C5D8AE137402790B3DB75820CFDFE68ACCB77E70D020719F34F186D4F9C14BF221B6FADF1AC4F8A9820C471D932885D6BA49A53CCA4A54FFB53184BBA53FEF492BF09BCD293090E21242FD9312976F8A52925794D21211097035E06A5252BF214E82FC8A9BCB8784043766D6346825384247A2388776D494A55439C23E810E8F9281CDB34D0422314BB238E3DDBB3FEE4FDD5039B693D8297DB9FD80F394BDA92B8C37744B41A9E150FB65D3A47C145D9373C105D03C91F6A5E08E30DF73D8D1EE20283F269672E93D8059CE76E32E24FC5348F0E138611D4A0E43D1BC73D827DA4A81EA06086B3F154F77DDD92DC9DED47B238CB69D9B71322047648675A390D55A44A5DA0A3EDC7B238A5DDBCDCDAF496913CA2B32287F0E1AE8B32653F7F8269C31F109190F575B4E3F2A73AACCAF26C61E7734762ACB3398EFA40B7CC6A1472C521E2BC4C1F06D7F04821B2DADE3DAF0614F4FF005D532972BF82794DAA83EDAD861C40EE12AB5334A7C10066553078F1507E756276027CFB27084BB2388776D68979FE0A93BA81886B359D0CA83B3AE9D207C9118A7D91C717401D5259A33AF064911E097DBEE04CC46A611F665E08F703A5DD3170024C7CF4598ECFBCE8086FC109D6BDC3DCE2E8E275446097534A39074751F954B3F3A674D3555DFD40CFB1BF7AA1B8A5B8A906188DF55A7216C59977BCC4C03D820924F2755194D2A41103614B492594A523851F3491A4329EE9031CFC54653CA54A7FFFD4D52E78260910A6CC8B1BA93B879A13B9E53707C5743408D5E5ED39C9710413B53176E324CCA0F1FC529D652E11D1569A4FF0489430F3F152DC0A14A653F7A523B6A992494BFF0004A7CE12FC52F9F0829987B81E4CA7F5ECF19F8A1494BE1AA5C23B26CA5F5ECF2D54DB903877CFB855FF002A5A7FB90E11D9365B6EB991A194339067440E794B940402B88A436B88E7499512E2792755124F07EF4B44EA08B5E52512E1D92DC7F8234A5FBF9A7951DDACC68536ED754A94CBBF9A49A425A42485F54BF8A5AFCD2EE9255329149205242D09F80987825F1494BEBF7241293E0924A5774A137CE13927E492564E9B44B9490BE83CA7B26E39F825F953FE5492A294F8EA98A5D9252868978FDE94CFC929494BFC39EC9002134F87294F25252E0E9F9129F04A7EF49252DA809F429B4E129FBD252F27FD8926D3984A424A513E28B55CE669F9BE087209D0E89B736227E08117A52416EB2F63F4E3C2513CE20ACD2E6C18D14BD77348871F24C38BB2E13EEE86A971CAA1F6B7F893E6A2EC8B1D3AC83D92F6A49E30E86F6F7701DCA42CAC9D1C165FA8E4DB9DA047D9F1471F83A6EBEA6897387CB541766340F68F84AA52E21292138621D7541994EECBB4F97C141D75AE11B891C94227C12F8A78801D16F11EEC8F8A5C68A13FED491A4332E84C5FDBEE5191F04C952596E9D7B245C5453FC44A348644984C79E52F9F09A7FD85252E9247C7C120411A6BE692953AC7DC919F151AEC6D80969900C1F921FDA6B15BDFDEB9D3C52A3D949A52554E730BDAD6F05A5CE3E040955D9D4DC18011B9DCCFCD384249D5D2FF00584A63F8ACB7F517B9ACDA61DB8CFC386A6767BBF4C3BBBE89FC11F6CAA9D42F889EE607C54464545C403A831F30372C819964D53F46B8F9C219BAC925A4824977DFED47DA553AD6E7D35B1C5B05DD80426755B431C43B689680DF88F72CB93E3A94C498E7447DB8F6B4D3B67A98DD5B0B8FB84B8CE834436F53A9CF76F3001D0F8EBA2C8D7BFC924BDA8F6553B35E756EC736BE0104B48F34665EC78DCD3A103F15CF8263CBB2936C7ED80E807948E30AA774DEC2D2E1AED99F9255DADB181CD3A3B50B0C58F01CC07DAEFA4A4CC8B185A013ED32025EDA29DBD52598DEA4FF004DFBB57C8D9F7A80EA1701332678EC021C05545D6F24DDFF0082CF1D44FA6E07E9CCB7C2158AF2D8EACBA751A007C821C2422A9B13F82743F559B809E7CD265D5BC6875E23CC21454CE524D2263CA523092953E29CA8CF6F9A53DBB24A649BC931200049E785075CD6DBB1C40F6EE94A94FF00FFD5D23FED4D2133B922525D1D3CBAFC7F04A75FE29BE0529F14A94CB423E2949519F9253A2548661D1C29074F2863F04A74F142929419FEE4F3085207096E429493F1F14E861DE1AA45FDB8F14A94CCB80E794C5E07C1427B252952996E252049EEA3AA53F394694BCA7933A28CA49529948E52951FE1E094EA9529913F7273CA8CE894E895297909FE6A33D921C04A94CA494B77CFCD46521050A5320E83E296E1C28CA452A5339D52FE0A131E490778A54A667F1489EC981044F74A61252F3E090FF78519489295299484C4A8CA5FEB29529949EC794C37025211AFE54BB24A511E697C5299D129D5252B584A7B94D2948452BFE4E13CE9FC5427BA5BBE49521993DD36E0395024F74A52A532DC52DE7EE514B82952996FF051252FF7A5F34694A4A612D3E499252F3A26E528EE53F824A57012109BCC7CD2279494BA6F31F7A5A148A4A526291E12FF005D5152BCD2D2252FCA98C24A56A925297C3B76454AEE9782897B59049001FBB442BF2BD3356D20879FC384A895274FDD54B737D36D84104830D1F08DC80CEA2EF53DDF40EB3E488812AA6FFAB5ECDE4C3477F8184CEBEB690D9D609FBB958CFBDCFD3B024FDE99F73DF1278040F9994FF6FC534E91EA2C2C0E88249047800151A32ECA5F209208882804E894F74E11013496BC87B1AE634E8E32A1BCB844E9AA871C25C42295C388D662129EEA29F4007922A509FB938F1F14A74D34F14A61052F1C4A42009FC131297E5494B69253C984CD13A13CF74E2034A4A5386807CD2D62131E41FC12260C24A579269E53CF74DAEA5252BB7E296B1F02913A4FE097C1152A613923EF4DACF8A7E1052A67E30907188981AE8946BE49088E1253316BE39E3507E0A4CB9EC3CE84C91F11087320C2893C24A6CD799637749930037E4558AFA8820EF10625A7CD67820B67929B42021C20A28371F9AF1901C08DADF6F910A597965B696378113E7A2A32267B77849DB8B893CF2651A0AA6D1CDB0B583F723E642AEE7B9E64992A1BBB271313CA549A7FFFD6BEE3AFC53494C4EA7B84A6174B4F2CBCA53AA64A5252F29E7FDCA33AA53E7E695299CA52A1AA5210A5339EE977514A7C52A53294A428CF1E29254A65C799EC94A8CE9A25295299030529FBD453CA54A647C9207FDAA33E6970952994A521452E7BA54A653E294C2898D12414CA75481ECA329254A65252113E49B5F14A75492BCA7951492A4322912146613CE812A4AE38F24A4729A534E93E29529927E7850984A7B764A94CE5243DDAA45DDA52A5249EE534C2192913E1AA54A49212261093C9E3B774694CCBD312783D94414A7C384A94C9227BF7519094A54A65AA5C1D14653CA4A5E529D546538E5252E129D3C136ED7E09C6A9295F93C53809A74F34A65052E4FDC913F7A89FC7C1294A94BA529A744D28A992627C937CF8512F6B489304C08295299F97329B9F9AAB66756058068F60313DFB215F99B6D7007D9B5BF7A70815379EF0D6B8F3B46BF24317B7D0171D016CC2CEB72DCF36C1F6B888084FC97383593A35BB63F2A70C69A6FDD9B2DA8D6625F04215B98F6E459E006C0A86F31F03213173892E3DF54F1001349DF92E7D42B719DA491F721BEE7BC3413A30401E4A1DE12E3F2A34AA5124E87503B7C52989297713DD3128A5793A994DC82986BE5AC27049300424A572138E13252008F1494B9D7EF4B44D3E1A1E025E3DE1252F3A251DD30200D3BA5227CBBA0A5E239488129A7B271E69296E02799FB92D0A6EFF00824A5F8486A0262742121A80424A569A7DE93812247DE98FD1909E7B768494B48DA9E7FBD28903F04DAFDC929474096A38F8A677213C76F0454BEED0148EA7CD44F3E413CE9A729297064A53E3C14B4E7C744D2207924A65ACFE44D111E5DD21F953498494BC44FC1334F1E21393FEBF14DA6BE27C125321A79A627493DFB7C53481C710913A03F009296EE0152120109B498091FC8929FFD7B862534F09CEA7C932E99E5979D524DF91207E729297929764D2924A5D294D294A4A5D3C93F051F34A525324A7C14653CA4A5E524DDFE097C9052FAF8A529BB24929925F0514B94A94BFCFE497C12ED0992532FC494A5467E4A3658CADA5EF300254A492529954ADEA5456FDB3220EAAB5DD64871F4DBA0E094E1029112EB03E2856E5514902C741311F358A7A96496968773249F8A0597BEE76EB0F0207C9118FBAE10EEEF59D43158D277825A636F73AA09EAF46E1B41208327C0AC5D0FC5348DB1F7A708453C01D43D65C6C90D961EC7E099DD62C0F90DF6168D3CD66C469DA530D204F9847863D95C21D7AFACB0CEF6C7842337A9E399930D9869F15867FDA90DD11E0870455C21E8DB9553CB84C6C21BAF89E149B631FBB699DA4877910B9C0F789D489209F92257957540EC711BB943DBEC8307A1F82658B5F51C8003275EC4ABCCEA54B9CD61D246A7C0A69811E2B4C486E049536753A5F66C0204801C8D66554C2C04CEF9FC12E13D9145324A3EAB01689FA7C7FAFCD3EE1BB6CEB131E485297052D123A247EF494A9FBD3FC146529D12A53294A54652052A53294A4A8C8F924952994A41C546529D0A14A664C26DC147C8A628D299EE09F76887B802078E8106CCBAABE75209103C425C296CCF87C942DB4575B9F20C0EEB3FF0068BC580C7B266156B2E73E4769263E2653863EEAA2DECACD73056EA483B8190556C8CB73EE0F6F0D88FCA80E739CD683C3440FCAA27CD3C4405C032738B9C49E49D7E698983F824EE7E09811329CA59223C54B4DA98E89256F04FDBCD44A7EE9297329A78FCA93BEF4C099F2494BC83AF8269D34E754BB92129E525293CC6AA13DA652275F2EE9257067F825CEBF04C4C0309C4424A512758EC9A4FF00BBB24267E2983799EE9297DD0981D53E9F725207F0494A931A72949133C721307764B748F824A5C13C241CE519FC5300667B0494943BCC270E6F081DBE696A5C82A937C0FC537E74F92112418529204CA2A4838D794FE610C3FC53870FF620A651E3D92222536E1CF8A44C81AF924857321207807B253C774CE1F95152EEF6EB329A3B71DD3B80DBA7FAC240EB3DA2124AB7489E3BA62644A51AA6EC9297D6744FCFC93408D3C1334989494CB6999F926981DE784A61319FBD253368044A44473DD441F6F842704F7490FF00FFD0B44EA9A75FE091E521A6ABA77965E5294DFEB29A4A4A65294A6E53707F224A65292894F3AF3AA4A5CA75127EF29B76895299FCD313AA813AA412A533DC026DF1DA5409FF007A60E69E083E28D2926F29B712AB3B36A6B1AE2742E23EE55BF6A8D9F465F1CF6947852225D30F2A2EB0344B9C00E562FED0C83EDDD11C203EEB1E49738924EA8F02EE02EDBFA863B1DB5CEF1D7C08559DD63D9A0974727C56497124A4E28F0848806EBFA9DEEDA4F21A5BF7F2E42B332FB5818F748067E6ABEB03EF4ED4682EE10B133F348C7DEA5A71C24EE3F0492B6E809DBE2A275D13CC08490BB79266025B624CC765107B272E3092979E675F3526E8038F890544F6EDFED4E75113DD252A48829A7883CF2984EBF9521AA4A645C94C88F04D03B1E12131F0494CB76ADF92791C4F079509D3CCA6991E292A998241F81FC89DCF71D499500446BDCA7D048F049490DCF9E488E3545AF36EADFEA0717102083E0AB78F8A5212A4507499D55F04384BBF8E8AF3726A7B5AF0443CC0F8AE7E483CF64E1EE810604FE281884183D1E89E561333321AD3B5DA13ACF8AB6EEA7B6C711A8D8037E3E29BC25698974490394A44C77898F25957F52363368104199FC899D9CE68639A65C1B0E27B9994B80AB84BAFDD2ED01527E7343DBB75D09709D38909F232A2EA035DCEAE1E450E128A2DB5175D5B4124C6DE7C956C8CC0D2F634FB877F0546CB5D63DCF27E972888F7488BA8FC9680E0DFA41BB84F083919BB5A0323778AA0EB5CE209ECDDBF24C5D20792708855362CCA7D9327E8990469D95799327594DFC52D0007E28A590239E147B84D223C12EDA2495198013BF477E54C5E2069C262EDC7CD152E4FB8A5AC4F79809B7099FF005D122E3AF6414CB7408FB931209F3502ED0262E328A999238488D143FD4245DCA4A653FEF4D32EF8F09BE2903A9309257D36CF8241D3F351E7C93B469E692953CF684C0C104A47FD896ED5252FC925211C1512F90903AC24A65B86BE0A3BA6428CFB8A72413292571C9F08090747DE9B44D3DD2532EE94890A20E89876FC52532E6004E0E80732A0E74401F7A903DFBF29295DB5F842463E699C60848CF3E29297248327BA79FC147C3C92F1494BF24279E7C545A47E09C78A4A54FB75E394E4894DBB5D52E22793CA4A5E4CA5B88D27BEAA2E3AA5FDE92996EF329077B9441D449D134A4A5C3CF8A96EF150EE976494CCD91A7290791A286BAF9A91E07924A65BB4D529063C1406834F9240E882A99C8E213EE11F2E10E7B9D1298F8A4AA7FFD13190484D252307409BCD752F2CBEE309499E54490D124C0E39EEA26D60FCE8891F7254A49BA7E2384B7943F56BF70DC3D9F4BCBBA19CBA400777D22211A55362494A4AA7FB429F773ED3023BA0DBD4F522B6E9A73FF492A48897479F34CE7B1B009895936750B89691EDDA35F3282FC8B5E439CE248E11E14881769D914B5B25C00225557F54ADAE780240D1A7C56639C4CC99D147484B857080EADD7F52B5ECD9C13DC2ACDC9B5B203A2743F954180CEA9B994570002E4BCFB67833F7A61CC271A0290D24A295819725E3E6900049252992929603F14E78E529D5293A9494AD2078240C48F14DD926CA4A5129DE744C35E5319494B89E522349FBD28D35EE9BC90528733D938E0C7DC90D02903025252C1C79294A523E45224989494B83A41F92525304A42485693F04E388D42610750902740524AE4F1E097038D12E7EF984A01D1242ED8FEE4B49998F14D0675486B0929406BA729C1932784D1F294E4EBF0494B9D0A4381E49346BE7DD444CA4A6531B8241D220FC932769E7C5252FCA531F051EF3D92064EBCF3292999713F9122F718713E5F728BA070751C279911F724A56F264933B939710D03B28EDD207DC9191292921B081A764DEA1E7BA84C7294823C0A4AA4BEA0E4A6DE0F9EA867C930907F2A48A4B2089F04F20F0508181F95207502525533D414E2077509FC1313E692924C26F8951E4253DBB24A6444C418F04A27F8A8F7D7F14DACCFE2929910753F348F8A6DDED4D3F9514B22473DFC12DDAC468028CEA9A759EC9299174109B4E7CD2104A626525289309170094484C41F9A4A5E344877298CFDDC25AA4A51E34E538EFF726E6470903CFDC5252A52311098FF14F1A729295DBF226ED09C1FC121C4A4A59DA41EC9FB6890E24A5C88F3494A3AFC9393A7C5474E13F263C5252BF3A3C924DDC94E7C5252ED3C260794C349F24F3CC7824A5471E2139899EC1460C4A7278494A227C9398F9A89FF6A7EFF0494AED1F8A44089F04D2784E7831DD252BC0F8A71F91227C3B2627EE494B91A477EE99C5227C13E9C4A4A5888D025253C78FC5447DE929525225DDFC53F8F6FF006A8CEBE4929FFFD20D99ECDC434EA03B9F11F45546F51B0CEFF749D3B79AA8E74BA7CD443BB2EB283CDF086C5B9765A06A400777CD08DCF7125CE2776A873296B28A6824F51D2609F77D250DE789E1313CC729924D2E1C6529E530024276B743292953252EE9C8EE969210528F2520351E694FFB534F8A4A6523B269D3E29898F8253F77824A57C522794C4A47C024A5C9984BE6A3127E0924A5FB41EE971A14D3AC24524AF276C25AF09A784F3DFBA485C1848F00A62247C523C7C1252E3C0FC92910477EC97888488E4A4A51E0253263B26F3F04C6424A6478F8A6F3F14DE09D2532D26520758E24A81E613F067CD252F11207C9204C240C38FC5319E12532F34930988EDDD281E29297F0294C7CB54D2213E892944989EE94F8A631A91C764A52532912123F1519FBD20E8092A993BC92D7F04B7700A40EA92171C47E298EA9FF00D61203E709298BB5013B4C123BA44C26EE929949023FD652267FBD3772903F724A5C9831F7A5006890008F34DDCA4A5C71F129CF71E09BC3C8A53AFC78494AF24BF380EC9A75329E75494A240D3B7F7A44F97C13032483E3CA5E49299691E6354D3024F1E298687C93A4A56B13CF0919F84260743E3D92224A4A5E46B2976FE09BB88F1D52F878CA2A5E635F14DDA3C1299981A7826274494BE8025A6A7C947B279494A13111A244FF00B52D469E29031E68257EF2134E898FFA84BB22A644E9A77D534EA9722534A4A51E27CD49DC79C28B86A913F91252F11F825DBE094FDE9876494CB86FE2971F04DAC253A0490AEFAA7FF5098FDE94E909255E294E9E69934F092991EE529D3F048E81464F7490C87825CFC0269F049252E79D7C13E898707E309A7BA495F84B884D3C2704447824854F13D929E4A5BA4A5301252A64FC524D2539212528FE5097027C53032D3E5C7C9207DA3E2825781F34881C7DC9B52521F8F6494FFFD3C131BBC9347828999F8194F30BAD79DA5F41AA47C3E69891A04C4FFBD0532042623C3C536BF7A5224424A5F483E2384894D2120929727C53261AA7074492B8884A784C7448A4A57748C4809269494BE894E8534F29BB424A653A26F34B84C92978D67C394FDA3C12EC90331E1292947C137784FDFE09B4494B94E4FB7E2A32754FE45252FDFC1302794A7DD29A4EBE7A24AA64384DDBCCA4988E23C12532104A531A260534EA92A991E523F47CD34A7E74494A24426EE129929099F08494BFF7A5C2613AA47B91F724A5CC25E09A604774FC7F724A54F8A53A84BE1A9E131274FB9252FDBE3D93E9A04DCC14A44A485C427ED3D9444152D76C7109297304CF8A711DF4509D354E0F012532DB2046B29A23E5CA5BB484E49DC3CC24858C70123A3BC8A7D0F035F14D07F8CA4A51D34F04B582918DB298FF00BD252FA02944A69F1F8253AF824A5E3EE2969A7DE9127B0F9240EA64EBD9252E6227EF4DCCCEB090D5B1E69031E49295CF1D92F0FBD2933F14C78F3494AF1489FB9283BBE3A260742925707C12D53490977E74454B8994DDD3F04A6D41F8A0A5FCBF14C652E414B4FBD2529248F23EE4C1152FDD23DA5223584CE3AF824A5C484BF826481D5252E0C9D7EF48090534C94E0E85252BCD39206A9BF2263CA4A6529BC2531D3BA73047C1252FE7D93048F80E4A5C7C92528109BB7C0A43948F72929725224907C5303FED4A5252BC924C794BB24A5E60252988EC9C47DC92541298292460FC1242E46B09690989D7F2A69494BE84A7EF1E2A24A5325052FA94E626070A20F6F04F26024A54A434F926EF1E69C77454FF00FFD4E78F24F74A744C49D7C92FE2BAC79FA5493AA53AA63E290D61252E744B5E5338EA97221252E784F310A3FC5393F8248571AA43983F109A7B244F092697FE09722534EA414A4C84954A24FC923DD34CE9E69C7E109297275FC531EE9BBFE09C779494A9E138FC85207B253A24A54F7EC9E608F8288D344A424A5E7DDF894B427548261A0494CB448E903C7C537684C38092171C427ED29801DD3A4A59A63E29493252EE3CD23DC76E524AB8984A359FBD277E54DE3F7A48643994BB129B9F9A53A1494A913E49C9D4261C13DFB24748292974C275294EBF14BFD4A4A57C139D534F6EC90FC1252E27EE49B294EB03E2918EC9295DF44A5303AFC02438FC892970949848709876494CE675F84A60784C0E9AA529299448253CA1EF10A26E683F284AC2A8A7DC7E4907420FACD98EC754E6F60F8A1615C27B2630469F1298EAE8EC862C6C73CF09D96B08D78984AD1459F3FDE98F3B8A408EC7FD42769F6C9EE8DA98CC9F248F3F34FB601FC0A89D088494BC91C764F321475E7CD3E9AEA929434909CA42134733F2494A3CF9A63E5E29E2481F912124C78A4A54C829687F8A51AA6F2EE9297EE121D93191AF825C005252E63BFF00ACA69D3C824613198F824A5E123CFC53A8E85152FDD220CCA6F10A4623C5252878A61CA69D539492A03F8A40A698489D12532EC9B93F1481D2121E29214EE3E09764C5390925439042479484764DACA485F94BBA648729254121C4F8F74BB14A34F2494B49884FD92EC4A6929297EDE694F6E494869A729688295DBCD29D123F74A44FE5454AE425DC25C479A69332829707C52EE914B4E1252DDCA7F14C0F24A5E3E69297EDF8A5F14B53C25A46BA24A7FFD5E75D12530E523DF5EE9B4D0AEB1E7D7F34CED2213E91F0486A252528FD209A7548991E09A41D5252F3C848E82537F14F3D924AB48F348E86130E139E60A4A57724253C261C129C0D01EC92944C244F70901B87E44B91F0494A9D53894C528E638092143F14E607CD47F2A7811E692552946929BC93A4A5E3848709764C069F3490AE027F0F0EE97F049252F3A25A494B59FC8989052428411AA4759298CC27074FC124AFDB5EC9B5E129890913060A4A5CF091D414CE1A08EE969223E692943B25DE12104848CEE494AEFF0004FD8A61C14A090929435097E6A4D30D851132477494C984C4A794DA0101291A9292973A6BDCF29813B5307023EF50370D23C3442C2402524C01E0A26C6FC509D61220F0865D3C69A140CBB2E10EE9DD77200F9A1FA87533FEA1426207DE989DA7CBBA1657088661C48D531931AA6276A6082EA644121283A6BE49A48D2526E8077D75490B8267C93B1CE07CD441FEF4D249207292A9207387CD4DB92F0361E07085A93F14FDFCBC51B4103A84EDC9F709E24CFC114B9861A0F842A51A42931CE63838EBC2424B4C0746E16C013CA68204A11C825C09F1E3C949B70DBE327F8A75ACE12CDA7484E3983E0A3BDBA78912A42099F2E515AAE23CD203427CD44E9C25BFDA7C46A92998D4FE25368343AA19B8687C795175A491D821691129A35F8F0A2341F041F55DA9FB92F509F394B893C05297B6794C6C6C4A0174FE5481913F7A56BB81B02C0536F6CF2803981D929D0A56AE009CD8343C7927244833A1D42AE0EBAA79320256AE04E0FE29F5DA4A035D0414ECB0F0784AD0625302918943F5220FDE885C1C4908DA08A51D129D144BA5B3E3C296B01242A5392988D24249294529E12EEA3DE115324D3AA74C3C52532EDAA6ED1F7240E899052E7BA6FA2925D9252C74694FD93691AA492579FBD34E896B1297E6FC5252F29098D7C5303A273C100709294784B4909BB6BCA49297235F8E890E67F2244FDE94989494A99848F090D1A3C53823BA487FFFD6E6E75726FCA9CE9298775D6380A1A84E3400264E0EADF2494B3BF2A4010484F1DFCD23A9FCA9296F3489D13148F092979489E134E9F34E488494AF1486A2134F09E7B24A54EBF009E65440D23E49C687E092A940A5DBE2529FC5220C24A56B2538FC89B74687EE4BB424A5F4D3C529994D3A6A97924A5C24DD3E4989EC908075EE9297274D3BA7EC144CA43B24A644C6A94C185106427324CF9729229529F5913C28C9809DD33E69297D249512648297C1398492A27484A340E94C794FF9B092943B782918DA4F74D036E85319221243213B49510521606820F2862C8927842D20129091A9296E6E9E32AB9B24C762A20BA75438977026F58F0A0EB49503A11F129A4C6BDA3EF42CAF110C8120412A24900FC744DBA001E298996807B7282E019FE7424D00951E35EE53490D9F8A4AA5FBFC1276A7EE298E83E23548B4913E5F91252EE92078E89C0D60F038517680A4D749D78495D169FCEF352079F3E1347B47999FC1393A8F1849257E1DE49030428EB13E49E0100A48653CFC12260FC214418D3C92209691E09229773A0E9E29E7F02A23582793D93FF7A4A5DAE20BBC149AEE10E640FB921D88E1255256B8C83E1F914DB6B840F040DD00EA9C13CF8A56B4C5317920F3AA624F8A16F5207E68DAB8699F970A246B1DBBA5B84E89C9F1D12429DA1094F87090D4FE297E70F2494B72E849A08247825C6BD8FF0004FA013E3CA295B53AA711C26040D0240CFC9052DA6B21488F6E9DF54DC823894E7831C76494C4033E49E62120221346E1F3E1153211127EE4E260EAA2011F04B900C71D92432048D27E0A5EA1DA860E9A0EE9F4DA3CD251012B6CF68520E074410EE027D03B9F8256B785284B4DC87BC830A7BC146D0415F94FF95348E66123E7CA36857053909B594EE3A24854262913C25DD24A8F090291D742A2382929908240E12F14BB049252DAE814A4EBDE5377D523E692953A148948F09BCFE49297929FB6BE09A66520018494A9F14EEF1EC4A44764DA8680743DD253FFD7E64EA7E290D13170DD13ACA781AF9EABAB70543FD4A4344A744E3B24A58920A7061278993DE544728A97290D12773298F00A0A647C9466539480FB92529248CE91AA44422A5F698DC9A0279D3E69A75410B91DD23C424534FE08A9447804FDF44C0CA7F1414A0642609DA241F84A602491F8A4AEEB9D4689273093422A5A0A40702536A4A76F3AA0A59A3582A52263C3F8A420483DD310249F0454B91DC709B42479E8A44441E3FB94370128286AB86993E0134A7DED0D3E2103D5107C424484804A72D11CA81B1B13F2FB909F6926470A327B7C53789708774E2D1B48E0E9A281B4CC8FB90A64FC7F825BB842CAE100CCD8499FBBE0A3BB41F394D3C8F0D137F049700B911A8EC13F711AE89893B48FB9475891CA4AA644923F14A648F0225441D06BA279F779764934A70323C88486AEF8A62ED0CA4412E681E082979D5A133BE8C781522026E024A534CC82949827F14E3E9123C13778EC39494C5E6613C1EDE49384EA3B2790D11DFBA4AE8A0794F3E1D929041511A927E49299132D31F0486A079A8B8103E29FF3C781FE08A152491E3C291F0EC5438718F152904FC12510AD0B414B4213131A04B8200494A0400079A5AED0A3DCA727494934B9E612920084D3267C1383C4A4A534813E49E4C1F251221A4774A7DBA24AA65BA41F1523628693F0099DC94914120789529E08412087FCF952DC4404AD062941D7E2537E740F9A60F101307F746D14598024CF64DA413C25326530F0490C80D128EDD9338C084A7B0EC9299131A72A20E867C52924C78A60784954CA61BF1484E8533B89EE94FB078E892A996827C13820923C350A0E894A481292A95AC03E6A4E02410635D53020E85303DBC12524225A23E2547883E294981E246A1222627B70921705DC76E520F239E3B2663899F24CE1EE33FEB292ABA14A1E1D014B7088F24168DA04F29C481AEA8DADE11D130EC521127C90A4B7E6120E8260F3FC11B470A6D38F04CDE7E4A3BFF149AE89D12B4516439D530FBE3B262F933D920F13F14AD54573D92D536F1264F09CBFDA35F92569A51D25209020C03A4A90113DD1B42D036FC52023E69124404B74E81252A3BCA464C184BC93922024A7FFD0E37791649F144FB47BA071BA7E480E209D7BA408F9AE9812E49883B86D36D6B9CDD6343214F7C39ADF29548183214DB639A449920404E135871F66E93A7E50A3C2157608979D498F9290B9BCF9E89DC41670909224C26F8A88B5BC93E296F1E3E68D845165C184E389512E94FB840092179E07870989D1294A7B24A5FB6AA3A98F8A79D7F2A5C24A6406A910071C260754C49292970078A4E00184E06D89FF005293B5702923AA9BA0FC8934C6BE29473D934EA1252E758EC9E20F8F82631B7F009A6083A41494C9A227EE511235E533AC8050BD499EDAE885AE11252EE0754CCB01049F1402E327F14D1E7F008712EE009FD6D3CFC109CF2E773A051D44786AA20E9E5085AE11019027B9924A68989F9A6075F24C5C6505D4C89EDF7A7079F0503C79F2903A424AA65AC8F826EE27BA41C9A756F924AA5F4D3CF54C4EA7CD2EE3E699DC9492194A53C4A69D13FC5252A348F029DD1008511CA439F82485C83AFCBF14869F14D3A809CF3A76292543994FA6E11C280E139FC5255322493F048B86E4C0EA52292297E491C6A91D267BFF0004D2913EE1E69297E0414C4C7E09E65DAF0133B88F824A5F92675D134FD1207FA94F041D7809B881FEBC24A54C12425A6A9BB81E4919829254099F9279E4266F23E097E71F824A57F129768487D11F14C391E692971C427207CD31E447091D21252F3A7C926F1E71013440809CA48510753E5A27D36EBC80944084E6092DEC78454B983DF84D00CB944684B4EAA531A0F04914B731099A486909DA61BF049C781CC249F05CB8E91DD4F7214C80139905241090EB129CB44799D50CBA40F24F264FC344AD145919D0A888804732A520FC9338688DA97999481D61318EC384A448292A99388D7C531D4477894D3CA52667C92452F3A79A7D2414CD484890929903C7E294CC050EFA709C483F1D52552EC96823C5383263B709BB4A44C109217713C2727B2893C79A426094954BCC809C0F7428C90D1E7AA76BFDD2928A8B8FC13CC0E7E293A0F3DD33CF31DD2532074894C4C7CD38D74F2E544483A949002FF9A4F73AA7920709BB89FB92275FC52528B8930A5BCEDE7BE8A2E30E21449D2125524161833E3A271621E846BF7A71C4149440485EDE6352754B7813DC708700191C78244CE9E28DA3843FFFD1E20F33E0612ED2527727E32989D400BA473171DBCD3CE82395007807B294EBF8A2A2190793CA70442877F21AC24750124524EFE496ED7F2284A97E4490433F50C14FEABA479210749884F3DBC11B4708EC99B618D52179FBD0B769094C48EC8D947084E2E11F009C5C224F01571B48E523F463C0A3C456F006CB6C694BD51B80F14004C13DD36ED67C12E22AE00D93736483D92370311D8F0AAB819253F69EE7F225C455ED84CEB8F038D547D53A09E35431C08E54648E7E285948804BEA1222783A26DE63E1C219040481274493C2191799E6494FBBC7950F0FC53BB42926944C0296EF04C784E201494ADD12981D1BF048FE5D120647C38494B8D0A63F4BE297748711DD24AFA10987290E63C137041494B84FD944E909FB1F824A50320A6ED3E29469E45270D024A5CF64D2121F9128D61252E477487D22911A689130D490A3CCA7EE9BBA627DC92573C425CA7891F0511A09494A07BA749A98E83E6929727448CC8F148F649D133E01252ED3A4A44A6F04C7F2A4864E7484C4FB825F9BF04C4EA124D32265D294884D3A14A52452BB8481D539EC984CA4A5764873F0481FCA977292540CB92264894C2667E49FF3A1252F3AA5AE8A27E97C14B599490CA634EF29779F0D137275F194D04CFC52452E40074D65393A83E509A78FC53CC98494A3A37E73F7A7D0107C46A986A653CC807C3429296646A4244CFC6653096B8A7E5D23E49295CCF994893A7C12D252E741D9252B520477E54A75F10A208DB1D921A1F2450CC3A4FE54E00010C7E32653EF20FE54AD14C844FC794C4438471C26987153ED08DAB65B829E753F824623E0979A4858C890989D7E09CEA0789D1396888F9A49620A7DDE29440DC1203C52568B83FDC9129B6F7EC91E124339D4780518D7E29A48D3BA5E092A97F2EFCA733F776F8A8CC72A40CFDE929798704891A85079D7E6A533F1092299188951325227DA4CA76C69BB94943456E97798488D09E494A06E9EE122620A4A501ED1A6A97006B309E7583C26EDE73A24A511A4FDE941EC9F9D07749C03471A24A7FFD2E21DC9F8A8CEA4F824FE4FC54751F35D25B9A02E0FBCFC129D40F24C664FC394FA9131C0E524B29F77E54879A86BBA4F7E138D61245321A003F14A74D544C8807CD382252553293A79A7F12A01DA7C1204C12784914CC7E004A7046BE4A33AC7804A7FB914533E3E49E40086643A14DB1AFC12B410BC8E0F09B499FC1269042501DF246D0B9D484C4EBE452E13C13AA4A50776489D67C744DDC7924209454A325B29F832981D23C13823F820A589FB933B894E744C756F922954C84FA2509B5DC929478D3B24DE3E297629440494BCEA122754C78F8A5AC8292940EA4A4937BCA6092977764E0E89B49949BA689297D36CF74819F92632440F8269EC92A973A1D12EE7E09CEBC269D4A4A54A73A885122344FA424A578F92671F7271DD44833F04921983A24537F14B9292176F290D65333E9148476494BCEA131E524C79494CBC1270D2394C9E5252CDFA253ED300FCD33388520525163DBE29D31E138494A3D8A42523C263C7C5252E0727B25C94DC04879A4A5C2607DC9288E67B1494CE35D54872A27C7BA4D3C4248E8BC8DC9C10A04EBA7752EDF049442D2149BA3B55052921C1252A44C7C538EDF8A8EBB895268D4CFC52515F70F99480F6FCD2046D1E29CCF7E02486312E809E403E4908E3C2530025252EE1ED07B4A63A6BE653C8D047094023F1494A9900A7060FC784D00023E09F4E7E4124320DEC3921277972394CD3A48E613B7507CF9490A69306529D342A204927B765200011DFBA36A2BB4F6F8244906530124C7C9226209FB9152FCB74E144998FC5207FDC9BB24AA673A15120F09076B09C9E1256CA70F70FC4A511A9E13B8809A644F824A5DDACC77516CF752FEF509923F224A0CF99F1F1511327CB94EED0A41C0FCD252C49DB213BE74298E8129F6EBA24A6530094F24912A200D41EE9E74107BA48673E3F7F92841E7C384E490222121A2485C48E7B729F798F143DC6429C93F7F64954FF00FFD3E15E419F22A30742139D4B825D8AE8DCE5DC34D1334FB484F11F14C39292BA29C7468F04E08047928BB81F152221252CFE425C7E0944C148E8ED1252FAC479A613B63C1393A88F9A66E93D92532260F3CA60520240F3528048F2E5142E089D7E696E8D144C6D3F14FC898EC92294D76A9F77227CD459A013DD38D411DD2510CC3A35E4270444A803ED8FC5269D11B410CC0874F6E53EA35ECA13296ED27CE12B4532E4A68E63C5207DD3E09E444F7454A024C1EE9476F04F11C26EDF109217024CA62941012ED08A55E212ED1E0970642633A0F1494B80488F0E12E425307CD31D020A501CA6E4FC93CE899BDD1528A75171D13F2825727509BC7C92EE123E28A97ED2979F749347E292144C94E7B267087424927B2F3AA6E4EA91E53C6A52428F01211291E1379A4A5C1090E53774873292991E2147CD39F14C38D12505C253AA61C27012529A5393EED5336523F4925755774937E7052FCD11E25252DC04C740027EDF24F6FD3D3C5252C7929869CA47525399492BA6D0271C26278490B9EFF04DE0989D0A53A8494B93EE10A53CA81FA414BB9052510B7CD39E54654B92424A5C027E6987D20903A4A6E1253207B253FDE9826F1F2490C8199F82507718E39481D528235F2494A33C29497081DE53170DBF384ED1ACCF03F2A4850718DBE3A24742404D03708F8A91882EEFE0929670F688EC23E69026494B5DB27894C2783F1252532E3CC709CBA1CA204B4F700A911ED2E1D9242E227E1F8A992D768759D50A7DA091F34E4F11E3CA28A65B001E6A1044792909EE9C9275495658180663548EA75EE9C8E491F151D514B2711DD3B780140EA0A52447924AA64D3A27688321459CA6924C14955BB27703E2916C41E653724A7712583C1257653F56E89B5D078A47502129D3E092953A8F2489832130D66384E7523CD253271207DC9B7F6F3D13183A70901D8A4AA149341AA8EE0351C26249691E0A3048F824801FFFD4E0C684A711A6893BE99F329A602E89CF644FE44CDD63F14D22126F8A285403A78709DC756A8FE7152EFF000492A1C28BBB79A9B4E842670923B25D117AAFC7C0266EB31CA4784AB3DFBA4AE8BCE896B303BF751E4F9CA90D20F824A5DFF47F2A4388F24BBE9C0D529808A1791CA434F9C94D3A427275494B35DED94E748F826901A6129E07884954CBB09F04C4803F2A6E4909C6BED490A04CFC53976BF050075D7B244FB924D242E3AC77483F86F8E8872607C521F481F34AD1C213EF91254675F24398D3F0536903E08DA0C69969C25C1D7B1D1446A07894E0F05142EE13AFDC97E64FCD22416FC1207DBA2485891AF8C243F2A444A40E83EE492AD1347FB521A4829C98242495BB84C4F2A5FC143F38CA4A0CDDFC134C1091D534EA3C925532313C26EFE4913AA7490B1E47C53F8FC523A949DC4A49589FC8901ED94E6134FB525293B78519D149BE12928ABBFE29346898CA7060228E8B3538E52EF3E29924A9A9FF003930D12D771494C8F3297E6A62744FD879A485BB0527EAE27B4A8FF7A72641292988D4A73C2600FCD49B079EE924B1EC9F98F24D1090494AEC52E084FE49BB829295F9D2A5FC544279D6124288EE12E0FDC94A5CEB292971F4531D40F04E7877E0947B40F1494B0E1334F25489EC3B28B4E8929990041098B8B534F129CEAEDA9229723E881E329CF928F1AF827FEF494A06384A4907C4A60627C014F3DF8494C9D02B8F2FC53B04CCF868864CC4A76BB9F34955A2460D9BA7594C6369D743FC5338E80A6E5AEFC12457566F6923DBC01F9126090278099A66483013025B23C448491D2976987C1EDDD48384FC7950249693DE794A2013F7149541287690754D00EBD9403CC04FD81FC11B452B668A2468880974764C5B3C24A07BB0AD3199F2EC9FE893E1293BFDC8AEEABF74D32D84DF9C4277440292968D344810794E0EA988831DA1252FF9A7C12067BF090298E8E3E692990224CA5307C544985269989494BF8C1E537047609B83FEBC240CC4A08A7FFFD5E0DFF4C26F10A4E8950F185D139EB8D5480113F828B4FB53B4A4A2AD3704FF00C547BE9C27E024A50D1CE4E4180547F389523F449845456770934E898EA004EDE21057454EBF34F3F952EE4F994BF30CA285C9F6BA13761E697733C1098F6F1494A2754F32652EC49EE986A92596879EE9388EDD868A266479A4784914CC1D27C53076A987D1F9263CCF924AA5CF2A462428BA0C290D652515A444279D39511AFCD29D424AA65F45C4F74FA7E1A2892791DD48723C914159A751F34E091A26DBC9EE384FDFE4928B29F684C1DA428898F8194DDA7E08DA292CF8263E21441D3E49074823B84AD14C8F299DC884E0C925378424A0C9BC1F34D0393C948F3E49A422A53A4890973AF82933C3E699DA1292BC16FCE486B2970526F7F2492BF8148FC13764A75490BFF04804BC5303A8494B1E3E6A4394C04A4D992924AEEE13130027EC544A480CA7448F093B484C740525328FB947B9521C288E75494193B894A7409B90526F2024A5FBFE291E084DC14F3D9142C0E853B4F299BC24DE504F7589D522523F4A078A512E21252E3894923207C12494A09012E3F04ED1A79A4DFA67CC22AEEA13FDC97E6CF729011C2532D8F0490A9FCDEC538E479262208FC5271D12529DE29335D523A849879495D16EE139E67EF4E478729C090644A4A63B4913DA529D4A988ECA11DD255ABB109FB266EBF7A5C8494A3C809C082989FC894E9F1494C8999F394809040FA4740987879A938FB81490B06C083E1DBC54C1DFA1F828B888047212D47BBC4A48DD465B2DF9A5A986F8948805FE5DD391034E674494A236B87C13EAD0070A2609692919274E07292999243794F3A6886376D3E4A504FD113E2922970E6BBB73CA62348E4F2A2C3AFC53EA351A81CA4AAA59D333E293A4B7E5C22685BA8D4F2A2449F9422ABFC180D23BA7EC3CD3F11F0FC531ED1A8492A68D548C03C4A8B46A9DC60A4AEAB3869290E427E5A5319227C1252B80521A0FC53B5BCCF2784C4418494FFFD6E0CF24A632138E4F8948F878AE89CF623E8F29DA24CFDE9C8891E4A2C9910927A32701C81E509A549DE5E29B6E9079490150377C42771F6909BB84FA6DF924A5872130D1E5200E87C5313EE9494CCF3A260348F8A7694C11528F2913EE091F1F24D267E0829903AC240686530253B8FE4450A3D8F9A4EFA3294FB612E46D092966EAD2A5DE545820272928EEA3324786A9C1EFE099B127CD3E9B52515847E29E751F051054A2525158764E67708EE980E12D26525329E3E098E8521EE948F305142FE494E92917094C4CB5252F3A9487D2254788F309DBF48A4A64D3A26DD099A75F04C64E895AA994EB3E294EBF14C78F82723DDCF824AA5C3A1C9DDAC9517772934FE295A2BAB33A26EC94EBE0937590515287D14DFC538888EE908FE28A971A82A3107E4A63BA8A48581E5266866528898E138E7C924AF3A950D6429774C2784941771E12771F14B90911A6A9297949DD9313AE89C4EA9214DE1337F82930100A7DA0301FCEEE92AD893AA53A848E87C131EC92971F45261124A47800288E12532204CA4DE49F14B94E4E9A681252C751F1488813E3CA6D7B6AA4EFA3CA4A5819E126EA67C0266F13D8A9B23FBD251D140E93E2A2349EE9FC428CEA52405C1486A0FE093A234F04AB102524F4B503A24DD253B4EB0A239292BBB2FE2903FDC993F07F1450A0758291D34E52D099099C5252E01035F14F09A6529494A8F14CD09E538220A4A5A754FA113DC2620177C4261C7CF5494A9D14B77D10A218482E1DBB24352124E8BC98522E903C54781090FA27C8A4864E208FC549B1B607279501ABBC93823712384904326C8241EFDD331C5A4807BA5BB5F894C791E6494914B9776288DDBA8EC7C505E64CA76BA34E52511A2480D31E29684EBD9441E4F825B811E1E4922997B4E87E45339A66470A23C06BE2A6D20B7E092B658F33F250773F1529911DD340DDE48A42C4C689DA748FBD2784C34FE0927A32075F2517913F249C7548C424AA7FFFD7E0894E7B14C7F8EAA4E12D1E0BA273CAB95160239E529F7C0F14FAE9292967774FA9F925B77481A4253AA4A538E83CBBA5261338C894F274494A69D04A89D627C13B7B260925903A79A6E1269D0C2444387C1242FCC28FE710A532130FA5092953AFC539E133B9D1271F6A4AECAF9271C9514E275494BB79D5227848F29B4301252EDE54BF37E6A23474279E6384420B111BD4C8FC8A323952D6079A4A2A063E096827CF84A7DAA24FB824A640ED1F04FA133E509A24123B094C3F1494B6B3054C9849DF48123E6A2EED1C0495BD2CE3A84E3433E2A27570F8A9932928ACDFA4538516C8729FE6A4A2C7B294EBF251FE2A44030476E525158FD13F14C0C01093B469F8A425257465213B4FB8A83B43E6A7A40FC51411F8AC4CB8C27768D51060FC549DAB3CD2576503CA44FF007A8B4FBA0A73FEC4954BEE1C14A06E8503CF2A6399F24815114C8C4C0EDAA881ACA79D7E294688DAD50D04A6E0152063E105369C22A51FA329C1F6A4D1ACF6F048F7092970EF352246D0021F0027D46892A9677009D523DBEF49DC14C073E4924330349F0503A2909F9263A9F9A480A09C14DC689C68DD5252ED804A67E834FB92004CA475D7C1257550FA30526948A61C99494BFE77C794C67B78A7D2130494BBBE8FE2930E9C7298F82903A01E1C24AE8B0D1310411E6A446BE7D93774956BB870476D13191AF8729C1EC3848F05252DDA7B2623407CD3990079A44021252B829DA34293B91A792438491D166729C1D6521A4FC121F952495BBFC93FE6CA683CA7EC92955986A607DE937E8F842711AF8A48EA544EA9191A78EAA3C999F9293B8F824A534692934EBAA7ED0A33A9495DD7E0CF9A4674F19D12991091E40494AE083E1CA731221291EEF0299C06847824A5C3B94B70E52698F9A5A6A8A9935BA133F24E09D634F2099A667C94482048EE922999027452331A778500EEDC4F74E481206A92294E8989D7BA67083A8F827237440D42990264A48BA44EFA5290D4F90527341820FC545A08994520E8FF00FFD0E0A7DDE49DA7B79A67375240E3B24DD44F82E89A056D37CA72607C5270921DE1CA4424A534F1D92FCEF8729814E201292969D078129C6A6120047C1381AB92415B8F2848F09C813E493848D3B76495D98B4692785330482A3278E139FC8929609CF29A22138EFF00824A2A7378293A0C8F9A44A5DD252A002911047826FCE49DD92533111F05109894F3207C5252C4FB921C27737EF4CED23E0929695313CF828470A6DFA04A41455F04C40107C923C94B96828A9934E848D4A8F0526FD13294F89490BB8E891E21270F64C77499EE23C12EAAE8A8813DFBA720803BA63F4BC14A74494C3BE9DD4CFD14C7423C92824003B98494563C2707C5270D40F9243407BA4AE8B59A34774980680FC533F50073AA9FE725D55D18104BA7C14F498513DE38091FA43CC24A64046BE3D93F2345171F1F8A7065142C3E91F24F3A4A67CEE9F1486A929440911DD48907F2289E40ED2A50601F8A4A62D29C9D27C9400F693E7C279EDE4824867F9B3E2126904C84A7DAD1E4A2C08A3BB39F7253223C545C1DCF749BAC4A568A644F6489920F8A61EE9FCA9D9AC79236A53A6121DFEF4F12947BA0EA0F74516A27448471E097E6C7DC912635E7BA4A63DCF75302130D75EE984A4A5C1D3E4986A98C04E0E8124A9DC40EE98F29C89F8051776108150646212810212E004E7508A16E484FF9C9803BA3C52E1DDD252F241848F3298FD2F9276C194954A3278488EC7E0934C77D52EE1252EE0200F049BDD224CC94D1AC8E125745E4A8B4CA669F714E3E94F69494B9909BB8533AC78281FA5F7A4A0C888D134C2732468A0E99292832EC1248CED48729294DE0F894D329F894C260F8F292973CA6025A4F74FC980937E8A4A5006001DB952FCD07C1447B472A5F9BA2482C0131F152D6026AC100CA4CFA2924AF3EE94E41D07926E49F24E4F05242840D39EEA460EA3BEA87DC7DCA6D02483AE9A2482B3813A8EDCA7208740EE9004931C701277EF1494A249211376BAEBFDE84F991AF2136BF1849556941074093A623BA1B49EFF184491DFBF08A08A7FFD1E15C0482077501DE7503B2726098F148992478AE89CF59D1B642604CC270470903ACF7E104AE402247C9441D4A71AF6D072936371F8A4AEEA94E0FBA3951E09097E724AA4876ED3B7951120C9D121A1D3C12EF28A18BBE9FC5488327F2A81FA411014927A2C7EE48F6293A242604C1490B804764C794A74093E27E292943C53E848F34C340A4D849458BC41F8A43E8A727708EF299D00784A4A65C8F34CF8047824350527F69EDC24AEAAE5B2A4C00D6547F354ABD1851083B7D581E01F0536B65B3C792876F344246DD34080495BC5406A44F7523F467C520741092829FF463C1332635EEA4FD5A7F2A8D7A728F5574644499E0774A7DBF349C4FDDC269F6FF00724859DD88526BB450EE029E8024A2A2EF74A479F8F2988D7CA52F11E70929930477EEA3F9C7C929FBD29871F2495DD766A4CFDC99FC81DD4C0D749D7550B06A0F6F04BA286EA7CEE094A6B391F0526C81C033ACA4AE8A7BB8FC126F1A7DE9AC3AC762A40E807097557459DA91E0A40F2A04198F153F872884159DA82A23909E2411F351D770412123819647748C8EFAA53307C0CA671EFC4A285C194C241F8F0999A6A623B2791FDC92971C1F8A6911E04A90D479A8104811A921253361D24A8976A9344048E8411C1495A5B31F88D53F2A1BA7F8A7246A8DADA5FC93419984CD3A04FB8831E5295A695B7777D5270207C394EC2625283051428A8386A14928D41F04123453E00D13C770131824782707908A14C3067949E44CF8A8EB313109C8F8FC12556AA300029374FEE4FD9308D7C5252F0267BA4794A3484D3C7E4494A278F052694DB64477E526921251D9407B8C24068484A64A793FDC9298CF09E7DDF049C07B484A38494A9D613387BB4F048FD348E9AA4A64CEE7951EE9C1489495D5412E42883212DDED9292A9233F2F75103DC40E3CD3B4C0F3519971EC9287557623E69C3B404260754B5063B35253269D489D0092987D1FC8934F2981206BD92532678948C8F828CC04E4C83E492AB5544FDE9E4A4350969BA4F824853490E09DC78F029888D01F3090D46BD92578AEE3F47C8C271A10545B33F9137784955D1911ACF9C429113ACA8B64F290E63821243FFFD2E05FACFC5303E6A4637107894CF00389F10BA168782CEFA529C13290E7994CD077424A64D3D930D09F14E041E23C133BC7C525755C0D753FEF4C677A70634E527C7E092BAA9A90124A66F2A4D900CF749474604410A478F34C794E488D525765F922344CCE0A41DA25F47E68A3C151A424391E49BC7E09E63BA49640024CE8145BF4884ED291D09F0E52428E8E949E341E7F952D09989F049C3DBAEA92BB2CD3DD3983DD46745268DDACFC12495C891013FB40FCA98B8401DBC652E01113F9125AB6A01F3E14A65B098FD109098454B1920809191B7F14F1AA612488ED282591F15100F112539D41279F04FC09450B3CFDE96D881E3CA7037193A782532477239494C4F329F69E52700440E42705A5255B19129DC0F2A23E9296B0824A86A252E4FC53B4A5B7DD3CCFE5451DD53040FC133A091F7A7804F8C263F4824A5DC0113C79A43910754CE1D8F64EC1A4F8764BAABA2CF76927E4903C031AA7B247CD45BF0EC97557466ED47C384CDF09481D548911F0491B2C641D545C0883E0A40EE0478A4F6F877FCA8A829A7493DD22344F2047E099C758F14BA29434EDF728126513DA3501203DBAF7E5255A84404B8D0733A25063E0A3BF849556C89300C24408D7B94A4889FC5313C24A588D4C2799309B904A4D1A4CEBE692943F2277025C3F151D47994E49FBD04B26121BAF649FE5DD477244E80786A8A2B5B6439F8A731C28B06A4A4E3AFDC95A2B5647C9281F494646AA4D3D91054A11B8F9A44C7F0511A13E0A4EEDA76495D57831F14C6041F9427E44F651E744541937BF928C1075F92946BA774C524321048D54261E65207DA97307C1248EACB6FB39D42633A27D0B531E0149017770DF24FD8288D429544EA92BA3176BAA43E925A709704A495099809193A0296BB894E601494C482D81E2A501BA73DD36A484E600FE2928951778A8B46A4F6293DBA0832A53DBC12574D18B35523C9F34CC07E0253B8E9F961241DD69D527110521A84873AF1E0925438038480F69D53B869A7648199490B34884898212813E4754ED00EA448494BCC479A434803B262350120758490BEBC9F884CFE777629DC600FB923A800F01252ED067C825DE7C47E44B5DC47DC99AEFE21253FFD3E08F73DD3CEE6713098CC984CBA16829BF4652100FC526888F04A3DC07CD25775F76842408882A2E1A9F24ED1DD252BBC01C6A93F80A434227C1448FBA5250DD4D81A91AE888E03688D0A83806B81F24F3A1F308A0EB45423EE513F9394E04415127E68242E04094EE9DA3C930FA07E29C9D3C92575511EC94DCFB7B94E0E89DA2353DD142E0104F9A67482638094923F2240F8F052529A64929E4C72A2D1EE212D20E892960D91254B4903B2622183E0937530124AEE023C613B2008F1502742A6D2388D7B2482345C81C787651E78D27809C7241099BA8450BEE3BBCD330913E6980E53B66079A095CCCC1D134C0F1F14FB649D7B28F13E3DD250640999FB929F74C26D748F9269D44A4AA660C1F094DA4983AA931AD2093A28C6D3CEA5147758B20E9F34E64F09771F9131EDE69259069E0E89190079729027BFC927192069AA48584198EE98418F24E742980235EDD8A495DFDBC5383EE4E5BED07BA87E742481A866F131DFCD43891DC9529E3C145C24CA4A1D997947CD28831333CA4469A14C3E9EB2929979848931F9534C7F7A40C829229700C4A674EE07B2793E3F7A435D0FDC929699035D3595274B58A301BB40D014F66A3E68ABA8503DBEF431F4E111A545DF487DC8148EAC89D27C3B28F6F11D93F3A7109CC11AF039495B31EE935DCFE44DDD204F038492CBBC91CA6788129CCCFF048EAD08A3B31994E7403CD39640046A2144FD1414CE36B014CE9DA4C278D1A394F60D0BBEF451D58FE6CF64ECFA24A68F67C53B6424A3B2431A10079A8920181F726DD23E2A2E71D0F64AD0024E5AA0D041F29D53B1C27F82774927B4A2ADB4535C539D646A1467503C53ED32607DE92946037F2A4C8DA9111F34D5F051EAAE8A9F6E9AA4388291008D74D521E692970754ED298F0121A6BC24A2B03A94E791C14C46B2DF984A75494C9C44FC530048949DAB011D8A71C479248E8B0E539F1F04CDE0A6FCDF3492C846D94B9D1303EDD5269D52456EBB8EA9A743E699FCA5AED4935A2E1B0D109E0C7E44C7E8EA5269490C81904A881F8271A826121E092947907C538F051E4FC354A7591A6892A95A927C921CC271CC25DD2529E370F8271AF0989EDE69374252574653A807E098683C814DDC79194ED33CF0921FFD4E048F77CD4675859492E85A2EC73F2294B847DF2B1D2490EBB86E0606A90D21642492BA3ACE3A7C14A06DF3F158E924A2EC38FB47914C4FB7C16424929D906449512D0413DC6AB2124541D8821B1DE7F2A68DC21642492B57676C0D5337958E9248EEECCC8848C403D96324929D76E8E29C76F258E92492ED13EDE142A9DFC69AAC84923B840D8BB3B40D3CE539D0158A9228769A65DE31E2956D3067E0162A4928F5A764704774C000D12563A4925DA6989D5224491D8EA562A4923ABB4D8E4A419EE0470162A4968AD7576C9831DA7BA70019F12B0D2450ECF74CED0058E92695C1DB68253BC03074D161A48F45BD5DB7001C9C1D3E0B0D2454760EEBFBF921FE7CAC6490298ECEDF698EE9A438C3BB2C549253B64B748E3F1487B4AC449153B47BCA4DE079AC549057476BF335521A188586924A76CC8DBF049C659AAC449157676C0F669F14CE6F046A562A482BABB7C0D4A7D36F8CAC349143B6D68120F27C14235EFF058E920570BB2ECF3AA9188D74858892482EEBB86C21B8C39632489545DD61FB92771035F1584925D16F576DEEE010A5B65BA72B092493D053B847B7CD40AC64904876EBFF7A959AF0B09247A20FCCEE31BC13FEA112477E573E922112DDDC71D47E44841FE2B0D24BAA7A3BC35D131044858492287775994BB4AC249253BDAFC1475DD1F82C3492507A0898099C21C40FC16024921DE880A238D3858692490EF0FA3F1299A6098584924AEEEF3FC5260F6C46AB052495D1DE23D93093751E6B052495D3EAEFB75107495098FB961A49287577D9D87DEA2DD0C7C9612492BBBBDC388F0EE9F920AC049243BA443B4EE54CE8B9F49251E8EEB8C479A934AC04924F47FFFD9,'12'),
 ('000008','34','34','34','34','34',0xFFD8FFE000104A46494600010201006000600000FFED182E50686F746F73686F7020332E30003842494D03ED0A5265736F6C7574696F6E0000000010006000000001000100600000000100013842494D040D18465820476C6F62616C204C69676874696E6720416E676C650000000004000000783842494D041912465820476C6F62616C20416C74697475646500000000040000001E3842494D03F30B5072696E7420466C61677300000009000000000000000001003842494D040A0E436F7079726967687420466C6167000000000100003842494D2710144A6170616E657365205072696E7420466C616773000000000A000100000000000000023842494D03F517436F6C6F722048616C66746F6E652053657474696E677300000048002F66660001006C66660006000000000001002F6666000100A1999A0006000000000001003200000001005A00000006000000000001003500000001002D000000060000000000013842494D03F817436F6C6F72205472616E736665722053657474696E6773000000700000FFFFFFFFFFFFFFFFFFFFFFFFFFFFFFFFFFFFFFFFFFFF03E800000000FFFFFFFFFFFFFFFFFFFFFFFFFFFFFFFFFFFFFFFFFFFF03E800000000FFFFFFFFFFFFFFFFFFFFFFFFFFFFFFFFFFFFFFFFFFFF03E800000000FFFFFFFFFFFFFFFFFFFFFFFFFFFFFFFFFFFFFFFFFFFF03E800003842494D0408064775696465730000000010000000010000024000000240000000003842494D041E0D55524C206F766572726964657300000004000000003842494D041A06536C69636573000000007500000006000000000000000000000258000003200000000A0055006E007400690074006C00650064002D003100000001000000000000000000000000000000000000000100000000000000000000032000000258000000000000000000000000000000000000000000000000000000000000000000003842494D04111149434320556E74616767656420466C61670000000101003842494D0414174C617965722049442047656E657261746F72204261736500000004000000023842494D040C154E65772057696E646F7773205468756D626E61696C000014860000000100000070000000540000015000006E400000146A00180001FFD8FFE000104A46494600010201004800480000FFEE000E41646F626500648000000001FFDB0084000C08080809080C09090C110B0A0B11150F0C0C0F1518131315131318110C0C0C0C0C0C110C0C0C0C0C0C0C0C0C0C0C0C0C0C0C0C0C0C0C0C0C0C0C0C0C0C0C0C010D0B0B0D0E0D100E0E10140E0E0E14140E0E0E0E14110C0C0C0C0C11110C0C0C0C0C0C110C0C0C0C0C0C0C0C0C0C0C0C0C0C0C0C0C0C0C0C0C0C0C0C0C0C0C0CFFC00011080054007003012200021101031101FFDD00040007FFC4013F0000010501010101010100000000000000030001020405060708090A0B0100010501010101010100000000000000010002030405060708090A0B1000010401030204020507060805030C33010002110304211231054151611322718132061491A1B14223241552C16233347282D14307259253F0E1F163733516A2B283264493546445C2A3743617D255E265F2B384C3D375E3F3462794A485B495C4D4E4F4A5B5C5D5E5F55666768696A6B6C6D6E6F637475767778797A7B7C7D7E7F711000202010204040304050607070605350100021103213112044151617122130532819114A1B14223C152D1F0332462E1728292435315637334F1250616A2B283072635C2D2449354A317644555367465E2F2B384C3D375E3F34694A485B495C4D4E4F4A5B5C5D5E5F55666768696A6B6C6D6E6F62737475767778797A7B7C7FFDA000C03010002110311003F00F3E774CEB995EA65BB1722CDE77DB66D3CBCFD37FEEB7F949A9A72B16F25B98DC6B1A04D94DBBE41F716B6CC673DAFFE556BABBEE663399FA70D74C36D92D13FD7FDE54F118ECBC9B72735BBF25CE9738C6A1BECAFFE835678E6E46078A023103403AFF8EC6326F71BFAB5F17AC7D6B652C78ACE4B1C247AED12227E8ED752F735CAC3737AD750C67B6DB998BAB85ACA6BF76A3F9A363DEFFA4D77D06AD31B5C208240F2D7F2A15989556FDD459B09E4104B09FE5325BEE550E4813A62C7095D8908FF002FFA2B7DCFA37307071F131994E368C004C110E2046F747D2723D4FC619069B6E2CBADAF7D4D1F9C03A3FB3EEFA0B0B23A85B814B9DB4FA275B1F57009F683B6D63F6BBFF3E2A9FB630465D79032AEB9F920B2E76D1BEAD819E88657E9FD0FA7ED6A6C797C92266419037447A8F10F57A9405EBBBD23AAA1C08BDAC7D20175BEA6ACD8DF7BDCFDDF9AD6AC2C2C2C2DAF2CA0554DA5CEACD8039C19B9DE88B376EFF03B535F5F54CEA8D4CBEDC7C3B045A6E2DF51EDE76B69A837D267FC63D58C7C40DB031F99916359EE01CDADC411AB37B9CDF7313A11E089FD60064758832DA3FF00378904D0DD0359898F7B3270ACAE8C967BABB984069047D1B6BFE6ECA5FF009EAAE57D76EA59B8E71457563FA9FCED951787160F73EBAE5CEF4B7EDF72D9CCC6AADB2A6DC19B2F92CBD8D0193277D1B5BEDAEEFF008177FD6D31C3C4BC7D96FAD8FC73CB6035CD6FEFB2D037B76A709E2044B2C0E490D63291D611FF00BBFEE2633A1AEAD377D7B1610CA703639C76B37DDEC127DBBB656DF6AD0C9C366658DB73C0C9B1821AD222B67EF7A34C9FA5FBCEF7AE1EAC2C9C9F50E25365F5D64CBDAD24013EDDCE1EDF72E87A7E4FD63ADB453975B5B43DB35D9737F48437F37D8F6BF7FF00C735499F95C78A8E031C7217C40CE5EE7F83C5C525F31A6869D41D33A63AB1B31A97B6359ADA082391BBE9AE6FEB074BA301F55B8CE2CAEF2E1E89713B4B4375ADD3B9D5FBBF3FE82DAC67DDF6CCBADB68DCE70B61C048DDEC3E94FF008366D6B166F5DE9F75953B30DEFB4D025ECB0880D2437F43E9B18DAFF95FBE972D39473444B21E135A1B3C5C63D2B626A5BBFFD0E0B23ADBEFACD6CA18CDFA38BCEF91E6D706B147A43BA8D79229C1702E702FB2B70F606307A96596EEFE6D95D6DDEEB18BA9EA387859743ACCAA05D653B5CDB0121EE0D226973ABDAE732D9DAAD65E0E0D94B6BA70ABC3732036EC6696585A34F4AED4FDA29737F9C65EB2C73984633118CC78AF7FD6438877FD293189440AADDA1896E764D7BCD0C63BB3039C49FDDFA407B9DF9AD5B987F57EFCCE9F66532E68B9ACB40A80306D0D7BF135FA4DA9EE67A7737F9CF53F9B5471B1EF7E4BDB5633EF1F45A0360D823F32B0E2F6BD8B47A775E7E2657A8E73062DE1E2CA8B4BAFB2C66D67E8B6FF00356FAAE6ECC7B3FEEDFDA2CAFD3AD5BE5B95C32C6321819197E8D1E16C60E5A138711167F77E579AFAE5F57BAC51D47359536C7748C20DB6BBEC0D6B756D2DDA4B7F9EBBED393F64A7F7EDF5767F3391E951E93D3474FA2DEA9D41EC60A9934523DEF363BF9A6C37D95FA8EF67D3FD17E917A0750CBC9EB59146254D65357542EADD96C70B5A0639B58EC7C778FA3E97D3CAB3FC2FADFA3FD1AE6FAC7D5BEACEC3B3D5A5A1CD7D35B59BBE9D96CFA56D31F4EA6FF84FF84F654867047EAE10FD55D6431FD1FD2901C3FF004D8F24083C311E906A646C3F4A41A83ACF4FB2B059735D640FD180412EFF00475EE6B777BBDAAD6FAFD26B8B431CE00BBBC7F2770FDD594CE95D3BA6DACAEF2ECCCC7337B2B668D0E9F61FDE631DFE91FEFF00DCA91A939575F5FA956DC6B0B9905EF13A7B9ACB7F44DF559B9BFD4547D984A43DBE2E027E797A6FFBBFFA2B0888240BDCA6CC2E7D2FA6BDADC8709A9A79DCC7077A9FC9F4BF7D1D9F537ACF51653764E51B31EDDAE732B1E9B369ADF9364C7E6D6DA7D2DDFE955FB70315F4B7A8B48765B4FA76DE600B99B5AC63ED061FF69FD0FA1914FF00A7A3D4FE71F77A9D674ACCC0EA145BD3715C58DAA8FB392EF687EF73DB997E2EBBADA99B6DAFD6FDFF00F83F7AD21C8C310038EE564F150BFF00BAE16D9E4F806A7AEF5F8BC5BAE18AFC6C1A31DD5FDB2A197551580CAC52E26BFB4BFF0077D4F4FF00E314B35B8D5E3BB22F8AE9AB57D8E3107C1A7E96FF00DD6B3DEB6FEBB74EC3CEB2BBB2B2ECC5C6C10291F6705D6CBB6BBECED68DAC7E45CE6D7FCF3EAC7C3AAAFF008CF4F80C8FABBD4DCEB719D9B5D871D9EB9AACB5E5BFCAF4ED7B454EB296B99EA3FF0045F4FF0046A864E461198BC861FDEFE727FBD36B4B1F09A3A79FCD21FBCB56F39BD547A01FF66BABB59EAB81FA1262EDDA7D0B857B3F97B16BBF1EBB5E1B6136F715BF5023F38B3FC27F59EB27A753D67043EA6E1DB926B2D26A635CE8AEF0D35DD5B981FECB5ECFD1A33BAC61BF059965A45A2F6B18D264ED3FCF3CB07D36D75B3F47FF000B72972F2D94CE87A231898C25FBD28FFDDC974B1489FDDA04EBFD5FD1FEF3FFD1CF60C4CB21FF006A65AC600E6D74D800DC082DB2D735DEAD9B5FFCDB7D957FC1FA883D4BEB157877B2CB2F6655167B6CAAB730DB53DB1EE76D3EFA6C6FFD35C7E6E21AAEB1C31DD5505C5CC04CC349F6873D9B9BED5586C90034C9E034EBFF0052B361F0FC72A91999C2BE5A8F5FEB44AC101DF47AEEAD7DBD6716B6503ECD55367A8CF501F56C716ED6BC31BEDA2B64BBFC2FA8F57A9FABDD5ECC6FB61667DB50607D994F78B18E68DBB6EA8523D4FD0B1BE9E4556FACFD9FF17E92C6C2C9EA9915835E11207F86710D11F467F48E66E76E6FE6AB18F91D6B0CD8EC47598CFB03C9B68B5CC25E04FA8EADCFFECBFE9A7F2F2F625C2783823FA1C5091F194BF4D386671CC13440FD1B7B3E9BD63A752DC5F5AC69FD2EE791EEDA5F5BA9F55B1EE77E81DFA7D9F4D947AC9FEB6F5AC7FB358DA49A9F69754DB8B9AC76CAC5D8FBB11EF9D8FCC7DF974D56FF00DC7AEEBD71997D49F90F1D43ED21B916377B2BB1A1BB9EF6EDDD4FA7E85B53ACFE47B37FE910AFEA3D2AAADA1F7FAE5AD0D03F9C76D034ADADFA15B5BFE8F72B1939B1204C233339E9C3C3C3C1E726CE5E6B1CA37084B8E56083B373A1E563E264D16BC3B20D0F0E36388363A5C5DB5CFF00CEDAE3E9AEBF2BA8F4AA7A4DC2A0D351B1ACAF16D6EF2EDF556D763EC739AFF7DDBEC75D5FE9BF437BD7969EA958B5CFAEB7575CC36B69686C7EF3B4F6BDDFC845ABADE45177A9757EB36BF6D2D24B4304FBB668EF7D9FE11EA5E2AC542173ABE1BE1F57F7FF00AA88E48471570933DEAFAFF5A4F61D472689CAC6A03AEC3BDBB1AE2D6B2E6100065C19A5791E939BFF000397E8FD3F5AD5CD37EB0F536F54C79B5F8A58FD85CD9AC80583140DA76FA6C6D2C637FF0004FE710733EB0E56CD95E39C7DF3B1F649747F237358CDC818F47ED17D565CC7DEE2C8B1E1D06439E06E73BF7B6A8239798112735447431AE28F6FEAF0ACFBC6631F51AAFD9B3D8BDB66D976EB9CC6ED68241303F32B6FB6B62E6F3EFCAA73EFFB656EC5B6E0487591FCD581BCEDF6D9EDAD59E9589D62879AAECFFB363766967DA5C1BE55BFD36B3FEDD62B1D43A7E6B8BF2A9EA58993BA9F41F43AB7B5CE682E0D7328BEAB28F51AD7FE65AAB6094F1E594A59219B8C7CD294B898A1938646522244FEF25E85F5B6AE9DD132F19E0BAF73832AC82E8F4DA18598FE935DEEDEDF5ADF4F7FF33FCE2C27E260E5FA58BD3F1DB57D9DAE3664BEC2EB2D713B9EF7327D3AA9AFD9562D7B19F9F6DB65AF50C3E958B686DB63DD654753534C7C8BB572D46555D5635B875B5A2BAACB0D65C1BA0D85DFA6B4FD3DADF67A8AC65E6AC0843E71D7C539739950EA3ABFFFD2E6994E45D66DA9A249804CED93FBDA2EABA6FD4CC27E0557F4E117BBD0ADCE223739CF77DA2C926CDAFAA9B195FB7F3F1FD4FF0008B2CF50C7BF0DB914515626555B8DB5D6D73459B831ACB3D17359E96FFF0009537F99B3F9BF5ABF4FD2D7E93F585F838B5D97387D998F25C2BD5CD05AE73B7B0963AB6B1AC75BFF009ED4230E3C7884651F74E523E5F97D3FA2D8C5CAC7DA24D48CBD5BFA687E8B4FA9F4F355F6DB400CC5B721F4E135CE25CF6D6769B6BDD3BEBDCDFA5FBF62A2FA0B65C4EADF6BDBDC1E76B82ABD7BEB2372FA8E3E56E1F6379755E9ED3B69A46D6E3B1BB9ADD9B7F9CB3FD229389635D2E14B20CD9A060FEB7F2566E6C35900883113351E2F45EBC3FA5F2B4663D543A9F4DFA5A34BF1AAC4F4729CC0CC7B1F5C3C7EEBB7D6E67EEBB63D8B9F76264BECB3D3A5EF6873BDC1A6395DFF0052C2E8C4B721B58A6ECCBAAB2DC710EA58EAABD6FC57307F35915D9B9FFF0017FCB577EB4627D5EC06B6CA9CEB33F2B6BDD8F48DC771DBEAE5DCC6FB29F536FA7B2D7D1FA6B2CBBFC1ABDED4B009C81129FCD281E9F46C4F0CF1C0CCF5374F0BD1BA6D3EA1B72E43D8E814B9A4477DEEDCB4BA5D4D38F41698B0021DE32D2F88FEB6D50B597B9ED706B71DA0CC6E73DC40D0EEF436D7FE6DB6ACEA7AB5B84DA5F57A46A717B6F66E2F2F6973BF9EA4FF0036D6FF00835088CB393C5223888DBD421E99FF008CC00719D4917F5E17D3F1B0BA6DF8659633ED42CA8B3331DF639D5D953F6FAD7E317EEF4ECA9DB2FAB67E93FC17EE2C0EB9F538D37535606EAC55F6CB332D67231DB6D35F4DC7A4FD16FE8DFE87D3FF00B93916FE895DE97D52918CCAB1AD6B5F90432BB637066E1EEB3D3B36B957EB3D7727A8D0DC7A32E9C17323D52E703EA163BF46CCB735CCA71AAB36FAF7B3D5B7D3F53D1F4AD5A1C388C8C2308888ED5C27FB8E9CB97C540C44787FABFA5B7CBFDE6AFD48C5A6D6D98C6ADA40B8750BDC67754E6EDF49AF25BE86C7B3F9C58D98CF4B1B21FEA10EAEB7B41ADC60904B25923DCDB1FF009FFB8ACF51F43A70BB2302CA32ABBB731C319F659535D6022BF51CFC7C7A7FD23AA636CB77FD35C98B2E2D782F7406ED224EA2676FF57FC228F9AC71C9ED88903DB3DBF45839C18CFB51811E8076EDFF00A137EACBC3C1BB22A682D359DA1CD925C5BED7EB3B5BB9EAAE6DB9171AACBC16B6D05D5553A864ED0E738FEFB9AABB6A7587DB1E65C43469AFD274351EAC1B6FAD9635C2D791FCC8DC5E1A3E8F6DAD67F693382103C64EBB132D7A7FCD6AFA46AFFFD3C1C4EAB8B8BBEFB69A731CC9D8CBBDEC2E68F7358CDCDAF23DCEDA87739F9B90C7E752CA7D66971A7141AAB06ADBE9FE88BDFEA3ABACFE7B96475CBB1F6514B34C8A5C636E9B1903D9FE7FB9AA78FD73D4F40E4B49B2879758F6C43AA23D3B3D9FE93DDB96788E5F681C7601E2D3E59FF57FC6631C7C340D0D741A3B198FEA7818A337A4E4D4C14826C3B5AE716E83D402D659EE67BBD466D547AFE18BD8FEA17065994CD9EB7A6D15D7713B6A73BD1C715B6BB1EEF7FE87626BFADF4A35BD83758C7FD3AF611B8111F4B4F72A7879AC756DF5EDDCEAB46EFEC07D0FFA09425CD11194E53FD5CBF4BE69C65FA28E2C940924D777A0C02F6745ADF8958C4CA6B5ED6556643AFF00D1D80FADBB18D1FAB57FA3DDE9FDA7D4F7FF0036B24E633A6F50B1D92EB2C393536C7DA3DC6CB0B9CF75C75F66FDF623579C1D5B998F69F5A3D86B1EA6BFBAE6FD0DAFFA2B1735CFB6F3EAB8B5EDF6FB84E8DF635ADFE47B53C71679119348D6B1D8FF00564939724C54CFA4741A3A967D61C19F6D76B88FA3A35BF0FCE58365B65BB1AED763763001DA4BBFCE739C93592E33A807B2BFD3CE4309752E6D6C6EB63E01200EFB3E9BFF0093F98A518E1841311AFF0058A854760D6C5CFEA38B5BEAC3B6CA9B77D3158D4C7F2A377F9A8EE2DB31EE0009AC35C07F2486B8342D2A6CC7C6C5C9B587D46D2F3B4091BB7BBF45FE72AB94FC1BABB839E1B639E5F459B497005AD77BB6FE63FE8261CBC72F908113F30D7F765B2EE2BD0FE89559959D9B8D8F83919165989801DF62AE44318F77E6BA373FFB7F99FA3FE6D0AAE9DEADCDA8B9C1B616C1D399DA65C7E8FB1C875669AAAAEC7361D0EAC0111EDDBCF087F6ECFB080D7901C60064344FF65388CA6E881D2CA0C49377D1DE1D130F1F6CB7D58120BCEE1FE67D0571C5B663BB7B05A71DA5EC06221A35AF59F66C595567F53AEA73EF68C80D1248700E000FEAB772C97F50EA1659EA1BDED3C80D710D1F060F6AAD1E5F2E4278A60F0FE95F131F013B90FF00FFD4F2F332679EF3E2A74CEFD38DAEDDF0855D2425B1F2504BD938DD236CEEED1CA0A4921D967ED481EA4FA71AFA7F4BFE8FB957CF996ED8897F33BE27FC26F59C92AD8FE71F2FF81F2FF84B06FD3774303ECDBFF58FE6E75E63FF0003F7AD9C4FB043FECB3B7F3B76FDBFF82FB372E5924CE6B73F3FD3F9AFAAA7BBD1677FC98DFB3FA7F65DCDF5364EFDD3F9FBBF3BE8ACC7C6F13C437EEDA150493B07CA7FBD2FEF7F85FD750EBE6DF6FD9FF41F6ADDE94BF77A7133BBFEA56A33F627A5FA1F4A763B6FEFCC18FA5EEF57F717389259FA7F39B9F93E4DE5BA67F5FA3D1D1F68DCCF56364B777A5B667BEEF5BF35643FD3F51DE94FA5B8ECDD1BB6CFB7742A692583E696DD3E5581FFD93842494D04211A56657273696F6E20636F6D7061746962696C69747920696E666F000000005500000001010000000F00410064006F00620065002000500068006F0074006F00730068006F00700000001300410064006F00620065002000500068006F0074006F00730068006F007000200036002E003000000001003842494D04060C4A504547205175616C69747900000000070001000000010100FFEE000E41646F626500648000000001FFDB0084000C08080809080C09090C110B0A0B11150F0C0C0F1518131315131318110C0C0C0C0C0C110C0C0C0C0C0C0C0C0C0C0C0C0C0C0C0C0C0C0C0C0C0C0C0C0C0C0C0C010D0B0B0D0E0D100E0E10140E0E0E14140E0E0E0E14110C0C0C0C0C11110C0C0C0C0C0C110C0C0C0C0C0C0C0C0C0C0C0C0C0C0C0C0C0C0C0C0C0C0C0C0C0C0C0CFFC00011080258032003012200021101031101FFDD00040032FFC4013F0000010501010101010100000000000000030001020405060708090A0B0100010501010101010100000000000000010002030405060708090A0B1000010401030204020507060805030C33010002110304211231054151611322718132061491A1B14223241552C16233347282D14307259253F0E1F163733516A2B283264493546445C2A3743617D255E265F2B384C3D375E3F3462794A485B495C4D4E4F4A5B5C5D5E5F55666768696A6B6C6D6E6F637475767778797A7B7C7D7E7F711000202010204040304050607070605350100021103213112044151617122130532819114A1B14223C152D1F0332462E1728292435315637334F1250616A2B283072635C2D2449354A317644555367465E2F2B384C3D375E3F34694A485B495C4D4E4F4A5B5C5D5E5F55666768696A6B6C6D6E6F62737475767778797A7B7C7FFDA000C03010002110311003F00A3D5F2ECAF08CDBB647D19D4AE0EEC8B9D613EA38C9F12AF75ACFB6FC8734BBDB3C2CB54F91C1ED63B3BCB5493D19FAD77FA477DE52F5AEFF48EFBCA824ADAD67EB5DFE91DF794BD6BBFD23BEF2A0924A67EBDDFE91DF794BD6BBFD23BEF2A0924A67EBDDFE91DF794FEB5DFE91DF7943492524F5EEFF48EFBCABFD3BAC5F86F0EDC5C3CC9598926CE119C4C642C153D963FD6F63C43C96AB94F5FA6E3B5B641F8AE094ABB9F5B839A60AA73F86E237C37128A0FA453936D9F9C7EF5618EB0EA5C63C24AE099F587318C0C6BB85671FEB565D647A9EE0A94FE1D9F5AAFB51C2F71BDCD9871FBD0DD7587F38F96AB02BFAD1458D01FA1EEAFD1D471EE00B1E0AAD2E5B2E3F9E250416F7A8F324B8FDE985D634C6E241F351A9CD789EC9DF0008D5447B2126EB1D1EF3F09D53B9EF03E91FBCA1D6E9D6515C011E1D934936B8217D8F23471FBD356E7C68E3F7A6B00027C146A7C98FC394ED694966C3F9C4693CA8B9D60FCE27E68C1923454F33370F19BFA5B048EC394718948D004A354C321DC1247C0955FA8F4E666D2775858E1C1DD0B9FCFFACFEE2DC611E7DD63DDD5F3AD3AD842BD8390CF6260FB6B805F3F1B270ED2C36970EC438A05566539D0C7BBEF2A21F6DEEF7B8B9741D2F02ADA09E56964CA71631C678A49269CFAF1FA8D91363A3BEA5755D258CA71C35CE76FEFA951AF1DAC1002232BD74E565F31CC1CB1E1F947831936DC3699104C0ED25217389FA47E328018F060F3E094126634ECAAD78A344B63AC80439DAF9952AEC711127EF29986406BBB298023DB1A7096A342846F0F1A8793F32862F7EADDC47CCA258F7030781C213B693A7290254B3ACBA277181E6A553DE606E3A9F14CF98D35D1350F8B20F8A904AB74874F7B9958D4FDE81EAB898DC7EF52B4BA39F868A9B83E65BDF82990C9674EE8A6CBAC76D92E3F79555F6D93A38E87C52DB644B8FDEA2412344F94C9F24B39B08DC5C60F9F651739ED3ED7BBEF29063F51C42735E93C7C536FC54C1B75C3971FBCA563DF634B493AF9953F4CF82936A8F71E39438BAA5E7F2FA164DF74D4F70075E4ACDEA3D1BA8E0B7797B9CCF104AEDC69F4535B50C8A8D763770768ACE3F88E6898DEB01A14F1BE6BEB5DFBEEFBCA7F56FF00DF77DE56C752E9B5E1E59638435C7449B855912068B57EF5131121B1499D3901F92787BFEF2B4BA7749CDCC326D731BF12AED78750D4057A925AD86E8143939C23E51F6AD94CD68D27F41755CDEE3E7B8A0BFA5380D2D7FDE56B38B88D754839ADEDC2AFF7ACA4DF152C129F7710F49C8261B6BBFCE286FE95D41BF45EE3F32B79CF05DA0849AF3FEE4E1CDE51D8A78E6F2D6D39F57D22FF00BCA09B72072F78F995D83B638C39A08F341B7A7E1DE0FB214B1E787E947EC48C87A8794F5EFF00F48EFBCA25595902C69F51DA1F12B6723EAE35C3752EF301646574FC8C5743DA607756219B1E4140FD0AF8CC1EAF71D23A8B9D8CCDCE24E9DD6CB2D7B9A353E3CAF3CE91D65F8B6B5B6EB5F9AEE7A7750C3C9AE6B789FDD9D561F3FCB4F1C8CA8F09D6C6CC84DEADBDD6CC827EF536978FCE24FC53B483DF451718D41F9AA2095A495E5FE247CD2F51CD1A38F96A50F7EEE5398883A227EAB59073CFE71EFDD23659D9C4473AA4D81A080B03EB1FD60AF0EB7534381B5DCC765262C73CB31085D95016C7AEF5EF4DCDC3C77CBDC7DC4156F0458286173C97112570D8363F233DAFB0CB89932BBEA2B3B47611CABFCDE218210C637AB91EE532D9B15178225C7CB52AD9712CD1C7EF55CB600014F50D8E3E0B3A6765A1817B81DA5C7EF48B9D32D71F992A2F1223BA889EE902774D3375B6C8F7103E29F73889DC67E2A1274F1EC9341053B8AD14CC3DDFBC478272F70235304EB0540403E2A7BAB60DCF31E69A49480BFA8E23E91E3C4AC9FAC7D53EC78458C7FE95DDA53F54EAB563B1C2A32FE010B97763E4673CDB7B8904E815DE5397248C990F0C0743FA49D06A5C9B32F2AD7173AC7127CCA807E49E1CFF00BCAE8A9E9347712AF55D371DBF980AD43CEC22348A38C3C9B599AEE0BFEF2A7F66EA3CFBFEF2BAF18F4B4CB58024E6B7C07DCA33F103D228F73C1E45989D45E7DBBFEF28E3A4F55234DDF795D3B191AB4477561963879A6CB9FC9D2210665E47F63F57FE5FDE533BA4758689DAF3F32BB1F5CB48F345FB518D4029BFE91C8378847B92ECF04EC4EA6C1AB6C8F894177DB1BF48D83E657A132EADDA398D3F243B2AC4B0EB5363E09E3E27AEB048CBDC3E7DEB5DFBEEFBCA5EB5DFE91DF795D8E5FD5FC0C812C1B1C7BAC1CFFABD978D2E60DECF256717398B269747B15C260B99EB5DFE91DF794BD6BBFD23BEF2A2E6B9A61C20A6561733F5AEFF0048EFBCA5EB5DFE91DF7950492533F5EEFF0048EFBCA5EB5DFE91DF795049253FFFD0F317BDCF7173B92A292480D10A4924925292492494A4924925292493C24A593A5B4F827D8EF04AC258A4A5E9BE2613B69B1ED2E6B490392958EEAA2C11EA687B63BA023633A1E026CF6D143760F05A614EACABAA3EC7108D97547B87754D089138EBAA88A2EBD3F5933AA6ED065147D6ACD883AAC34930F2B80FE8043D1D1F5B6C637DCC05DD92B3EB864BB40D8F05CE2499F71E5EEF814ED59F59F39EE9274F048FD66CB274D162A2D145973A182538F2B800D60000A6FBFEB0F5224C5844AA37E55F7BB758F26559FD93944F0AD51D1D8DD6E3AF8203260C63D35FE0A9C70D27804A715BF8DA57494E05407B5931E2A4EC468FCD02744C3CEC6E8045B93D3F09CF70242EA70B1F634028583801AD0EE3F8AD5AE96010567F35CCF1959295960DACA26C820811F145D81380154B2B2D0BC78261F0D675462D052DA227C52B521235894812D3A29399AE9E4A21A6213B7D025616071F77297A3F9C0CF927780D1046AA42B21920F297B64120741AA510702E87681171F1375FBA3443F4DCE1E6B4FA7B09600352101A823C120755AC01A76FC906CA8F82BCEA0B817470A3E99983AA586CE801A3B1A5B4E739A06850CC0E04AB1910D7C7FB501E48D253CEF4A62D83CE8A63681F950CCCCF0989FEE84CD5490B87C13FB610BDBC0E5211304F7D10A2A48089F2F147A4924405543C4C4F0AD50F1A49F9264F641B723EB861FA986DBDA3DCCF0581D2ED36D7B5DD975DD7F3F0EAC175769973C7B42E57A7318C69734CCF0B4396993CAD10743E92BB5E1D5BA04442255EE25A845E0952638820B7B2041216B65CD1C0FBD41DEDF8F08F50F55848FA5E098D447B9FCA8F51BA2DAC440D4260D3C947757B8CF64C5902023C49B45ACA41C4152734813CF9A8F6D515326D8E26253BD95DA22C00A1C994CE76A956BA68AA73BA874366D36D1DBB05938F939187702D716969E1754DC9DA082241E560755C326D36D63DA55EE5F319038F2EBDAD7E399BA2EE60FD6B101B76A7C569D5F58F02CF6BACD9E4579E825A516C76E682394CCBF0CC32958B8DF666D087D26ACEC4B04B2D691F1567ED58A19BFD56C0E4CAF2A6645CCFA2F23E6A5F6CC9208F51D07CD432F83D9D3269E4B683D875DFAD3552D7518865C742E5C6DD7D97D86CB1C5CE3C92A049264992995FE5B95C7823511AF59754B77A498CDACF985E8F588ADA4710BCD315DE939B6C7D132BB0C7FACF83F676EF24380823E0A97C4B14E66261132AD34518D87A00635E4A7738C4AC03F5B7A7011A95267D6DE9C74330B34F27CC6FEDC96F0BB44F81D13B46EF2F058CFF00AD3D34825B3A7E2A9D9F5CB1D9F419308C793E625A08495C25E985733020A15AFAE89758F0C1E657257FD76CA77F34C03CD6366F57CECD74DAF3AF65630FC2F393EBA847F14D3D9667D64C0A65B59F51EB31D9F959CF9DC5AC3C01A2C5E9B84EB5E1EED42E9717198C681DD4D3C3870691F54BB95B2956810331A747FBBE2ACD78C00D04470AD36B006814BDB1C2865326B56326D00A2358844F4C8833213974FB4E8A5EE03C936C78A109692481A24EAE21103DA4EAA436820A42948AB603FC5488EC11EB6B5CE24684F64EFC774F8227E6AEEA6A3BC0A406820239C7D8649D123011314A168329C823CD3C8933F1512E13A7DC986250CF74099FF6A7F51BB60891DD05CF24EBA29D4F67E70F209088B1AD78AA9CCEA9D0E9CA6BACA61B673A2E56FC7B68796582085E80E7561B2D1AAA59BD229CF64886BFC55DE5F9CF6EA33371EEBE33AD0BC3A4ACE6E23B16F754EEDDD565A6082011D591492749153FFFD1F2E4EA5E9BBC138A6C3C349F92163BA9827846FB1E444FA67EE44C7E9B9B92EDB554E711E49A671EE14D584A158BF0F231ACF4EFADCC77984DF67B226344B8C7748892821200ADCE99F576DCC01D6BFD361F05D0637D57E898B0EBDDBDDDB71504F9BC71B1B91D9923CBCE5E01E1852FE61498C130BD07371FA262E2B9F5B1A5F10202E1AD05D7B9CC6C02740862E60E4BD386BC57CF00856B76BD1534B848579D4D5B0068D554AC86386F30AD8C8AB64CCA664E2B045A800C6AC704C11A15A347D8F0F0EC16341DFA895446654048E552CDCD7DDEDEC133DB9E4201B11BD7E8BC18C4191A695FB7D5716F04E8145AE2D7029192653D755961868255FD00D5A84EB6E83A2EC60472166B8415A98987931B76E8517F62D85D2EE1578E5840906429529C686AE2A4B7CF46ADAD008F9A81E84D89075288E6F17763E30E1A4B59FD15C012D3C20B3A5DA1D247B4278E6319DA4B848168D6C2F7868E4AE97A7578D8B50982F2AB57D3AAAAA377E70085884BAE33A8955F34C6589009118EE93B3AF65E5E21820A8B31CB882E32A2D038E15AA8680AA44F08A0C664596D15805A23C557C976E00B4C42B860C05532A9912DE13207D42D6C4EADDC5B1C6B6AB60B80954FA7B1C1824CC765A4DAC46B1AA8F25F11A0A3BACD2ED25103A06A9A04F82623E4A3B285C19329E23E05337C07C93C7209D10D0E8A62E3E69A63E0148EDE3BF64808126014DD6D2183D848DDE5A04C43F6EEFC149F634E80EBE0934380D7BA9613037EA9B4165C5A3DA35F823F48CF71B5CC7FB41FCA9ED7B29A9D65836802656153D443B25C6BFA20E8A4C5081B35C5C3D5923214747B23791A733C142FB46D33E0B331BAB1B99B5D00B55B161B0401261231E19131969FA31FDD59328EF77AAFDD1AA139836AB031DC65DC7914271890754DE13A93D56A1D07299C35E148C198EE9803C261B4302D24C9093980F1DD15440DC7C12B5316D1A7823B31E351F1845AB41044AA5D5FAB55D3F1CCFD370D020019CB8622E474A4EA740F2FF5AB30DD99E88E2B50E91B8D64159B6BECCCC92FE4B8ADDE9F8CEA6A870D4AD5C8062C11C7A585D23A5252C075EC93441F3462C052F4F455389624C77BD8F91F356DE3D4D41F88545AE733846A6E0C74BD0238B4BA51169C547811A21BD8E1DB852B7A956D6C111E6847385838E7BA61C728F8F884510B1850735A0A939FB879F74331C774E095881C0F92890213E897994E55B1204EAA5632B7D45846B1A7C5448D74446300124C472913B1B53C9665659739BE0509AED215CEABB4E4388332551056C633C50893D99C28A64E5327A949C6A6132252DDCF0122685A5B0E606D1F155092ADE5BA006F82A6A3C5B59EA996EA492482916AE091C264E5324A522D0DDCE01095EE96D63EE00E87B26E43C3127B053D074CC7DB50310B56A6B40127E6818A00007002B5B5AE0B0B2CF8A44B148EACA46AA274D1300E698E614B93AA8F896A3824A791E3F253238F1512D2751CA374A5680789512D71D41D14A2241E7BA8BDDB44A31D52969735A41768AC596705BE0B26ECC6166D0AE62E4B1D4ED2119C26202747434BCC7D37D593CB9C354325C7E08E76C73CFE442D824F994C8CAD8CB0D9A7C540320AB21800D7B262D6C153055B5C96CC1D1273678EFDD10B59CF74888F394DB52201E9DAF78D01440E03F226757AEEE354D3B5A5C0FACB4B5BB1E1BABB92B9C3CAEABEB4B47A55C1F92E55DF496BF226F0C5963F285249925692FF00FFD2E6AAE9B4EFD5AAFD78B875B4430152686297B5614B24C9F98B5CD9EA5906D034D823C15CC57D149DCC68056793E0A4DB001129BC73EE5691E2ECDA3A6E6BDA32AB6B80F1081D6FA0748C8A1A305A2BB071B550F58C2257965A745247999D1E2009FDEEA1227920342D0B3A3F5BC7A22A9731A3F37C02C5C9EA59F53B65E0823C57778FD68B19B1E03823E374FE85D61EFF00B6B1A49E07D13FE729F14F1CC8068C8E9EA1C3FF0039961CE641A48BE68FEAF7BB42647820FDB4493B752BB0FAC7F5029C565993D37226B68DDE93F581FC9785C6B31F6B8877215CF6F1C45D5337DE0C85DDAC5B65A771D02935A5BA23341888441493D934CFA746296524EED70C29C6397156DB8F242B556300784C966A58645A7574F6BF91F15B181D3EAADB21A27BCA7A28870D15D680DE152CF9E52D2D04AC6913A084DB24429EFF000D4A4083A10ABD94535DC3F7B9099AD047F0477B35418EC13C1B0A60E6E881A6AD3DD5B2D30ABBD84994F894834D4C8F6E3384FC156C06EBB959C9C7739B2380878EE6B396C056227D06B5B2CB56346FD4C079E5596881E4ABD591596C0E519B60307B2AD306F563212428B813A11CA5BC0D0EA98BA5305A296ADCEA9DB9BC782B0DCE20C12AB9E102D04C91CA78D742B81E85D8AF20183328ED787775858D9443A1E60F8AD6A487346BCA83240C7EA8229B3203A072A25C748E4E80290000D140F325436864D200DCEF920DB692E80939C49D543BCF2881D4A93555C7B9DA9476EBA8436F00043CCC8FB363BED70800693E286B234372AA24B8BF5A7AAEC60C4ACFF5BE2B2FA71DBA93CF754326EB33731CF3A97396C36A6D22A11AC05B031C71628E3FD222CAFDB46F63AD3C4B8B3BACFA5A06B1A1E15CAA00E551CA355A5B9664D85A5A0E8509AF69D00D7BA8920B74EDDD41BA6BC7651EA77284A6B3C8481703CC78266BA74F04E4CFD21A764D20A191E6679526C93F9508183AA3B040062102848E7B6AA8BDFA06895C1F5CCE7750CE219AB4180BA5FAC9D43ECD82593EE7E9E6B94E9B76387936FD227957B90C444659C827F460C91142FBBA3D37A7B2A68B1FAB969F3F040AAEA5FA35C0F82335DAC4A6E594A52265BAC36CA3BF74E048D785191291708E54685F9F82838EB078483E10EC7EA881AAAD7BDA2CAB69E7B15975E53A9B4D367F64AD6A6AB321E2AA86E7BB40D09B2BEAF5C2E1EB8DA46AA7C3544487A7BF6298CBA1D9ACDC878FA3ACA8DA725C2785A55E1D75B7413093E8DDDBE0986710740AE31D3F171B75CDE1D299D7DFA0274566FA4B2C8EC836B34214D120D6813C4C064DADEF29B27A9D8292C68F71EEA2069C49427D64A788C2C581A2AFBB92F739CE25DC9515B1574FAAE77BF40AF57F57B0AC6C6E20AB079BC51D0E9F464130F34132EB19F5670660BCA567D53C67EB5D91F14C1F10C175647D107245E4D59C36CBB7782D2CBFAAF99449ABF480782A7556FA1AE1634B5C3B1529CB09C2E041B64C6413A16BE4BF7585014AC32E25454B1140051DCA9384C90450B94C9CA648294894586BB038764349222C5153D974EC81752D7033A6AB499BA34E5721D1B3C5166C79F695D5516873416990B139BC271CCE9A1D98E716C02E9D4FDE943A67EF4889520035A35E55558C0CC8F1536B8F6E0A67B0C286F3F108A1770F1427B7B11F04466DEE98B839D1D910136D67D2C888D502BB1D4BCB4E9E0ADD80072C6C9CEDBD4B61E38563089489036AB5D124D8772ABB7000A37A80091F359B5D9C11A4AB2C701CF0A39C68E8B4B67D46912784CEB34D10F77828EA0A6F11D94CE07F7A6740F8049A4C95183C1E3B254A5E6781C77489DC3C828876DD0F742CACFC6C3A1EF799711ED08C44A44445EBA68A01E63ADE6BEECA2C07DAC30165932897DBEADAE7FEF19435BB8A02108C6AA83385249249EA7FFFD3C5DC62116A776284D05CE449D7680B00B5D93DCD034E54430B8EA548540197EA989310D1A763D90BECA62F21BA0D54039C4F80520C93A94C61B288A533164774DF6874E9A203AC1C21D97D7534979D7B04E10BE8B68163D53AADE2BF45B6BA0E8E1256356C739D275254DEEF5AD2E9D11EAAC48576238200755FB68AAA89F8A3B682348846AAAE0AB4DA811F95452C8B6DAD5D03E6ACD75EA1BCCA35548254CB20E9A9ED0A094ECD2AD635ECE75F3F822376111DD4097681C0FCD371C1E394C29B4C5A1A2520590646AA01DD8A90AD8E009747729A05E8858B64A0BD9EE568B58CD1A6679086FAE67C5220C4D14EC5806348F141B2A700AC5608D212789D12068A900A87A7C2AAFC604C765A4E6C36021FA44027BA74721098921C5B2BB2A712D1A2355738B55DB689D551BEB7D4E05BF44A9E331314775FC57BB6EB793CA3340854EAB5BDC81DB5561B657A7BC7C9472894514CEF87C94435A449090734F26548B81D2546844FC76BC481AA9537DB8E61C0B9A14F700213EE696EBCA376288B0AB6D33AAE391AFB539CFC37103D400F9ACD7318E225A2133F031EEE3DAEF10533D9C5D4C87E2AD1D276453A7BDBF7A76E451FE91BF78593FB11BB4B7D532782B319D3320641A9EF220E85490E5F1481AC9B7827D27ABD065F5DC6C3B03490FF00EAEAB13ADFD60775002AA816D7E08B7FD5E79AC581FEA13D952FB3D78EED6A2E70563061E5E244A3EB9C522BA2FD3E8AB1D9F69C8D3C1A8F5F5139993B58CF60E156AB1727A85D0F058C1D95CC3A59819469777EEA4C863EA24F165AB11E910AD35EA5D33994515CDB2D2A0DEB382446F84F918D5E4336BC48558746C403E8CAAB1388EB3E2E2F05B63A86D1EB584D1FCE20BBEB0613783282EE8F8A47D12108F46C69E13E2397EA64AB8F64EFFACD8C3E834A059F59ECDC0D6DD07290E978CDE5AA430281F989E072C3F449F34F147B36B1BEB1E3D8DFD202D2395473FEB55C49AF1BDADF1EE879E3131A92DDA379E216038826429797E570C899F09AE825B2E881BD3632F3F272CCDCE2E558121248024C0D55F8C444544505C96ACAB6B32D7157E8EB56B2376B0A80C5C822430C276E2641E1853270C52F9804101DCA7ACD3601BBDA7C15C6E5D4E1A10B98FB1648FCC2A7E966B4C807455A5CAE23F2CA96180EEF48EB41E1C2555B7398C7169D4ACCA1B96F7FE9096FC55E662EE1E27C54470C207D46FC91C206FABBFF00563AAB31720DCF64C889EE16C751EA4DCC7EF6B63FB972B8F5399A0D40ECAFD763C4072AF92721A465E9FDD59217B6CDA82E04F084DDA090A3EABB8E5313DFBA8F8B4AAFAADE1D186463EE13DD547639216934CB64EB082F8991F77646390EC916E6BE90D3A0D3BA8FA4D576E607374E7C102BADC5D1DE54C2762ED72A9A49E06815C6C5614E966C6447CD42DD267950CA5C452C996EA8C2DD1536E9C220DD1E49928045373D723E0A965F4FAF36446D778A230C9D559AA39404A58FE53481E9361E2BAAF49BF05F2E1359E1CB3D7A3E761D79B8AFA9C25D1A7C579F65E33F1AF7D2F105A56B727CC9CB1A97CF1FC5971CF8878A1492482B6BD91E1454C8F6A8240A4A92492490A048E16E746EADE90F4EE3EDEC561A524709997147247864A2F7F4E755737D8E0EF2EE8AD7482D5C2E167DB8AFDEDD7C96951F592C611EA3772CDCBF0F98D6078BF36330ECF541C2226533C8DBAEBAAC6ABEB162D8751B49E55A6756C27B74B003DE556960CB1DE27EC5A627B36D9E1DD380275D0AAEDEA3884FB5E24F05159752F31BC6E3D9338243A11F4451ECBD8435A49D235257179B905D9CFB01E0E8BA3EB1D52AA69752C3BAD3A1F25C9ECB1EE26092755A3C862204A53157E9D59202B57A9E9D92DBE9041D42D16BC7E2B97E94726A712DD4770B6599F547B8169EE143CC6222444751E08944DBA8C7049E403A70B3CF52A80D012816F53C8769557CE92AB8C13276AF3470BAAF20097189E555BBA9E1D40EEB0123801661AB3B20CDAF2D1E0ABDFD19D66AC7127CD4D8F0E306B24FFC54D47A96599F589E65B40807BF758F7655D799B1D2B47FE6F6496C83AF82A993D332F1B57B0C7885A187EEE348117F8AE063B06A24924AC2E524924929FFD4CBF44810D4E2BDBC2B8581ADD443BC144533C95CE024B5B89ACF07C544974797608D6D446AD4083ACA7055B07B80F340779A36A6744CE6693E3C27834A404C0D02CBEA45DBE0F0B59C2166F546680AB180FAC2E86ED4A000755A15B40121675448216854ED029F22E21B948255A67C554A5F3FDCACB0E93C2AB2DD6109CB48D4266878330A3BE14DAF244A60114578A424B87B828EC871D344C6C7242C703312811E28A3DD7F4CCCF23B289041D7508A321B10472985D5CEA384DE12AA2C369FCD0A4D7998768A5EA54351C14B752EEF0851ECAD7B32DB1A84EEAA61C3EE51690340E908D5F828E561168CB644A67323CD5BF498EE358EC8173EB64CF3C4268123B44FD8916750103981C109D8A1CD93A89E3E08E26C6EEE2548068691CA92360EBA26EBAD39F7E0D16410D2D23E0A8D9D2E5D2C791E0B781A01F73653BFEC240006D3E2A78CE63F4C7D523211D5E7FEC7975FD1B27C937A99B5FD21216E9C5A5E26B7EA84FC3B46AD872771C8EF18CBC970C9F5731B99D9DA11E2AC0BAA2D92E03E695D8ED1A58CDA7C552B3069712438808540EF715586C3F371C3B6EF04A88CFA2B3ABC2A16748639DED7EA856748B1BC3B7429463C27F4CFD8B8089EAEEB3A8E34026CD7EF42CBCAA9FB6D64978E602C7A8538A66F1AAD3C6CFE9D6000168ED053258440F1463290EFD106001BA2DFC7C816561C0107C11B631C65CD049406B991EC8F284563B4F35564352468B59B6B637E8803E0B9DFAC567A794C7B7421748D923FBD727F58ECDD991E0AC72238B36BAE857437763A6E7B32A9127DE0410B4776E88D170D89976635A1ED3A770BACC0CFAF22B0E07DDDC27737CB1C678A3AC4FE08943AB71CCD3C508B60A3FA8D892600EEA8E6756C2C79F70738760AB423391A8C49F25A0129BD30755433FA8518AC2D6905FE0165E675CC9C825B57B1BE4AA55879192E93267B957B17295EACD2E11FBAC8215BA1BEFB2F79738CCA6AF1ECB0C342D9C7E8AD6C17EAAFB3018DFA2221589735088A87451981B38B47477BFE97DCB570FA2D2C702E1242BCDAF622D67955A7CD4CF5FB18E592493EC74EDDA1A3E02109DD3D8D31B75536D85AE1AFC14DD713CFC946725EF658CCA5DD01C100683551AF1DAD76A38560DAEF1507388D534CD16527A18EF20968D395B2FC4E896E135ACAC32E02370E656231EACD4FD40981C247291A69AF757110A18357010ADC57B492CE02B5EA469289596D80CF7518EAA1321CB6B8F044152F6C4772B4ADE9BBD9B80F778AC7CC73F17E9890394BDB2760CA0896DF625DC5BF45317B1ED323DC815E4B2C6EEACCCA901A6EFBD0E1237D0A8AC58E79DAD32655EAB000AF73B427BA1E2540BB7F215DB6D246DEDE0964C9C311103D52EBD827A351C36981D90DED0E1F04579F2502481E1E29915A84B3C384E078F0A7038994EE11A04E4B0D01D38536D91A289DAA246A20E8122114DCAB2B619E4059FF005DBF62DBD3E8B686EDCFDC248EEDFCFDEAED754B37012B0FEB563BFD2AED68D072A6E4A7C398006B8B429C62A4F3092492D967665C214124920136A4924924292492494A4924925284F65671B19F69E4A1D2CDCE5B9878C1AC07C7950E7CBC03C56C8D0474F4F2D20CAD16B5C0EA20C4044A9AD075E3C5148E0132167CF31931995B5ECC1C7B3DD6325FE285660D4C6935B0074690AE863898FCD5572B25D4BC573A91CFC744A0652901C563CD42C9721B7FA6F6B9A0CCEAB4AA0DB9C096C023559D8AC0739D43F433ED9F10B729A4F0029798222686F5BF82FC92A5369AC001AD1A29863446814B616FC53063B5235854EEFAB1DAB6B426803509C4F7E137924A5C5A4112A65F5BDB1600E050F6827E0916C44F052EB6342821C2EB1D318CB3D4C76FB4F60B21F5595FD310BB46B5A7470955FA9F4F6E462B8B1837B04885770F3A418C262EF4E2648CF605E4524420324110E1A4282D0B657FFFD58D99353C103BF055771247B4C9559B6068D34851FB4341F3587299AD00FB1AE4F60195EFC9AD85C1BBA3C1516E75961793538067D2701A056DD96E71851394054FA5CD1B2CD5C63BF8A7C3DB35C62BC968C9D251FB1ACDCEA9DF448288DB98FEEB1B33A7DF438DB8EEDCD3AAACCEA56B1DB5FDB99537DD0485C0DB270890B897A4734384CACFEA54BDCC11AA0D3D5018D615B665576376BA3551884F1C8123645105CDAA87E9A2B2D639A8AF6061DCDD4266383BFB94BC665AAE4941D55E63496EAA95521CAF57C055F26EB24CF683F252009FEE4FB80D1349ECA342DE9E92538740F149C1C441D13B435835494C61C7B42419DDE6478293893A37EF4DB4704C94AD4A0D6CE8242735048BFB3742A60168927542D48854E6C99808D539CDD5C13893AF64ED749808124155B366439AEE3550B21CEDCE51B34B3C9358E702859FB556572E103C3C131B0C70A2D7EEE46AA2F2E0652010CB7B7BE8541C2793F34C1CD71F7729CB60403253914C4BB60F6A66DD6B787151737C390A24194695499D79788789F12AA6455BE4D3A1FB917748FE09000EBDFC138488FED48B0E35D6E7D0ED6B91E30AB3BA8E6B8ED6B489F25D23489D75F10551EAD9F8D8D51AD8C1EABBBC2B18B2C64447DA1291FB19232B354F377DB6BDDFA43250949EE2F7171E4A8AD202856CCADBC7EA59340DA1C481E2AFE37D60B1AE1EA090B153A8E7CBE29EF11AA0805EC19F58304D6493EE8E1731D4727ED592EB7B1E10764890A10998395C78A4651BB3DD4234B2363655B8EF0E6188415628C575BC29A7C35EAD925364755CBC81B77103C9431B0EDC9B20C9F12AF63F4D1F9E16C63E132AAC3C001559E78638918C00B4C87468E3747637470D4AD1A3A7B583DA8C3E08AD3A2A13CD396E6D8C927AB0F4083E498B4F011DA4812509CE933110987CD6B12DD2133473DC29BB513D8A16A0E85216AA0BBBC7C133DD0D99440D9008F9A0DCC9E38446E8A0B0C807409CB9E4F1A142359107403BA6B6DB43D8D6F74FE1ECBB8427AF7EF888563E89D7EE4F554E6B25E64F29A5A5D03585148D95A40641E7847AEEDA555F9F7E1437C1D7948456116EEE2E708D8E1A145EA1D219978C5ED1BA46A160B2E2D3A1D7C96A61F56763CFAB2E6FEEA9F1E4AA12DBF250D0BC46436FE9B9CFA9E1CC6CE80823EE5A34E6D2E607BE7E1E4BAAEA37F4ACFC66D4FAC39CE1AC8E172DD47A75388D0FAFE80ECAC649629915F3338946469D0C7CDA5F02BF6B42B955CD6FBB91DD60E15B43F469127B2D2659008F054B998DCB6A448D9D93DCF63CCB044F64283C1309B7026652739DE12A30296AB8D344A6791A84274C4CEAA02C77629E0293E9311A296CA9DA76411718F8A256E40E88D5B3597359B1BC782C0FACBD46A34FD9EB3B9C4FB8AD8CAB0B712C7B4EA1A6217077D8E7D8E2E3B892AC72180649999FD02C98C59B28D2492016BB2A949AC73CC34495A1D37A2E5673A58DF603049E175583D031F15837343AC1CE8AAF31CEE3C5A7CD2EC1129C63BBC5B70325DF984273819113B5773761B234688F82A870D86602AF1F8893D0040C80F478A7D6F61870853A316FC8706D4C2E2745D63BA4D363FDED91DD69F4FC5C5C51B5AC1F14EC9F12118E91B97E09E20F3B8FF53735ECDF690C9D6146CFAACF69205930BB37648DBB4F6542E21CE9ECA9C7E21CC48D9207D1699F678F3D32FC5B06FE2795AF8CD0180227521351039050B1C4B1BE246AAC4B2CB2438A5BA252B01B2C649F245001D3EF2A0C6C08946F691C6AAB92C76B026345939A5C72EC70322B60D0AD625A1645EEADEFC9DED93B835AF9885260F989FE5A95F8F7B68E535D5DACBD84EE30E04F88FCD5D06064B6EAD9708DAE1A8F3EEB1BA8FD9D98F4FA477103DFE13E69BA2E51DEFC69D1DEE67FDF82B5963C78B8C0D637BFEEAE98B16F485CD9279F029168EDC9510D0192DF05165ED788EEB3483B862A65B24903B28BE068427DE6533817EA510A605B274D026703C153DB039512674FB93956C04820F653AEE783E21476F80F8A9D6003A8489EAA345E5FACB296E63F6727559E56A7D61A5B5E6C83C8E1663745B180DE281BBB0CF13A07FFD6C46591A21DADF04DDE41D5299D0AC3028DB5AD807393EEDC0C949ED20286E213B7455AF0E6496EA0F2165751C20F26D6083DC05A9BFB24E6B4F2A5C7925036989E136F2FEE61F02138BED0643885A7D430011BEA11E2164B9A5A60AD0C738E416CF1208B4ECCFCA67E793E451E8CF71780ED2795413CF8227140F401341E9A97EE6874ABF8EFE372E5B0BA8BE83B5F2E67E216EE1F54C4B21A4ED2A867C1389B02C770C7289E8E93BE97C520239E54058D7410647922375D553208DD8C8A5C00E291009FE0A2E0E2201F92946D03B93DD0B42C4902028EE24E9DD4A0C6A9374F80492BB406EBDD3179260E878D145EE035F14F589F711A7647C509236B409E795101C220E89774D243847CD05327B89D65335DBDB04C90A24899FC54468EDDD91DD4B90E69526383C6D1CF9A4E2D210C0DAE90968A66E6C1D0288906653EF81AA89B06B03E692B567A38490A0E0D066754B71286E1275E5109A5489F33CA5A8D784831C7B4A8DF914E3565D6B87937BA22C9A02CA405F2322BC6C775B61D63DBE657259792EC8B9D61EFC23F52EA2FCCB0F66760A8AD2E5797F6C714BE797FCD658469492492B4B949C14C924A66D25A7C94CB43C4B79501A8845A4EDD625325A6BD521136B7970001D5743D2F01CD602F1A9D5070718B88791A782D9A8907504054F9ACF71E11F56399E81618E74889564564B43380394839BAC73C293249FCAA8711AD4B16AC45407254B6B40D0FC5488FF7A681DB4401430041D0E898B74447551C90A325835409D528DA40307549CC0E1206AA4E2C74C68533496908DA98B7733E09100B4108EDAC580EA816544E8D325117BA9A76D573AD1B38945FB1DC2E6BDC7D83B2BF8F8A595EE79D533C0982663C11394DD01E09E2ECC1D603A0E07743716C71254CC9D1A2131ACF729A342B5882EF80298B9A09241520C03BCA50C09FA7755300648238F82912E9D4A912088023B28C78CA6A299876BE4A5731B915398EEE1009328AC24C142C8361555ABCCD94DB819BACEC2795B945A1D0E06410A7D5850DC37D96341746856274DEA507D27899E15B95E6C7C606B1D0F8B21F5005DE2ED130B4B7E0A1A1013112740AAD2D48E3BB4FB90C88E79EC8393935E33775875EC3BAC9CCEBAE77B68F6F9A9B1609CFE51A775D1813E4EBDB914D226C700A96475EA6B1150DC560DB9175A65EE25095C872301ACCF17E4C8318F3742EEB79B68237434E842A2D6B9EED04929802E700392BAFE89F57DA286DB7B61CF1225499B262E5A17405EC075492221E6D9D2F29F10DE56BF4CFAAB65AF0FBDE0346B0BA03802A8DB1F2516D65874D3E0A864F88649C4881115A3237FA7E2E1E2502AA5BB40327CCF8A2DAE0098D4792A35BDE3BE889EAB9E6383C8959F28CCCAC9258C804DB320910556B009988F145DFB0CCFC933C6E923BA234DD002068D7E09E54DA3588D53399075E53AD75A9CEEC50DFAB4A258D100A800E7186891DD21DD4D4BA96DAC2D54AB3E93B63C4470E5AE690DD0A0DD4B2C6C15343281A1D4148AD8A0ADFACF21103C73E2AABB1EEAA4D4640FCD299B961A22E69691DFB29382F58EAAE0EA356EEF11A8593459516E539ECF508931E1276EEFECAB273A8D84078982AB74EA6C7D3916B080C351D0F7329F8E3C3191969AC7C3AA62281BF06816EEA5CC71D239F307454EABBD0BD96B342C3255D70A9D4EAD3EA31C43DBE447D259CF1CAD18006C1D8B217B2A6C6BEA6BDA658F1216764E53B0B20123F46FEE97D5FBFD6C435132EA8C7C8A2F5AC6166139D1AB7559D102198E396C4F0FF00DEB10D2441EA9EABDB63039A7703AAB0D25CD1AC7C573BD31F732BDCD76E1DDAB629CA6BBC9C3B14B361E191035A44E15A86C90413DD42000A65DB8213EC6B1BB9E401DD422F6580330E81A7C954CAEAB4E3022773FB00A9E675573C9AB15B24FE721627497D8EF5B24F3AC2B11C31038B2E83A47F48AF101B96B58CBF3ED36DBA13C20DDD3AE61F6890BA26E357036C69C29FA4264098520E6CC7488F48FD15DC75D1FFD7E7C9D484C209556CCFC7ECF1F0423D5719924EBE10B1C6299FD12D7E13D9D30D2E11F8A83E9731DB4FDEB3DBF58AA6C8D93E0A8DFD6B26C712D303B27C395CC4EDC23C52205D4B9ECABE918542FEA8D618AF53E2B3AECABAE32F3282ADE3E540F9B55E318EAD9B33F21E4FBB4F055DCE2E327949285604631D800BC001649390922A5938710641D5324929D0C3EA97D6E0C2ED3CD6C6375563DDB0BB55CBA9D6F731C1C390A1CBCBC260E9450637BBDBD7617F1C22904C05C88EB594D680D311C22B7EB166800120AA2790C9D298FDB2F504419EC145D33A6B3CAC6ABAE1FB2FA96D80BC93ECD3403FE96E471D671FECFEB34CBE636264B93CB13B5F92BDB3E6E886EE3A852E3DBE2B26AEB790ED7D131D938EA394E749AE1A530E0C80EB43EAAF6CF83A81C122E0DD7BAA6331A06AD3A8E1577F52797C1A8C764062993A040892E8FA80FC5170F173B32E7D78D58B0555FA8E6EA1D13F99F9AB25DD4E968920FF00B5767F53E3EDD79FDEA59063B0856796E578B8CCC1A034F32BF1E3BB243CECC1F3F03CA632785ABF5D311BD3B286635B14649F74702CEFFE7FD25994E3BEDE8791D658E9A71AD1558D8D6081EFFECB9ED511E5F209480175D7C169C52BA02FAB2C5C5BF332ABC6A84D96986F868371427B1CC7B9AE05AF692D703D88D2175BF547A6B58EAB35E26D7D7BFF00AA1DF41BFD6FDF5C6FF8C1B32FA77D64C8AEB3B6AC86B6FACF93843FFF00046B9583C84C63813A6426E43B44FCAC87011004E92DFF00C129039A1E1848DCE30D6F724ABBD7706FE8DD3A9CFBAB2F658432CFE438FD0FF3D0FF00C5CF46767643FAAE61DE2B3B6863BFE95BFF007C5DEFD62E93FB5FA165F4D6C0B72180525DC07B487D64FF0069AA7C7F0FC7181F73D539ED5A707FE8CC98F04787D5ACA5F2FF0055F17CBEBB93698ACEC68E0059F6DF6DC66C71725914598F7D945A36DB4B9CC7B7C1CD3B5C1414B0C5087CB1016556954B249E13427A549249248524924929933957F0AAF52C88E1506024E8B6FA4D647BA143CC4B8624AA468174F1EA21A20400ADB01893CA6ADB035536831AF0B1E72B2D75C6867C548388331E4B3B2BAC534D86B68DC42360669CAACCB608EC91C5311E222A2B8C240596E6E3DD39708E1302663B2793DD46B1839DB9D11A2623BCA44998279507970E1109512214D94B9CD99E7B2AEE2EE4E854A8B6677BE08E0296111D5298D0F8203A13D54D8D3BDDC0517D8041275F8AB2DBBF425B1C8D11C91E18DD55ECB4890E9BAEE71777D10F691F14ED7111E298BB530A00AA46E31A15125A3953769FC50C93C730538257D3FDE9E59D87CD47488213EEAE27BF694E52928112EE14374F1F7281D7FB91B2AA6720CC478A704F1DFC50803CA701FF002F042954D6EB65C708AC0C1CCA715E5EE6EE7765D1751ADCEC27AE41E21CB4392889E2944ED6CB000C5D7B7EB0D841F4DA1A4AA96758CC79FA71F0549AD24C057A8E9375A03BB153FB58318B3103CD3518B52CBEEB757B8B90D6C9E833F45D0933A03BF39C90E67081A1AF057B91EEE32935A5C617435742C78F714CFE9945446D13AA69E731EC2D4320269A787D1AE7B99678195D9D190DF49AC3A1020C69C2A58B486D4005603216573598E63EAFD1D9648DB61D6B4F8A0BF90940884E4418E4F755C0010C64F1123C54A0FE6E87C138D0279251B4303CEAA4C3C6BA77513FED51920F92223690094BB4C8DA9EC63C11A4A9D76520439D04A30F487B9C640D5366251D6AC774F0940DA4B9BEED1276D6B768D0F8A2DB7B1C3DAABBC93A78FF0004DA37AA91BE0CCF2865A117DC358E145C606A14816A2D8D274099D4B1CD2D73039A7C5143BC06A9B711A23655AB979DD3319B8B6DA1B0E6B4911E2AAE3D77E3E23AB7389638343BCA7DF0B4FA9B8FD86D23B88FC5631CBB2C63A91CDAF66A7B0688577019CA1AFA8717E974F95963647D5A792E35B1B66B2F264F970A813C8F157AFBA7F4566BE9BDDF0F0545E20823BEAB4B1EDA85C5D1E879031F38071865A20FC56FF51BF1DD84F6870DC4681722D7C3ABB3BB4AE9C63556B5AF225AE00FDEA9F378E2324321B1E5DE0B260582E7744A897BE16ADB88D77B87B5DE21129A29A3E83627946DD3A1E3C556CB98CA7C4344191E8D2F52DA1A770DD1C205989919643AD76D6721AB45D5499894E3410784065AD62071775BC5D8535B1B0E8A5BB5AD13E28E0469D8A9161896A834BC7D3D534C8CB526D16A706C71AA231A180B9C79428DD608E3C14B271DCF23DD0D035081AD013568B7FFD0F30DC52994C9208524A51A28A4A5274CA41B25252C9D17EC976DDE04B7C5443234726F1C7A1B5C224F4556C73F489527E33C6A022B329B5336B4027C50DF96F7265CC9D0505C6301D6CA3F45FDD4851E2540DAE29B7393EA5DD6E9D921AEB1F9C9D94EFF00A20BBE089D3706CCEC96D2C1209F71F25DC7D97A7F47C2DCE635CE0204F72AAF33CD0C2630173C92DA210F06FC6B99AB9840F351663D8F3002DAC8BACCDB4BDC21BD8053A71DAD1A04EFBC911D40E2592901B6AE763F49B2C70DE6015B58BD2F16900EDDC7C53B19A00470AEB2B02A69777553367C93EB43C164A44B10CA8307B40930D08443412223F0564D6EDAED861F5C58C779B7477E55A34368EB0D71BA19730418899FDEFEAAB3839019B971971CCF1EBC5197CBC51F166C7CB7B9884E32F56B712E14099F056705FB3371ED609732C691F7A6C8C4B71AD756FD63E8B87047922E0B672A9D27F48DFCAAAC44A19A319031946401FB58444C6401D08293AB74EFB5D8FEA7554C18F6BDADB03225961FA61CCFEB7E72DBFAAEE0DEAB7D634FD1C7DC42A5876371F2EEC4B7F98CA1B5C3C1C3E83FFCE56FA1516E275A7D36685D592DF3044ADB3CB884B218ED935AED2743261113223F48DBD1759C1A73F02CA2E00B4C10489870FA2E52A3A6E337A47ECF6B1A297B4B0B6046BDD2CAB773D98C3977BDFF00D50AE5422A68F009B08002FACBFE885B18F0807AFF00DCB89F564BEACAC8C67E85A38F369DAE591FE323EAF9EA5660E635C19E96EAAE2792D277B76FF2BE9ADCAEBFB3FD62D346DFAE9FCA067FE929FD69ABD4E965DDEBB1AEFBFD8A49812947C68B2E48894C76980E27D59FD572A9652D8AE057B07EEAEC4493B8F3D82C1FAB587151CA70D5DEDAFE03E915D071F24729163C02CCB42543A68F86FD76A051F5AFAA30706F2FFF003C36CFFBF2C35D4FF8C9635BF5BF2E34DCCA5C7E26B6A07D5EFA9D97D5312FEAB964E2749C6ADF63EF3F4ACD8D2ED98ED3F4BDDFE13E82807E4C1204CC81D4FE6F3C0C22066F8DBC9E021B1AE716B5A0B9CE801A04924FE680BD43EA3FD40185B3AB75A60FB401BE8C5771501AFAB7FF00C37F23FC124237D6BC5108D9A7CE7A8F4DC9E9D78C7C901B6EC6BDCD1F9BB86ED8EFE52A8B7BAFE7D3D4BAD665F321F6BB63BC81DADFC8B1EEA0D6EF10784C1306446DFBBE49C90024787E50690A4395A7D2FA2D99B60F50FA750E4F7F92EA717A4749C220D357A8F1F9EFD754C9E7C70F9A43C9865301E4F03A5750C874D74BA06B24405D460F44BEAA5A6D7004F6EEB4BED24E9A003B0D0290B491B554CBCCC27D34F162966BD29583D298FB86F32DEF2B5BAE750E91D23A43C1635F73DBB6B67724ACEFB47A4DDD303B95C5F5CEA2FCCCD73CB8B98DD1A10C3212F4803C4D2EC24C8D9D834B717BCB8F24AE8FA5D62AC707BBB95CCB5C03813C05A9575DADAD0C2DD023CCE39CE20405F75F96C8A774BE35EC97D2D49D164B7AE6391AE88D5F54C679FA43554CE0C83F44B0D1740ED89E614492ED105B9149E5E08EDAA2EF64020CF8774CE123A152C180EA468A966E55386D3C179FA23C14F3FA8B31EBD0FBCF0163534DB976FAD74C7202B18715FAE7A447FCE5C0752DDE9A6EBEC365AE3B4F016DD7ED6F88ED2A8E3318D03B057ABD1AA2E625C52BE8894AD91248DC3E6A1CFF00B536F2D77F24F649C3490A3016AE5C797263075062541B647B5C2527BE62781E0880964E7131AA139DE29CC9D428888D753C2202971B7E096D24F3A28B849D3B2424229644104CA93770824489D479260E23B68A19B99F67C47BC7D28207C52009207750165AFF0059ECB5AECAAE8114D773DA00E4327D9FD95858FD3BD66871EEBA6C905DD46F0FD5B613BDA7BEE1AAAF5E336926BE003A15B1CDC3D88F1638F0F14BD55FBCDAE6A1ED9B88A04B4E9E98C0069242E9BEAD740AFAA3F22B7B8D6DA6A9639B1A584EDAF77F216635BE0BA9FA9E7ECF90D63B9CB63CC7F26B2367FE8C54F9712CF98097AA31B94BFBAC3820724E8EA00322F34FA6CA2D7D56362CADC5AF1E04182AE74EE90EEA57D38E49636E97388E5AC6FE77F6D6AFD68E9EDFDB35BD9A0CB66FB3C0167B6D3FE62D6FAAB880BEFCC22018AABF268E53A1CB70E4C8642C40D46FFADEAFFA2BA38B84C89FD1F4C5E3BAA74EB7A766D988E25C187D8F3A6E61FA0E551EDDC20F21761F5E315ACB3172808DE1D5B8FC3DCD595D13A21EA194C3608C70773BF94073FD850CB04A59CE380FEB78462B040CA7C311E3E4C0F4DCAC6E918FD42F0036F76DD91AB5A7F9A7BBFE336A0EE9D0AECFEB4E3B5FF5772EB680056C6398076D8E6ED85C06364177E89DF4878F74DE77958E394783F76E5FDEEB25D96201D3B368BDBBA14B6CFB92631CE330B7BA3FD5DFB437D7CA90C77F36CF1FE51FE4A8396E5A7CC4F861A01F3CCFCB1462C4721A1A01BC8ECE1C34093CF8AA595D530F1C10EB048E40581D63AE653B22DC6ACEC6D4F730C7F2496AC5739F63BDC4B89F156B17C365BE535E01431F77A3BBEB23DEED98AC927492ACE31CFB9A1D759B41ECA9746E9CDDBEA3C6A56F575B5A21479E58B19E0C711A7E91D4A0C80D02AAC7F6ED2491DCF756EBF6B74D47749BB4307694D5B80691DFB2A529CA5BF45BC459488D351D94253C96BB5D41FB949D58227F109AB6D8903BE8140EA23F12885BDA3548B0100441441A4841ED1F0437B8EA46BE414F28D78D59B2D700D0B0AEFACF530B9B4D7BBC1C54F8714F2FC91E2F1E8B844975B2EFC11D3AEAEEB036D7086B4F8AE57735A1E41D600F81553272ADC8B4D8F3A933088DDCE6EE1DFF0082D3C3CB7B31372BE2367C194505ECD864812624FC557B0C99E117697481A141713C1ECACC12553ED8F9AEC703DD83438F258171AD6973834724C05DC6256DA71ABA7F71A27EED553F88902301D6CB1E4D832DA2751A26D8E9F69D14C869D7843DB64E9D96782C6CC1DBA1D5390C7284B80D44C28E862342852D2A73CB1C0448F148805A4F7F05227400FDE86E30606B09C14BE3349792471D918B5DCBBBF64A8218CDC39486EB249D07609B2364A8BFFFD1F2F8292EF4744E9B6361F5004F82CDCCFA9FBC9761BC7F54AA70E7F148D4AE07FACB38C75D1E5DA7B2670857737A3E6E09FD33081E238555BEE11DD5812047144D85E354492939B05453D495993731BB438EDF04F5B1D6BA2794244A1FB2C07CD364281311AA41D68AADA5D598286B4F399BEA6D80690B3484DC53E28D9DD338D159289495DE918F5DD98CF59C1B5B4C9253A73118991E82D687B0FAA5D1863E20C9B5BEFB35F9154BAF651C9CF3483ECAF45D3D39D88318B69B1A7D3690208F05C5071B332D71D649D56172F2965CF9734EEC7CA0F4B54EC44F8B3AEA00C42B5554014ABAC12AC330D990D7D01C6BB9C3F4364C343C7E63FF009167D0FE42B30AC9923032E0E235C4582038A4224F0D9DD1ED1DD5AC6B2B9155825A4C03E0B3E97BEB7BA8C8058F61DAE079047656F6BBB6A3C54D9F91CF87D55C711FA51FFBA8B2E4E5B263D6B88778FED6EB7636E2C1F44C89F23A2A93662DFEAD7ED7B4C11E3E4EFEB27A8BC3E67EF56725ADB21E350E0013E6AE7C23283EE63EFEB1FF00465FF72CFC8CAF8A1FE1376B14F52A20982235EED778AA58F8F6636755558DD5B6375EC44F210F12F7E2DC1EDFCD3AB7B10B72EA6BCAA599550973087B4F73065CD52F3DCA89D6488FD663225FDF8C7F47FEF5933E112F501EB8FF00CE0E767B26E167EF6AB53A4D86FBABB1DFCF5020BBB969F6CAA7D4991E991C1247E25430ED34DAD7898046E03491F9C15D96A1B5217F5769F92E6F5573FB348611E43472E807D15CA6E77DA9FAC8B0EF1F03AAEA719DBF1EA778B41FC141905463F630E61423F634B3DBB73F0AD1CEED8513AED7BFA66481A90D047C410967B66CC63E16847EA3FD12EF87F14DBF9117AE2FB3FE731E9D4B2AC5A58D1ED6B042B4E41C00462573CED46726C8DC8F9B0CCFACF9BC25DF54EBFAC1F5D7A867E7027A6E23ABACB78F56C6B19FA1DDFE8DBFE1BFCC5A9F5F321B8DF56DD8343430E63998F4D4C100307BDED6B5BF9BB1ABA3AAA654D2D608DCE2F779B9C7739CB95FACB6372FAAB2AD0B311BB47F5DDEEB23FEA508C0C8708357BFFDD2FC703391AD3C5A9F503EA9E1E287752CA60B7398E8AE756D608E59FF000BFCB5B7F5E3ABBBA57D5FB851FD2B2C1A6903901DFCE59FD962BBD1DB561F4BF5ED3B18E9B1CE3E0385CA67D5D4FEB5F5075F89596E257FA3AACB0C31AD1DFF0094F7FE76C51F31331F440196BC207FD22B667809E117C27863E33EEF9A331AF73B40415A387D3ED241B758EC574BD6BA153D20574D9902FCA79DC5AC10D6B7FEA954AAB6900F6EEA9F339B240F0C8089ABD35DDAD90CE06A42AC5FDA8E8C8AAA8ACFB4F656AC363A0B1D03C50ECC4ADE43CF2D53DDA00DECA84882411BF5B6135D1232C70D2515B6955A76F3DD3B1E35F24D216108BACE79C7C4DA0FBECD3E4B942E24C95A9F582E2EC86B3B01C2C985A7CA63E1C609DE5AB631C4462077D59130C42953B1DEC43D15988D1326529C13D94538F8A242DA482C7F89466750C8A7E8BC9F2554BFB0D520DEE530C2277015E69DB63F22E0EB4924ADDA1818C6C0ECB02BDC1E0B4490B7715EFB2B05CDDAAB732280AD23D96CFA36EB310AD56ED202ACC034928ED78881F35426C6A7C7C0A7691B63BA8C97483CA698EF28568A53A09E744D307F828927B25AC71AF8A29A56182FCFB316CB0805C454E311AFB99BBFAC8D938B7E3DBE9DADDAE3A83D88F16AAD75661990DD1D590C7C7DF5BFFEFABAAC138FD6BA76CB47E95821E472D7767B7FAEB665CA62E6304726302132378E91BFD28C9D0960865C62700232AE9F2F91798220FE552EC81D7AFB3A2E49C6BD85CF23756FFCD737F7D8B3716ECEEB0DBABC376DCAA2B75C28FF00495B35B053FF000D5B7DFE9FF8462CF8F259A4688E1AFDE6A0C52BA2357432BA8558AD25C417760B0DF9991D432435C7DB3A342A163EC738FA84977795A3D06A1666563C5ED1F790AD47978E18997CD3EEB84407A7CE6EDEA16E9DC26BD8006BC6BD8A3F5268FB7D84789FCAA3B37D65BDC8D3E2169F3787DCC33875AB8FF7A3B3779A871090FA8435D6E790C6892F2001E6745D4D4FAF1BEB3555340D943463E9D8EDD9FF0054B1FEAED2CB7A936EB47E870DAEC9B3C219FCDB7FB566C56F04BF23A98B8FD27DA1DF799543E158FD39667F4BD3F67A8B17231F4CE47AFA5E83EB263B9D8ACC86005D492D27BED7C374FED2D2E918A3170AAAB87402EF89447B18F6B98FD41EC5103D95B4BEC3B58C12E2A5CBAD2276400E47D6BA19934E2D0FFA22C363A39200DBB1BFD77156BA5610C7A64801EE8903B01F4583FAA81487E7E5FDAAD1EC1FCDB4F668FA2B59813F80631407AA5F39FCA2B8818E3C23E63F39FF00B9737EB21DBD0F309FF4607DEE685E6E19B6D160131AC2F42FAE168ABA0DD3FE11D5B07CDDBBFEFAB9BFAB1D2EBCAC917DE3D8D9754D3F9C47E77F6551E6714B2E68423FBBEA3FBB1BEAD73194E7103B6BFDD74BEAFF00487DCC6E4E5D7B01D5B59F0FE52E9ECB2BC6A2CBDFEDAE863AC71F260DFF00F7D4F5561A000340A975FAAFC9E9B6E063102ECA1E992E3A358EFE75EEFEC7B55BC78E18A1C18E3A0D7C647B966143D311A07C06EB0DB6BED77D2B5CE79F8B8EEFE28D8347A97091A02BD4BA97D59E91F57FEA87547555B5F9366396DB94F00BC9716B5ACAFF00D157B8FD162E1BA4E363B581EE7B41E492A3E667EDE3B3BC98B203117DDD3C3A9CD0001015E600D3AAADFB4FA6D0C937091A40501D7301E4C3A562CE1965AF04ABC9AFC24F46F39DA470A00EDEEAA9EAFD35C23D4013B3A8603BFC334FCE137DA981AC4FD89E13D9B45DBA158AC92078792A232319C7D96348F8AB38B7B4BC337023E29B3C74355A416E860204AC7EABD7F1BA782C1165DE1E0ADF5AEA34E060BDFB81B4886007BAF3BB6D7DD63ACB0CB9C6492A7E479319899CEFDB89A1FD75F8E17A96D750EAD979EF26D7437B3470A92492DB8423002310220740CAA5ABD2E965EC2C773D8ACA5ABD1AD60796130547CC03ED9ADC28ECCF2BA65B5104491DA151FB2DB65ADADA35718FBD756C20C0789D1673831BD4EA0D11EE54F17333D411AC4136B4489097A7F41A715E2EB8FA963781D815A2F780751F729920C00A1A83D9539E49649714CD962BBDD935C141FAF6F9A9127EE48C84D531DB2244A1BEC2DE755327CD4480784E8F8A111C96B46A53D4F758E046A156BAB717C73093331D4180DD4A97DBB1E9D4AF10BD9D7801820478A4003C059CDEAAF7C34B3E6AD557BA04899504B14E3B85A6246EFF00FFD2A22C7921CE328CDBDFA6DD101839254B9F8F0B9C201DD80B3C91F6BACD560DC0E9F058195F546F05D663BA6350D5D1D5B444E9DE55965C3C7C93B1F319311F49F4F50A1231D9F37C8C6BA979AEE616B878AAC41057A66674FC4CCA5E2DAC17C1DA7BAE329C6C26671A32987E9405A5CBF3A27191E13701A81FB19464045F50E332B7BDDB58D2E27B05AF81F55FAAE5905B5EC6F8B9765D3FA574EC70D7D7536634246AB5EBB18C02070ABE4F8AD92211AF19319CD5B0FB5C0C5FA8391662EDC8C80D3D8009EFFF001567D20FA338171ECE6E8BA577512040516F50B235309B1E7C47EBF9A4E7277787CDFF00165D7A8A4DD43ABC903F31A4877CA573397839D8161AB2AA7D0F1D9C217B257D5AC698274547AC7D8BA953E8E4D6D7B75831A85621F1181AB48CB1EBA3E4D4E4DF59F65844E8755B9D3697B8073BBEA4A9753FAAB650E36E21DEC1AEDEE147A765BEB8AAD1B48D20A7E79C670E2C747BF74CCF10D0DBAF5D60403C29981CF82887877D1E0A906CACD377AB0D2B2F1DB9CC0F69FD72B1027FC2B4703FE399FF00822AB8F92E67B5FA8EE0F2ADC1024686546FA3D7FD23606477EC1FFF00A956D7C3FE200D61CC6A43484CFE97F565FD66FF002DCCDD42675DA32EFE124CC632D12C3AFF001FEAAB38A76BCD36099E1A7BFEF356662DA6AB0BB5DD5EBB7C63F37DCB6269CEA197E337DCDD486FD2691F9C3F79AAD64E4C0C833E11C19227D511F2E58FE945B2795D466C7E9944EB1FD19FEF35F2F14D2E0E6EAC76AD3FC15CE8F942A7FA2FFA161D27B3918B597D3B088DE240F023E92A018E63883A11E0ACCB50C938F5EEE9F52AFF0056922363B859CC3C775A0E79C9C6973887B5BB6C1D881F41CB2DA76983A11A415189EB4A3B02ECDB5EDC7C3C86EA1ECD8E3E0E04AE9700CE0D07F90B9B25F5F4FF0046E80DA8B9C5E4C363F9CDDBBF776A8FFCF8E87D3EBA71EDB5F659534978A99BDA5AED59B6C6FB3728726489045DF0CA966604C63E6F4992370A0FFC234A9679FD5AC3E2E0DFC552E8BD531FAC74DC2CCC7DDB5CFDAE0E10439B3B822BDFEAB9AC1F9F699F804C13BE1FB58C0D47F53FEF9D0A1A2BA595F70D129CEA542976F7DAFEC0EC1F253041240EC6094AF5BEFAB01F98FF002DD1E45ECC7C7B321FF46A6971F970B8DC2A6ECFCD98975AEDF61F004EE256FF005E7BF2194F4EC621D664BB73A0E818DEEEFE4EE43781D36BAFA6E043F3B22373CF6FF8477FDF54B8F4D7A96CE1F4C3FAD2FF009B11D4B672FA63739CDA2F711875B40F41BED040FCD7BFFEA92EA79F8FD270C0AC358E8DB4D4DD00F97EEB51EEBB1FA4F4EF5321E5CCA5BEE793EE7BFF00F24F72E07A8F53C9EA56BEFB0C071D00ECCFCD6050E6CF0C51E3979447EFC98A538C471CFE58E908FEF9FE5F339F9D94EC9C875D77B9CE3F49431DF0FF007707409DEDF141D841D3E4B1E73394CA523EA96ED09CCCE4652DCB7DCD247F00A2E6EC13FEA14F16CDD56BA91A285D24C8E7BAAE2EE98F5D90C9260A897EDF6B546D791A0D142B33EE770385288E96873BAC633DD7B5E068E1CACB2D23E4BA3BC8BEB737C018858EDC2218E7DBED13A2BD832D43865FA3A36F11128E83D43768BC4850D8896001D014615A0745A4EAC4B520D538526B09D0093E49712DB621B08D5E3DB668D6932AE6074DBAEB039ED21816F7A15B1A031A0468AAE6E6840D0F51412E363613E8F7D8267F057AA2C07E90D3B70B431F1CC6E7F07B256F4FC7738903EE54A7CC0913C5F6851A3BB55A4192DEC88C200D53FECA0E27D324203FA4DE746DC47C50BC67F4EBCC2384776C6EF38F141B3229A9F0F7012843A3641D1D7984CEE81493375C4FC4A23D91BCFF00C50A118F75DDD471583F9C93E013D5986F76DA2A2F3E3D91F1BA36055040161F13AAD2C7F45AFF004E80DDFC6D113A204C4DFB709E4AEBD07F8A9A1D012F3B7F53BF0F39956533663D9ECB47F25DF9FF00F5B77E916DF4BCCB7A6E687FE683B6C68E1CDF2FFAA6217D63E97F6DC765AD01AF1A49F1F3FE4AA782CCA186D66530B6EC78AF7721ECFF0004F0EFE47F36E5B9F0C971608D01C32FDDD84FF4A27FACDFE54DC2ABD27D51ADAFF4A2F71D6FA2E17D62E962A7B8491BF172072C791FF50FFF0008C5E5B51EA3F567AF5765ACF4F2F06D0F2DECE6F7DAEFCEAAEAD7A1FD58EA7B1FF62B9D2D7EB51F03FBBFDA567EB7FD57AFAEE0EFA406F50C704E33FF007C7D238F67F5FF00C1FF002D4F9217E7D13971EA243E61B3CA7D64FABB564359978BB67259EB63381D1EC77BFD17FF00C23777D25CE74373AAEAB431C0B4FAAC6B9A7420EE132BAAE8975D91F56D955C0FABD3AE750E6BB42D8F7B5AEFECBB67FD696575DC47D5633AB52D8735CD37C7911B6DFF00BEBD373438F1F101AD7A959B18944658F9C83B9D407EBB613FBC52A746F98EEA7D4803985CDFA2E870F9EAA35083F1E55A259B20F516F8ACE2E26436B10332C6BA7FE0C0F5033FEDD7AD3FABB87BAD75EE1EDAA23FAC7854AC3BF1F19BFBB581F8AE9FA7D0DA30D95810742EF8955EA38B188C455D9FF1BD456480C70118FF002B6F0008597D5B27DD5E28FA261D6F98FCD6AD50B9FCE69FB7DD3AEBA7DC998A372BECC78003224FE8EAEDD0C0C68038565A2020E38DCC61F1683F823A8E4756099D5E73EB8D4FCA6616183153AD75D77896B1BB58C1FD67D89BA2D61B975B5A3401C34F0852EB760B33F6F22A686FCCFB9CAC74BC57B01B9D2D2E1007915346023027F4A61B71808E2BD8C83A8FB4FD0AB9EEEEC3FAAA2CAC375E49E49D4A93183E4A66073A78F928F6D03589AD03C97F8C4B05BD26BE981DB5D92F163FFA95FD1FF3AC5E51998B9188EDA5C4B4F042EF7AF7511D43A95B7F350F653FD46FD13FDBFA6B1B231AAB1B0E01C0ACD97387DD975C7743E9FA4D69E5F59FDDD9E3E4F75631ACADAD76FE63456B37A4BEB25F56ADF059DF4641E55B128E48FA4AF041D42CE24B894D27C524948A642CB1BC388F9A233372ABFA36387CD05240C41DC02A496E45D719B5E5FF0012869248800683452C9D327494A53A6D353C387214124880742A7A7E9F9DEBD6D04F07541B4EDEAB59EDBD66F47BFD3C96B274768AFE63B666D767F282A13C7C396407E944D2B8742EF02352130266545A41D674299F66DFA3C959E06B4D75DEE9E02612534B809E4F828B1FDC83AA752977068E784A8AAFCABEBC6C76EFB6D706B47F1FECA85844F32B6BEA9B6BAB2EFCDB400CC5AA77784C9FFA96A9F95C43265840EC4FABFBB1F5499B97C5EE64113B6B297F762F3E5CF0DB3781BA87399696EA016BBD2FFAA545D7163DCFD9EA359ABFC0378747F29AAC7AB95922DC5C3A773BA8DC031A3420EE36349FF3BDEB672FEACB7A662D94FAE2DC87E3BBD4DC21A36FBECAEBFEB2D4C1C96290275F5717F822FD0E862E4F1989249B2091FD5FDD68D4C66C0E039D41F228F01BA859F8377E8862BCCDD4B4023C47E696AB8CB0991DFB2C7CB022641E87F072E5A121FFD3A0343024F9A9848931C72A3079E3C973AC09378F144AEC0042AC1A01925483814D90436DB7C981CAC4FACB8101B9D4887032485A6DB9A0A9DD68BB1ECA9C016B9A7EF4EC1338F203D3AA05836D5E8DD47ED38A093A8D0AD1190405CFF40ADAD36B37400E256C3C81A0EC9BCC6388CB211DB75C621B1EB39C7F2A97AC03667855EA738BA1BC14CF639A60A8F846CB6927AEE7B841517DCEE250E7DD01316BB94EE1AD554CBD433A9954727A2579D66F67E89FCC8E15A20F8FC112BB0B349D53A339C3581A291636D1CF774BCFC300B4FACD1CC6A5357941DA1107BFC56CE0653E8CA659F4980FB987B842FADECE9315E7610F4ED79FD286E80F9B9BFBCAC4251C80D90327EEFEF79246BA1DDCC374F053B4C997154AAB5AE6C874AB1559084A1482086C96B5E43B8B070FFF00C924DBB23A6DA32E8FE69C62FABC0FEF37F92EFCD51ADC0CFDF0AC35C435C1CD0F61105A7CD68F25F1238EB1E624C3613FD287F7BFAADDE539E30F464D61B5FEEB7C5F5E5319978865E357338DD3F49BFD640BDD680721A7D5612773221CDF259A0D9D2F205951DD8D6713FF0050B5EBBEAB80BAA74B5FA3C71FEAE6AD83528DC4DD8B15ABA6688D3589D9360DD55D5FA8C76E63DA418D4C8D7855F655917546A78F4EC2013E0AA645EEE9377DAAA8762D8F06CDB3ED3E2A18F995E5E18A1CD0DB720DBE8B9BDDA5CED8C77E76EFDC547293628813025AFF002FF1D8C0A047D4389F583A8DF939BFB2B0F3722EA1F6EC756F76E66E24570CDBF4AB6AB1FF0035327130EFB05E0E7614BEDAC7B985AD12DA9BFCBFE715FC0FA9F93D25ADEA1997D46F159AEAA58082C2E3FCEBDFF45F632B28E3281AB28EE75AD797D41CED65EC0D61B3F95ED7A18F147144639751665215C67A9FEF23072FEE5CF2684FCB1BF962E97F8BCFAD0DCFC61D26E60AEDE9EC75AC78221D5EBBBDBF9BE9B9CB7317369FB6B5FAED635DBA7CA76B9733F533EAC5D48CBCB1BA8AB36BF499221ED61FE776FF005DCB73A833A7F4DC66C3C82CDADB1E7DCE73469B1018726F0151E1357F37F7405B8E0471465AC8E9A7FD27A4C46B6BC56B8E80CD8EF9FB973FD57AE5DB5983803764E4B8807CC9FA5FF16C41EA3D7DEDE99554D05CFB8489D3D9F9AB13A73ADA7EB25175A61D6550D2348EFB42B1CAE13C119486B4281F24E2C1ACA52D49371FD8F4F57A7D170C5D6BB7E55A36521DCC7D2DC7FE32C77A8E5631594F4BC67F52EA2FFD66E05CE2EE434EBE9B553BE970EA7FB43A811653580EC760D039DF98D2DFCDF4BE97F2D735D77ACDB9F9EFA6DB1A7600E15B5C1C003FBDB7DBEDFDC4DCD9638E24C8F981F34BFAB1FF00BA5994C63126674DE55F34FF00A91FEAB2EB7D6EFEAF782E3B31AB3FA2A87FD53FF94B3A0F6F828068F152631CE700D3AB8C05879B2CB34ECF9463DBC1CACB94E4959D3A4623F4437707A4E566D575954134B6430F2FF16B567D8CD751AF82EEBEADE3368AA07D2263E4163FD6DE98CC5CC1935B62ACA9240ECF1F4FFCEFA6ADF37C90C38E128EB288032F99FD2FFB966CDCBF046247CC07AFEAF3753DD5BE7B4F0ADBDA4B65BF9C858F8193D4329B8D8A26D76A076D3C50E9B9ED79A6DD0B491AF88D1519E391889D686C7F8AC0606B8A91DE07A9B473DD02C738FB1BA00ADB9BB6C73BB9EEADF4AE857F57CB1451ECA87BAEBBF75BFC9FE5BBF314B8626644622F4DFA223032343CDC9AAC6B4C0D5CAA751B58C0E638438EA16DF55C1A7A4F55C9C69269C777B5CEFA4E0407B7F2AE5BA8E63B2F21D678E807929B142E7E0373E2C9881871DF5D1A6E32E2A4C6971006A4F015BC2E919996658D86FEF15D074EE814E2C3EDF7D9F805366E6B16315772FDD0832737A7F427580597E8D3C05AD560E3523DAC1A775A26B6C44420BC34765993E66790EA687608B44D0018FB8046A68DE62409F154EFB033DDCA362E6D21C4398E27B38A5EDC8C4C81AF3488DEADF350688E215775F40246F6E9E6ABF52EA94D141656775D6680782E70D6F24924EBCEA960E58CC1948F0F6D3755777A3B7AAE3513360F837BACBC8EBCF71228669E2551F407C7CD3FA4159872F8A3BFA8F8AB40BD9D53A859F9FB4792AF65B90FFA7638FCD1BD293093A9D40853C7806D103E8AE26BB6FCAAFE858E1F35B1D35F9194D2E693F6BAFDED8305E07EEFFC2B3FF0459CEA60C057F0C3F1DCD7B496BDA641EE0852C398F6889C47F787EF47B3261CE71C84B71FA43B877B1987AB6216633CB336AF73A9D22C1FBCC9FA2EFDF6A00DD55AE67D1734C1691047F25CD2A36D8EA9D575BE9F0C2D76DC9AC70CB3BE9FE86F5D23E8C3FAC384CCDC68AF2B6C6EE25C39AADFFBEBD6AE238EB8A00564F558FD2F197F5BF79D7021C227003867EAB1FF0049C3652CB7DF41F4EF6EBB477FEAAEBBA3751FB7E28DFA5D5FB6D1E63F3BFB4B8FDAFADE5AF059630C3DA742085770B32DC4C86E701351219781DC1FCEFEBA39236113C761DBEA5D269AD9D472E9F61CB631F730706CA8B9BEB0FE5BEB7ED7AE73D26595BAAB00731ED2D703C107B2ED9FE9E4E2BC308736D61870EE1C345C7010E20F2343F14DC6743E6B718F491E2872C0F4E8893B1A2B24F3ED01BAFDCA2C7688B7303FDA4EDFEF402D73096384169870F04EBD345B3DEFBBBBD3E2EB680F8006C6FC82EA5834F895CBE0359660BDCDD2DA4076E1DD87DA7FEDB72E87A7E48C8C70F1F49BA3BE214398D807B68C79FA1FA37842C4EA2233ECF303F229F5AFAD5D23A2B9B565D85F9046EF42BD5C07F2FF007152666B3A9C750A016D5706399BF4203BDACFC8998643888BD4046081164ED4F4B8BA50C3FC91F9111EF0C6173B40D049F928B1BB4319FBA3F842A9D5AF2DA7D066B65E76B47E54C02E4D78C78F25773F83958749CCCA7DCF12CDC5C67B93F9BFD95BAC6683C020E162B68A8563B7D23E255B03EE4F9CEF6DB665CF96CD0D828001607D6EEAFF0062C2FB2D4E8C8CA0418E5B5FE7BBFB7F416DDD7B2BA9D66AE0D9D1BA927F71AB1A8E855E465BFA8F5502FC9B0CB693AD75B47D0AFF00E136A83209CA3C30DE5A717EEC7F4983864469A5E96F29D3BA166F54F754D15D3F9D7BC437FB1FE912EBFD170FA50A69AAE7DD93602EB3740686FF00547EF39769D5BAA62748C339190408F6D350D373BB31A3F77F79715461755FAC196FCA6B0EDB4CBB21FEDAC7F26BFCE7EDFE42AB939786387B7089C99A7D7F723DFF00AAB6584461C318994E5D7F7438C59B841E5171FEA06775678B6B1F64A9DCD9683FF42BFA4E5DFF0049FAAF8185B6C737ED19035F55E3407FE0D9F9AB69C68C7A9F75CF6D7556373EC798680392E94FC180E3F54A5AFEE47E5FF08AA18843591E297EEC76FB5F3AEA7FE2EBEAFF0048E83979F997DCF7D3592CB3706CD874A9ADAC0FCE7AF355DB7D79FAE4CEBB7FD8B0A5D814BBF4607F8470FF000CE1FF009E963F4CFAA3D4B3E1EE6FA351EEE534B3C622E6447B2EC921D6A35DB40E2554D97582BA9A5CF3C00A2F6398E2C70870D085D9F52FAB58DF57D9877D363ADCAB4BB783C0007E6AC6A70F1F33AB329CB26B6E4980F1A438FD1280CF13AFE8D5AC041D8E8E2265D465FD48CAA89F42C0F03807959199D03AA61EB6D248F16EA94398C53D2330A041D8DB9C9D220830441F04EC639EF0C609738C01E654A959329BEB756E2C78870E426D024A4F83EDCBA8F8382D4EAC0870783E6B231DD191593FBC16CF563B982068072ABE51FAD89F05C362C713AE6D865DA47E72D1AB3B1AC3B9AF127B2E5F6A601ED32D24264F94C72360F09FC18CE30757B0DE390641503602621730CEA197591B5E7446FDB39932E20F9A87EE531B10567B7E2EFB8C1F23C2D1A32998DF57ADB09D732F737E2CAF6D67FE92E529EB16BDED639A35EEB6726E6B3A4E1E20F7D86A248F37CDDEEFEDB94B8711C4324A5BF0F047FC3F9BFE636B95898472CCFEEF00FF0009D1FAAD506758C2796C135BDC7C890F56BEB4E4904BC18D84C7FD4A5D0369EB54960865553C18D44B5B1A9FDEF72C7FAE5902CB99508DAC92EF8F82BF867C1CADEC768F9C9BC67C1849F0A0E0635DB7A8B5C0CEE969F9ADA6DE09036907CD7378EE032EB7710F11F7AE9F707760B339B88063A7E8B8F91FFFD4A6483A99512DEE7449DBA7F225B4C095CEB5D9404B810A31079D149A3DA4CA054A01BF046635A67B882820029EFB4518B6587B34FE28512401BA1C2E976ECEA77B07D024ADB73812001CAC9E81407FA992ED5CF768B6A8A9C5C5F1A052F3447B87FAA003E6BE4752CD90C672771EC96E9E7953D9B8981A94FB433F947B2AD7D56A1F4F5DC74F24E08D67FDE8CE25C0E913DCA18AC4438F74E06F4BA535DEE3263E499803C1930E1D958353476D0A88A0F3C7F722084DA16DA5BA055B3B277D6297B44DBED697E8DF86EFDE56DD8E414ED2E0D7D4FADB656ED1CD700E1F8A7C2508C848C78AB5ABE15D1203803A46656FDCC7EDFE4C18562BC5C96182371F2FF6AD46615CC1BB1ACDADED4DB2E647835DFCED6AC55975500333EAFB3CF1711BEA3FF5F67D0FFAEB16BE3C9C967A8DF0CFF7647865FF007B2678FB53D0E87CDCE636D681BAB70F94A2B2E810E0E9EFED2B7E9C7A6CAC595EDB18EFCF61041FED3515B8D5F047DE9E7E1984EA0CFED8B28E4B19EA5E61D9148616B81353BE90208FED6A855BEDC4B3D4A0EFA8EAE6F92EC3EC75BBF3411E61733F58BA6E474DB865D1A62DEE97C7E6D9E7FF0018ACF2D0F6070719943F478BF40B670C7DA898991943A03FA2B6656ECDC6B1F8BEE363487D27877FE46C6A6FABADAEF7F4BDC36BF1ED7516B48D773775B57FD240C0EA15B2C05E7603E1C2D0EA18EE0DFDA3D34B5F6D6F65AF6B7F3F6199FF008CDBEC4ECF0371C91DE328F18FDE85FA99743A8E8ECFD61B00A36F209D415CFF0045C8ACE7635190F0CA2BB091E12F05B0EFEBBB6AB9D7731991874E45249AAE21C0F911F9DFD5FA2B04FBDFB8100182A79F09001D762174A46355DBF37D07A8F57AB12A35D65A1E3DA1BE7E1B5723D5B32CC8DA1E61A7DDF159975AEB2D6992E2392795669A8E45CD658FDA5CD06B9E275D1188BD02001B47AF574BA454FCBDA5F2F35C35A0EBFD46AB3F58995E2E6E35B8C4976300D7BFB17B4EE7EDFEAEED8A5D3F2F13A3B2B194E7565C49F536CB771FCDDDF9BED58E7AF0EB39D918ED68656C69750DD49D0F27FAEC4DF740CD1C7AFF002EEA39009C617E1FE13DD535E3F54E9BE95C37D573791A113AB5CD3FBEC5E7B6FD5CCCE8BD572199077B08FD5EEFF48C26777F59BFE13F96BAFF00A9F95BA8B315DF4AB32D1FC92B5FAD74A6F53C3358D2E67BA977F2BF73FAB62ADCF613384C47E6E9E3FD569F35032040DF70F9EEC8EFDD5BE9F5B1D78313B3DC7E3F45BF95577B4D6F2C734EE698707762342168F46AC17971E0B80FF3417AC9E461C7CCE307A1E3FF0013D4D1E5E1C59A00F7BFF1757ACE85516E317B87B9CE329FEB2613B2FA55AD60DD6D5165607723E90FED3158E96CDB895CFC7EF4FD42C76C6D0CFA57687C9A3E92DACD0194CA07697A5BD31C7331EFA399F55FA537058EB8C1B5F00BFF00186FF25721F58715B8DF5832E91203DE2CAC7FC600F686FF009CBD1F12BD94B7F0FE0B3AFE8D45FF00581BD4EC01C6AA98DADBFCB05DFA43FD567D150731CB89C618E1E98C4D7F761FA4B324011C11D045E333BA46660D987564C0396C36387EE7BB68ADDFCA5E83D13A6D38188DAEB038DCE77892162FD63A83FA8E2923F9BA8C7C4B96EE0E4EEC2ADACD6C0369F284472F1C70AC62B88EAA9E30200407CDF317CD7EB4E0F52EA9F58BA88A413450E2E711C06B5A3739CEF92C8C6E938B133B8E9CAF45FADF938FD27A05E2B6B59767BC553DDCE7FBED7BBF7BD8D5C461B0B831AD1B9F63806B5BA927C005479A12C7518C8D9DF87F7983346AB526DD1A981B535AC100044040F32ADE5F4BB30316AB325DB2EB4C3681C868E5CF5478E16665C53C72A98A911C55D7D5FBCC328CA35C42AC5B2719F2083642BF1D3CD6D3BC8B23DC0F8AC2FAC3D4A8C6A4B2974DAFD34EC86184A731188DD68B269A1919CDB737D0ACFB19F48A6C8EA01A3D3A3577EF2C4A3D42E2E9D5DC95A18F508F35A92C108575E11F8B210032AEB7BDFBDE7714621158CD389457625AD04C48646E235827C537D52B20122035AFD108A94AC804F0EFE0D60DD138AF4F3453540FC8A6C678A8F8965B5C33DD29CD66412169E074BB732DAD8CE6D74573C40FE72D77F218ACF5AE8EEE9D7B2B9DCCB1BBD8EFC1CD534B0E48E21988F49FF1A8FE95329C1318865207093FE179B8DF6733B868791E4B531EDAB347A59200C8034771BBE0EFCD7AAB5FEE9D0F9A91A8B4878D1C0E842661E68E3910409425F3425F2C82B0E5F6CD11C5097CD13D5B78ED7F4DC9717B4DB8770F4F21879DA7F79BFBCCFCC44C1CB7FD5DEABB1CE2FE9F930E6BFB6D3F42D6FF00299F9EAC517B3280A6D21B78101FD9C3C1EAA750A88ABECB6B7D8C25CC1DD93FB9FF0006E5AFCBF070F16237867AF09DF0CFFEF1D6E5B8631F41E2C52E87FC9CBB7F71E8FAB74F66755F6CC6D6F6B64EDE2C6F3FE77EEAC8E9D732BBBD2B75A6EF6381EC4FD151FAB3D65D8CF1D3F29D0C9FD0BCFF00E7BFFC82BFD6B01B3F6DA0431C7F4AD1D8FF00A4FED7E72B20B3D569D3A7F06FF4BB2CC0B7EC7692EC6B1DFAB587F349E687FF005BF3150EA5876373EE654C2ED0D9039DBF49C7FB2AEE1DA3370DAD7004FD1B23991F9DFF007E42CCBB243597EA32F05DFCE01FCE547FC27F67FC2B1466C1240DD8AAA45A57D15FD8EBCBA9C5CC2765AD3CB5FCFF0098FF00CD55332C65A2AB5BFCE16FA7779B99F45FFDAA9CC576FCCC5DD657547A79D5EFF4C7E658DF739A163FACD19F5576096585A4B7C7F35DFF0045AA03985020F50243F76D528E95DF50F49D2DCC1D3ABB60073FD5A1E7C5BB7D46CFF51C167B3EBC6174B19786D63CE6B00F4EC7366A6B88FA567BBD4D95FD2FE5A8750CDBBA5535E1E3B45D75992EAF1DB6186CBDBB58EB36AE3BA7F4FCEEB366566E5DDB69C77D2DCB73F987D819E957FBBE9B37BD46672999C01AAFFB932E2FFA2C396FD30038A47A378747E959D90ECDCCEB0FB09FD63349A8EE2C91EA39A5AE7EDFA6C62EF30ADC27D38CEC4B1AFA1EE686061968656D686FFD52C1C1E8585D2F1BAB605AC193F6F77A5896099730543328A770FF0084D9FF0018F599F525B9355194C7B5C0B5E76B4F8B1AEF57FE904B14278FE6999F113B888E1FEEF02A3131D0C6B8C1F1F95F57C4B0DCEB6E93B1C5A183C06DDDFF007E55830E467D9691ECA7F46CFEB7E7B9661FAC1474FC7A5906DCABD95FA75820341735AFB1EFFF008B5B78CC6D74B60EE91B8BBC49F717222C0BAF987A7C98A7138CC8D7CDE98A66B78010B3B23D0AC0AC4D8F3B2A1E24FE77F65183835B3DCFE0155AB6DD61CA3AF2DABC9A3F387FC6251D753B31406BC52D87E6CD958631AD990D103E3DCAADD4BA963F4DA0DB7197907D3AC72E2AC59686486C6EF13C2E5BAAD9896F52AE4BAD7335C887488FCD60FE529631BD4F466C58CCCDCB60DAC2E88DEA9633AC759FD3DAF1BA8C73FCD54CFCCF67E7BBF3BDEB5ACEA1858E36B4EF2DD0359F44792C5BBA865663856C690C1F429AC1800682516AE9B98FD5ED1537C5DCFF009A94717591ABE8190E2FDE357FA29B3BEB18C7A5D758E6E3D2DE5DC93FC96FF29709D57AE657D62B8D0F2F6608322B2757C7E7DBFF009045FAD3556FEA269AF29D95E888788018C77EE336FE77EFACEC7A0D70477E553E6B308996380E1ADC8F9BED697319386471C470D6E7ABB1D17A460638F51B535CFECE3AADD6DC1BC71E0B0F0AE706ED98F156DD6B9BA9332B17319715C8927C5A531227568FD62CA17751A3D476DAEAACB646BAB9739D629F48D2EADDC896BBC083E2B4B29C2ECF7B2D6FBAC78D867803C90F3E8D8D7E2D91636967A81DDC6E5A184D4224EB4033C45423E4EFF4AEA4DCEC0AAF27DF1B6C1FCA6FD257DB6870F7411E0755C4FD58CB757916E1B8E8FF00733E23FF00315D3079688FB950E6711C796401D378FF00764C331C3234C7A87D5DE97D4A5CE60AAC8FA6DD3EF5CD657D5E1D27298F36B6D0F6935F88D76CAE873B29ECC1BC349692DDAD239972E6FED0F7B1AD7B8BCD621A0F613C2D3F8762CF3C7EE4E770248103FBB1FD2E2FEF37B96C539444C9D35A07F3B4D97D14647423995B7F4D4973F4E4B068E67F9BEF5CC2F48E8C58DE9558789DFB8069E0EAE959BD7FEA9E261F42FB7D21C2DC6DA5CD03435B8FBE7FE2F72D2E026363A0FB5B19797263C634A1AFF5A9E36969F51A7C085B9D49B34B5C3823F1589EA7B8469AAEAA9E9967526D35D73EE0000393E3FF009D2A938CA738801AF8E265606AF31200D049EE865CE2617A6F50FAB387D1BEA7F512C60390EA817D846BA399A4AE3FA2FD54CCEAA7D520B29EDD89F377EEB558F648200F513FF3590E091908C7D46B5FDD1F579F27548995D27D6EFAB35742AB11ED7CBF20BC39BDBDA1BC7F9CB9A4A5031346BE8C59719C7331241AFDDD9255CB8F834C2EB30F3297D9830C1606349DBA4923D9EE3FBBB59EC5C957C9F82D9C4C8A196D25AFD82B00DBE60BBCBFACAAF322E35DFF0082E89FD5F0F72F57D26F35E4D991680C15B2E6970D016B3DA1FB7FAAB8AEAF97664E4BAC799DC4B811C79356CF56EAB617DF5376B0BDBB61A7B1F77B7FAEB9BC8B0BA0786A7E6A484EE18E03F44711F32C9CC64F44203CCA304EE91C8D54DB9992DE2C2853CF9A64F3107700B569FFD5A3009EE9C832A475132989202E72C35D6D0EA3851240EE8806E1A764856397680724F6414AA031F634176D69E5C566FD6BC96D15B312A74EFD5C428750EBB8B8A0B31FF49678F60B0DB7DF99942FC869B1B3F82B9CB6023F5921511A8BF98AF8C68D97ABE83851D39902644AD86D022388E573985D43331486D156EC79FA2790BA4C7CFA2F63491B67995439A865E332AE212248AFFBA4F0EFAA8D2068340A3E9B41D3BAB24D5E32DF040706EED35504652EA164857543606031A951DBA683EF45789E3B28E807309F1251D1891035F38420D7171E518B5B120EAA22B7920F1E49D610C36BA000394C58E07445730CA67093F0EE9D195115AA96612443B8566BFDDEDDC7920B5A0099E51A98E0A6643676D50F19D599D5BA3E73F270EC763D2F748D861B3FD4FA2AF74FFAF7D42B68FB650CC968E5CDFD1BFF000967FD053FAF37EDC6A2860D0925C572543DC486F0D5BBC964C92E5E32968469A75116DE2C92001048B7D2F03EBBF43C986DCF762BFC2D6FB7FEDCAF72DCAEFE99D5319F507D59545A36BDAC70748FEC95E3AFF4C707544C5739AF963CD6EFDE6920FE0AC9C848B3AB38CC6E88BF27AAEB5F55F37A6BDD6E3B5D9385C8B1A25EC1FBB7307FE7D543172F2293353CC787210A9FADBD7FA791E9E51B99FBB6FBC7E28595F59B1B2C9B2DC418D9479B71CC56EFEBE33F73777F2AB7B13B1E790E8485C32889D0D79BBB465E364E2BB12E1B373F7B7C038EAEDBFD6543231EDA6E753DB9698E42CEA7AAD2F225C3CC9D3F0521D6AE6BDADB3F495B09D9FBD1FBBA7E6A74B38AA02BC190E6128D123CDBB5D243C6FD0AB35BABB696D954CD2EDB3E7F482CF1D6E86B6F61A9AFB6C601538930D9D5DBBF92E6A8745EAB7DDD40E2E4D836DCD2DAD8D0035AF6FB9901A3FB28F2F989C80743FC82619A3C51883BE8F498D70CBA9D46400F907735DC107F39507FD5E774DEA3566E33C7D89A66D644B8077B1C3FE2BDC8C1A6B7EF6982385BB837577D041FA5F9E0AB7971890B1A486B197EEC9972404C7690D632EC5CFE9779E9FD598E26185DE9D87F92EE1778DD442E1FA9E0967E96B1ECD018EDE0BA7E819A72FA7D6E71FD2563D3B3E2DE0FF69A9B9B500ACCF1B024E0FD71E9829C86E7D422BC83B6DF2B07E77F6DA81D16BFD031C3B9B1DFF52C5D7753C16F50C0BB10E86C6FB0F83C6B5BBFCE5CCF426BBEC150B1A59634BD8F69EC5AF76E547061E0E68E41F2CA04FF0085C51E26AE1C759F8FBC4FF8CF598ADDB434790428F572EC7721A3D31F95C8F4694B4F80950C367B371E5E4BBEF5601AE22BE26B8E5F44E4ED6FC146B6C7B8FD23A9527097476EE9F84DBD3CD6DE9E6F3BD79C5DD4AB68E19583F7972BFD05A7D1B6780E1F7C6AB3FAD19EA4EFE4B183F095ADD1D82BC06B9DF9EE2E3F93F8298E98C78B6B20AC11EF2A781FF1A19D6E4F55C6E9B4CB8623038B5BA936DDDBFEDBD8BA5FA99F57EBE99D32BCCCC87663DA5EF79D456DFF00475FFDFDEA966740D9D52CEAF976FAB99976B9D5D407B2B67D166A7DCFB366D6AD0FADFD5D9D0FA016363D52C0C6B7C5C74637FB4FF7FF00518A118B69CEB889B1FD58B0FB3B4A5D7FE6E387CD2713ACF5239D9CFB09F68F6B1BE007E6AA6D12798017083A86635C5FEAB8B899249E49579DF59334E27A1A071D0BFBACAE6793CD97299820F19FF123FA3FE2B4B20E39991EBB0ED1FD17673FAB35B77D93162CBDDA08D755839B85D42BC9FD798E658ED5BBB823F9283D36E7D7D429C827563C389F9AEE3EB456CB32F1ED237556D0D73476065DB95AE5F95103C10238B86CC8FEF2EC58B8AC0346ADE4A8C688D3457EAA6079231C515105BEE63BE89F03FBAE476572005573CA51918C8510C13B8920E8433E9788EC8CB6D60120104C7E0BA6A3A3B71736C6DA3D4C7BC100BBC2356BBFAAA8740A8576B0E92E7079FEAB7D807F9CE5D4E5B1D918B6555902DDB359FE542D4E4A1C1801AD727A8FF77F45D2E521C384123F9CD4FF0077F45E17A974FF00B2E53A96FBD87DD4B86A1CD77D0DBFF52ACF4BE8632EDBB0F2AD146557C55A6E20FE735A4FBBFB0AD74EC775F9B8CD789F4097169ED1DBFEDD5A5F58FA6543168CB2DDD631C6973BBED24B98E9FE4B957FB88139ED464382FF0070FA8B0FDD4094B6D64382FF007776C74DE97774EB5D6B05769D818C0416ED68ECD8DEA3D7F072BAA5747A54B6B7D1BA65D2087471ED6FEEAB9D3E9CC761517635DEB35ED9345E675F0AF23E97FDBDBD1DB9559B0D16834DE39A9FA1FECFE6BDBFD44ECA266271E4D63B69E0BB27190612A9476D3C1E1EEE85D4EB749A0C8D7DBACFDC8068B9C761639B60ECE11F957A2FB4F28399838D9B8CFC6C86CB1FF9CDD1CD2356BD8EFDE639563C9E335AC856FD583D8812371DDF38BBD6AA0B6596033E6B571F32BCFA0539022D6880E1CCFEF053EA78B774DBDB5E756CB2B71FD0646D9ADFFC97B7FC1DBFC9563A77FCDDBDC1B755F64B4FE7B1C761FBF76C56B0F2F9301E2C5319319F9A27D26BFE73671629E13C58E42703BC762E36760BE970912D9F6BDAB67A2F5716B062E5105F10D71E1FE47F94AFE7F47B68ABD4A87AF8C47BC7240FDEFE5B7F96B9FB70A09B31BDCD992C57C1121C51FB1D184A338E8ECD0D3D3B3B61FE8D7E8D3E07B351BAB56F763FAD5122DAA488EED23F48C70FE53567E266B2FA4E2E6491C079D1CD3DB77FE945A58EE796BA9B75B6BD0BBB39A7E85810B074EEB6428DF50F2D900FD95A6D63ABB843AA71E44E9AFF0021D2AAE759B2FC7BB8209FC56E75FC488C8698220387620FE6AC1C98BC340D0B1C089EEAB66E5B844A50B91951AFEEF65932070B6FA95F6598D4DFABEF6B9B688E7797BD9EDFF3D6BF44E8D774DC11D2B2B6DB9373FD6C9ACFB8179974BDDF9DE8B3D36FFC6AC4E958B959B9ADC4A086BEC739C6C76A2AAC7D2B4CFEECFE8FF96BB3CFEA387D3F04FA23D5B58D15B6C7EAF79FDE7BFF00E9BD45C940C8DC87A469C5FD6E297A5513EB33AB3B780FEB39591D5716DC86D3448BB1B26B390D303E86DAF737FEB6ABE0E13B0C645CE9AD8FBED143382FDCE77BBFAAB9BAB2AC39F665386AF712E03B82B7EDC86DD8D4345AF0DB0FA6CE76B43CFBB738077F555B308027248FA63D0F8755FC4251B9682368BA5DF55DD5BD4796B03CFA348261B104B83777F25779D22E7E660D6E63C3E87B9DB1E0CCD6D31F4BF94EF6AF2BEABD418CC9071AB6D7550DDB556F10F6804FD3FCEF52DFCE5A3FE2EFAFE46366BBA55B61FB365873EB07816B46EFECB6C6AAB2CC729000A8DE9FBFEA69CF38C92E0007F549FDE7D2B25CEBDE315AF15B6375EE9D409FE699FD64B2B3F1312A8DC18C6089F21E0B9BEA7F5831F0439B51F52E749267407C5CB9E63FA875CC96B5EF3E9BDC001301C7C3FAAAC0C40559BF05DEC8D23BD7E8F8FEF49DCCCFAC57750B0E2F4A6BA1C76BAE027FEDAFDF7AB789D1A8C3A9B6753B8540EBE94CBC9E4B9EEFA4E7215997D3BEAE53F66C32CBB38E96DA04B59FC86AE7B37ACE45D61B1CE2E7B8F3C9F834278D4593402FB006F43F17B0775EE9986C2DC5ACFF0058FB47C5C7E9AC3EADF5AF27341C6E9BEC1C59927B7EF7A23F7961B69C9C8876538B6B3C560C13FD756852D0DDAC01A07002CEE6BE258E170C3EA975C87588FEEFEF34B2F3718D8C62E5FBE756AB31DB534340E79275249E49FEB29FA5038476BF63BDCDDC3C14A59603B343E0B32390C8924D92D2B24D9D6D7C48DC1AAE39ACDA4B8C100907E0B3AB73ABB076D55BCFB36E0DAF718F69F77C51C9EAE11F44CB501E56CBEDBAE75D5B8B5D592D6B8791453D42DBC6DBC3438B4B5D6010483D9C3E8AAB435EDBECAC8F6F32111CCD67B95B5CBE2C73C35434D2C7CC1BD0C71962008D47573B1AD385D46A7CCFA6F83F02BB675C3BF07505713D4682D77AEDFA2747791F15D3F4EBBD7C1A6C3AFB60CF8B5677C4B0D1848FF74FFDCB4F34083AF45751BCFD99C3B6E3F902C368D649892AEE75DBA90DEEE71FEF545DA40E02D6C5118F163C63F4622FFBDFA4EBE30218E11FDD887731B3AAAB08BAD7B5F6D636633391B9C7F9C7FF00517637502DC418367E99B655E95AE7680873435C74FEB2F33DC4BC6A0803B70BA8CFEBAE7F52A9F419AE8DA401C1E37A901FC179983A1D868F1D8DD1EFB7AC7ECC20EE6585961F2698715EBFD13A3D1834B61B1616804F80FDD5CAD94535FD63B72281EFB2DAC877C76BE3F15E80C6403E25451D076249FB035A11F6E35D644DFEC73BEB1ED3D17218E121E1AD20F1F4DBFF009159FF005598D67AF3C7B48F8EAB47AF5565F8B5E352D2E7DB60D3C9A374B93F4DE9B661D2431C3D57EAE7C6A3F92DDCA689021E6D98188C26CEB23A3C3FF8D5A724DB8190E86E306BEAAD84FBB7CEFB1E47EEEDD8D5C0AEBFFC64F527E4F58674F361B5980D20B8C7D3B21EFF00A3FB8DDAD5C8428327CCE767AF70D32AA3780783A2B755C2B2C2E026B2240FCE00EE54A11EA7B48F7448E01E1439236C60B3CACA377D3D5F333DD559F1E53BDAE0ED4113A8074D0A68D7546200141522495268520C275E0272E0346FDE9D687FFFD6A92785215880E075F042F5E90E87BC0F250BBA8555B66969B1DD805CD70C8E8035E8B6EDB6BA6A75B710C6B46A4AE53AA7D60BB24BA8C73B2A9E47756DD8BD4BAB5BFAD1355238685771BEAF74EA48DCD2F3E6AD633870EB90FB993A463AC62BC003CDCCE97F56CE5D62FB6CF69D56E51D32BC760AEB0081DD5AA182B1E9D5EC68EC114B831B1C92A0CDCD64C92D49E1BD228B282866D716B8236C68616B4C0F2436B60974E897A8E0FD468784C048D4120A38A5D0B0CAFB5D157AB41F51AD1AB7BACFABAF07FB4121C0EAD3CAD8048D5607D63E90769EA1863691FCEB47FD5297979639918E62AFE59F8FF5931903A4BE85D2ABAAB9E7CF8570594D8DE649E42E2B03AA6A2BB8C1EC56F536923734CCF74FCDCA704B515E2A9429D7D849107E6384FEE6680C4A063DC360049251B4772E855671E135763BAC2BEF93B5DC844831E23BF8AAEFDD599D0F985265DA4990870F652703C4CA235A2678411708103E6B37AC7D63C4C3A2CAA97EEC922046B0528E1C93908C4593D94224979FFAD9D50E5669C76E95D3ED1E656132CDA9ADB1F6D8EB1E65CE324A765163B58D17458B1471628C3A01F8B60683C991B07253FAC070531A5F1C2D3FAB7D170FAA673AAEA193F64C7630BF7E92E23863777B53C70F74F139AEC82ED108B895D3B3EAC74A666116E53DF8AD3CB443885BD8DF57FF00C5FF00A6C616DD6DCF7012FB1ED807F3BD9B5A9B1C98EC012164D04098911106C9341F395D060FD9B2E9ADEEA837680D706E9EE68DBBC1FE5FD35D4677D4BFA8F892ECACAC9C4105C0174B48FE43FD37EE5CDF45EA7460DD76158D397D2EDB0ED91B6C6F66DF4BFF00C1BF6FD2629F1CE119D641A75E20CF864213AC8281D0F10677F446BC934B8873848DDA82B1DD819B817B1EF696398E0E63C6A241910E5D6E5E33B176594BFD6C5BBDD4DC3B8FDC7FEED8D436DDBC43DA1ED3A38153CF9781170F41F0D9B93E5212D61E9974ADBEC6E56F6E454CBDA21B7B43A3C1DF9EDFF391F1AC7516878D470478855F05B5575BAAAE4564EE6B4F2D27E97F655A6B398E782A5899188E2D25D69900950E21EAEBE6F47536BBE81A6E6386BF9153E924F4AEACEC579FD5F2FF009B71E370FA3FDAFCC4DD22F209A1C743AB3CBC55DCEC1FB5E3BEB6C0BEB3EA54EEF2D514BA8E858CEB713D5D1EA575B461BECA4ED7B48D798D56562836306416B7F496BA40D06E3EEDD1FCA56BED233BA13EE768ED9160F07B7E9207487FEA96B44170735CD07C49D9FF007F4C8D089D3507F02B20281D35BA76418C7D7F7516A6ED63478040E1BB09E5A3EF05596F00782889A1F5609691F336B7E712539E1376F9A7710019E1A24A56B7A879AEA1FA4EA5711D9C1BF700D5B7430D745759D36340F81E4ACDE9B41BF29F7BFE887179F893ED0AD754C83463ED6FD3B7DADF81FA655896BC316F65D4C310FD101A3EAB32FA8FAAF31453ACFF00219EE9FEDB9703F5F33B33AB75415D6D269AB581C6F3A7FE06CF62E83A9F52F419F65A7E9120DAEF21EE657FE77B9EB1C3E0EE3A93C93E6A973DCDFB446388E235EAF06B73F9C42B1C753547C23FFA13C6D985935BB6BAB33F0418331DD7745D5C191248F05CFE474A6D7906C3F41C67E0A0C5CE4677628B423901F06AE16393063CD76598EF5FA460D860BEADD51F943962E363D60082AEFDA1CCC638A402C2F1635DDC380DAE527299B8B391E059F9495E5FA2F506180F9D930E2391FCA08D7E2598B67A6F83A0731E3E8B9A7E858CFE4B902B3220ABD767B4F48FB35B51B32287838F60310C3FCED47F93FBAA5E7B95F763C501FAC8FF00CE64E6B0710E21F30FC5D0E96C2DCF655C015B5BF8077FD52E998D87C1D6385CE74CF77540EE350BA588B5DA6B015AAE18C63DA203708E18C63DA2D2C7C035757B9F5B7D9716907B093BECFF00A4D46EB551B7A36469F43DE3FB2E5A14B06E6BCEA7B2066B67A564027FC13FF21299C5A8F0A6232B90F0A0D4FAB3941DD39CC3F4A87168FED7B9AB4CE2D57336DEC6D9267DDE3E23F7573DF5503B710E3A39BBC8F3FCD5D3F61FCA4B20F511DD19870C881D7570BAA641E90E658D2EB71EC76CDAED5CD31BBD8FFCF67F5D170BAAE1E60FD0D80B872C3A387C5AA9FD6F7170C4C4602FB1EE73C31BA92746312E9FF55F1E9C7764750337ED24007DB569F4B4FA56355212C92E625080071C6B889FD1D1804A4727088FA74D5D5BF1F1F3287E36431B6D3608731DC7FE62E5C5F5CFABB97D24BB2282EBF049D2C1ABEB07F36FFDE67FC2AB587D733F1DA65E32AB6BB6C5920C13B591737F7BF96B6F0FEB1625AD22E0FC670D1DEA89AF5FF8666EAB6BBFE113F1733026A32A3AD5E9C5C3FBBFBD15F098BF49FA797EEBC974CFAC99F80406BC5B4FFA276ADFECFE7356BB32BA3F553BF19E30735DCD3618ADE7F92FFA3B94BACFD4EA32B7667457328B5DABB1E7F42F27FD13BFC03BFF00025C86436FC3BDD8D9953F1AF6F35D820FF59BF9AF6FF29AAC8C91BBF964CD1C946F62F4B753E95BE9655658F6FC8EBF9CC77EEAB7407D6D6BC1F56A6F0E1CB47E7363F7560E275CC865628B9C2FC71C556EBB7FE2DFF4ABFECAD3C3CFA5AF9A1E5809D6B7FE4D3E9279248B157F836464E31E2D8EAC1B663380F735E241F05C659BF7192743042EEEE6D3918EE60866EE2786BBFF0020E5C7752C77D17196ED32438798423904C7694749061CA6C79367A3F57FB03AD059BFD7686970D1C034FB7FB2A5D4FAC5592C2DA9A476F773F82C70F8E0EA8375ED69127533A04E12001E9D550C9E9E125BB8D457ADD90EDB4B4C44C3AC7F6A6B77F2BF7D4DDD44629AAF102EB5BBA863247A609F7D8E69FA5C371EAFF08FFD2BD6763E5DB6B2DF51FB69AC6D20EED1EEF6B3F9BFDEFA1F4D56CECC17DDEA34804376023401A380C6FE6AA39F21C92E017C0376B67CF63863B31C9C975E5CE79DD63DC5CE777249FCE4BA6DAEAB329B1A61CC773E1FEB2AA974BA3B23621DB915981F4844FC52038468D7C66A713E21E9EBA37FE9B24ED61D5ACEEEF3564F54B5951AB1C0A98EE4B47BA07E6EFF00CD6FF5567BAD7DB6173C9739C746B7F200ADE3E1077BEF3A7FA307FEADDF9CA6CDCD63C42E475FDDFD26EE5E6218C11D7FE7144C17E418AF8EEF3C7FE64AEE3D1550371F7D9DEC3CFF0067F754C02DF68E3B470148EA0AC5E6B9ECB9F4BE0C7FBB1FFBA73B2E7964F08F665CF7D3C13EC2069F821F94A907380D0C792AA186967CF71CF8A8B434383B823553739E7E96B2A2608200481A552B25D53BDCD10472AAF5CCAD9D15C01F7B9C1A0239040E242C6FAC368F46AA869A9242B586F2648DD6841FF157445901A4325F4B839C4025A0580776C2B3A3848E0EA3E6B35CC17D7BC7D368D7CD5BC0B03F1DAC264B471E52B6F97A81ABD25B7D1BF8CD1E1EE3449656D730B5C25AED0856BA438D3817D0E33E912587C9C34553D40DB62CE0FB4FC7F35CA42C755EA57F996B61DF232211E6B07BD18C7B4A27F1F52B263E231F308B21DBAE0C1F983F1E506C7B751E11F7A95AD77F481E1263F781FF00C8AAB63C6A47E79DD1E104A339D1D59C96D86FA76ECE4ED693F31B95BA1FFA56B5DF9ED27F180A856E759739DE71F21A057BA59A2CEB1553907F44C70077E92D1C37FB49BEE8BAFAFD100833E1EA767ADFABB8C6EEA35666490DA0126B2E20171ADB1A34FD26B5773DA4AF3FFAB788FCAEAAEB7301637160B69ED27F48CAFF00915EDFD23D773919546382EBEC80DD4F8FC9A909714A86ABB24751F549B7738BB92348F055FAA67D5D37A6DF996986D4C2EF9C2ABD073866D3939CF2036FB9EE67602AAC329AC95CDFF8C1CCC8EA3662F40E99FA5B72487BF69D36F3EE77EE2906E6F68AD20DED7C22FF00845E27A574DC9FACBD5EE7D967A5512EC8CBC83AEC64F1FF0018FF00A15ACECCAAA19B6D5861CEA5AF2DAE75240F15DAE7D78DD0BA537A160B83F22EF7E6E40E5CEE3FCDFCCA966F4EC2ADA410C11DCA061A0BF98EA58678C5007E6BE29CBF639FD13EA9E7F54CAAA9711432C7005C7900F257AA617D4CFAA5F57F19F996D0C7371DA5F6E5E4FBC8039743BF46DFEC3151FAB9D3EB793956915E1E30DD6DAED1A00F74127FE92E47EBCFD753D7F23EC182E2CE934BB43C1BDE3FC2BC7FA267F81AFF00EB8ABE58FAB841D00F5311D36D3F373BAE6751D73A8E4F54AEAF458F7EDAABE22B68D9548FDFDADF72C838FB9C5DDBB2BAC01B8C40F1D4AAECB58D6438EB3C282329026BA1A1E4C47BA1754D0E6B7B7750B6A60D4182A76D85CE1B145945B61E0A98580093482FFFD7CEA3A7E3B04ED9EE4956ABA58346B607C139058341253B2C811DD7312948DD9B6BEA572034434413CA882E04E925392E9924CA9086B4CF7E1007C54A608F9A77B4931DFC541BA0F253706C083A142BAA9196B9B3B4CC72A44B4881A9518F6932864969D13B7527639C7DA42286B4B4B1C3DAE10E1F1555B6ECD66251596C924EA52AAD6E9043C4FD62E94EE9F984B07E8ACF730FC557C1EAB76338074BABEE1767D7705BD4301D0DFD256373579FD8C2C7969D0830B6793CD1CF8B867EA943D32FE2CD13C43F37ACA7AD60DF1B5DE990383E2AFD1D42A825CE903B85C16A158C6CB755630BF73AA0E05EC0609683EE6CFF00552CBF0F84AF84D7820C03E855E5D2E649236A1D9762B47AB6581AC1AC1D095C565F587D9946DC59AA99F6D7E1F9542CC9CBCB3363899EDD956FF4610759811EE8F6C0EAE9F5AFACAFB5E69C1FD1D4342EEE550C3E81D6BA8639CDA71AC7E34906F23DB23E9438FD250AFA739F13A4AEC3A675BEA18FD26BE961C0635436B440982676EE5684F0F2F8F8602CFE3F54CA5C23470313A232B20DC3547BB0EB6831C05A6E7B5DF4B4F355DE0EAD3F7AA873CE52B2582E44D971C57597ED1AABF4D35B5BC6A999E98B0B4B61DE48ED63C19E0274E64E9B2F2A3B8727E0A0E76D05C4E9DD123773C2A1D4EE2D6FA2CE5DCA6C2265200200B2EDF48FACB8D9B3D2FA900EADDA536BBC7C377E659FBA85D5BEAE3715DF68A75A49916B4680F85CCFCD5CD51490F00AEABA4759B696FD9F30EFAC8DBBDDAE9FBB6CFD2FEB2D7867C5203165ED519CBFEE9D0C5CC63C8063CDE5199FFBA28B0B34501D85972716EF9ED77FA4AFF94C568F4DB24FA4E166D820F120EAD7B7F35CC727CEE96C7B0DB8BEFA8FB9D48D4B7F955AAF859C715CD639C7D269F638FE613CB1DFF0367FD07AB98A2611E0278A23E53D787F75D0C71311C3775F29F0FDD495CB5D07DAF6F8F2AF61DECB9E18F04693A0F0E5CA57B28CE1BEB8AF21BF99E3F34BA7F58CAE9EF15BDA2EA1A64D2F1A83DDD53FF33FEA13A44AF24D6D6DFADA68B5AE0776CD439BDDAB771CB2CDAE63A0F63CF3C2C1CDFB3D8D6F51E9A74987E393104EBB367F2BFC1A96165C0665639F63BE934F63F9CD72AF29827C58671EADAA9C286E6E3BDDB7D6DD67A634DAE67F3A1BFC97B1030EF18C6CAF70363435FB7BED90E6B967F56CA1FB41B98DFA40345ADFCD76B0EFF3ABF6AAFD45C69EBFBEA79712D70691A3618C0696E9FCE3BF7D8A28E58E48C844EB6226B7F3678E204EA352049EBFED2E76555538FB9D323B72785AF31B477768171F4F5EC7765E0DCE2360306C3DDA07A4F69FEAB9DEA2EAEF31E839B043DF01C38820FB9372111998DD6C7ED6A7358B86508D57A4FDA125477027B349595D57AE62E39AB0DBFA4C8CB716E9C35B07738FF651FABF50A7A761B84C989741D75FFC9AE13A7E4D99FD7464BC46D1EC6F6034F6FF009AA6C50E2F51DBA2DC18848F19DAFD2FA060D029C7688F73FDC7E6B9FEBFD4432C7D8D33B7F4750F13DDCB7FAA650C5C571076B9DA37CBCFFB2BCF3A9E53AFB4807D8DD0790FFCC9367986284B2CBFC11DCAE8E4108CF3CB7DA03C5A8FB4BEC2E71971D49F353FB164DB8EFC82F18B8F5897E5583D83FABFE95FFC86AD4E8FD058FACF50EA1FA3C460DDEF301C07E73BF76B58BD73AB9EBF9431E806BE938C46D68D3791A6E23FEA3F7167C706FCC7304EBEA10EB3FEF7F51A8316873E73BFA847F4A67FEF5CFAFA81739C584BAB93B1CE1B5C47EF3B6FB55BAEDAAE113AF8155B27107F394B600D0B479782031DA4853C797E5F98C7C58FD13EBC3FA32FEB411ED63CB1E28FA65D874FA37B2DAEAE8DD8FA3828E35CEB680E79D4731E29A8C911B2DE0E92ABD036E55B503ED76AD855E30C9CBCC190D607884FF7E1FA418A2258662447CA6EFF007A3D5D2A9C635D084473A44F88559AE2581E39EFF1EE881FBA7CFB2D9041AAEAE9C8022C75767A5E71A2C65A00713133E4B56DFAC4FDE5E2A6FD18024F8CAE5ABBBD3AC38980D7007F22B2F77BA3E5F7A5A1DFA2F146AC5BDD748CCFB5D0CB0C17EDDCF8EC4CFB116C732DE997386ADF4DE3EE0415CC7D5AEAF4E332E171304431A3BB81856B3F36EB305C71E5B5DAD7DD6B41E1B3E97BBFADB545566C6CB0E2B99AD3509BEAD7F48F2F4CCFCA174A0693DCE81739F55D8D6D6722C740B5C28A878BBE947E0B67ABF50AFA7613EF71F791B6A6F72E3FF914321B9D063CFEAC800EBA34B136E575CCDC82038E3B5955279DA3DDBA3F94F70720FD66CD35D2DE9F41FD3E568E8ECCE1DFE723F4767D83A41CCCB3FA5C8FD3584F3047E899FE62E3FAA7562FCD7584FE9AD3123F31A386A43144890DA24EA46E78BE65D1C7126476847D3FDE9756F643FA4D199474D67BB130E6FCB78D5D75AD1FA3A41FEBB974DF56D86DC4B331EC15FDA5FEDAC7D10C68D8C686AF3EC7DBBC39FF004665D1CC2DEBFEB564DB50C6C168C5C5AC6CDCD32E81F9BBFF007947CC1862C7C5A46311C23E9FA1163CF518F48C469FD8E87D63CFC6C4B453D2E28CA6BB75F657F407FC1BAAFE65EF77E7FB565DDD6EBCDA463F59C1AF32A1C5B59DB634FEFB03FE83BFE2ED59CE7EE3A19FEF4325BA87363C0858BF7CCBC6643489FD1AD1A1F78983A6DFBB24799F576BB66CE899A2F67270B248AEE1E4C73F6B2D58B65F9BD2DC31ED6BA8B19ABB1ED699F8B67DCB6C8ADC3583E4ED510BAD75429745D48FA35DA3D468FF008BDFEFAFFEB6F5671FC42BE615E31668F343A831F2D4357A5FD64AEDFD1DA2274DA0C820F86EDAEFECAD4C9A71FA853B03FF004D10CDDA1701F401FDE7B1737D47A46E05D8953986771635D235FDC167BDBFE7AAF8FD5B27148A32185F50D0D6E1047F2A7E96E56239E3322703EA1BFF00587EECA2D88F3109E84FD52DF53AADE1C0FE8E4B80F2E56658DB3D1FB5B882CB1C6A0D932D8F7176DFDDFCD56B37AA5B9790F731BCB763007112EFCDB5FF00BFB36FD059EEC9B4FB5CE96182E68D03881037FEF2965394B6F363C9303406D7C8BEB790DA0399400016B8C927CD04F31C3531D741A0994D04F0110000D726D9338D78089493BDA78DA46BF34173C71CC27ADE7709E102342A1BBD6E23A87D61D502D2799D4FDEAF30476F9AC7E96F0E60830B62A698E5637316266D8A64D92528D6427D2394857A484E1A38E556596C768D790026811E6884B7800949AC2E77095A514133F952D3C6512DAE07B4C18E5635F95D4A8B76ED0E04FB4A931C4CF62079E8BA11E2D886C6475AC2A2C35EF2F73747068900F86E58DD6732BCD2C7513EDE41E543230EDA9E5CFAF687998F8AAEFAA0C6A0F81D16CF2DCAE0A8CE3226406BAB66386228EB68DAF706E84B0B64FCD49B7B8B5B7D3A39866CAFC67E94263B8798F051680D76E68823C15A10E1F11BFF006AFE120EEDDBAC65D50B99AF677C3FF314ED71BA9DB3EE6F1FDCAA02584D950963BF9CAFFB9171DFB6CD3E8BF895289F43BB2897DA1363DAE1B8761C845BBA5BB2B19D6E38FD3D025CC1F9EDFA52DFF846A0D9ECB377E6BB42AC5F9EEC2ADBE99FD25A36FF0067F3DC8CF848248D2AD748C6ACED4D1A8B9A009DA1DF4CF70ABB2C75768B184EE6BA75E74466961617030E73663B005C1AE3FDA6AAF63434983A76F82A11DCFD8D4333C7C5E2F71D2BAB5ACEA35B5A41B32375F73B4825D06AFECED6D6ADFD62EA4EAB19CC36FAB92F6863DC6264E9B76B5725D2AD0E05CE3EEAE193FC91F43F2AB17D8D7DADDE6193B893E0352ADE080844C86F3265AFF59BD2C9C4057E93B95F5038580DA0BE29635A1ED1DE06E23FB4F726C7CEFB05793D42EFF9432C6D1FF075FE6D2CFEAB7E92CAC679C871CCB4454D33530F770E1C7FE2D53EA39C6EB36032072A632007E5FC5764C800D3E8CBD77DF6BACB0CB9C649FC8B63A70C56D67273AF6E361D5AD961D5C7FE0E8AFE93EC72C0A49261A373BC3C023DB8F5FA7EA64BA40EDDBE4155CDCC471E97733D06ED3C99630DF591E897EB3FD73BFABD2DE998159C2E8F57D1A67DF691FE1325E3FF003D2E708900374847C9B2BB1FFA36ED60E135345B73C32B124A8C4870D91C3D756B4B213AB6312C73B1AC6BB96911E6AA9A9EE74806385A7762371286B397BC12EF8A3F47631F8CF240243CF3F055CE61112C9116095197A4169D38BE906D85848FCE532E69712DD07E45AEE608D069E0A031D913B06BA283EF37B859EE5EE1FFD0E6EBFAD34B9FB48DA3CD68E2F50C7BCCB1E09F8C2E093B5EF6FD1711F02A8CFE1D88FCA4C561807D23D7A5A7E937EF099D735C3420AF3CAF2AE6383B7131D89466753CBADC4B5E44A80FC2BA89FE08F6FC5EFDA4B87BB929F77B48EE171EDFAD79EDC26E26D66E0E2E37FE79933B54AFFACB7D774E33CD95FF002C6B2992F8664E92051ED9EEF53BC833F8A730ED795C9D9F5A731C2031AD3E2A9E475CEA37E86D2D1E0DD101F0DCA4EA6215C05ED6DB68AC0DEF6B477921557F5AE994E8EBC13E0DD5710FBADB0CBDEE77C4A829E3F0C8D7AE64F968910F17BA3F5B3A5B1A0171B081111D971D9F7D7919565B5B76B1CE25A3C9564959C1CA63C24CA176451B2B8440D94927498D930AC25B5898A2DD4AD5A71430708583490D0B458D88959F9F29323AE8C3295944CAA15BADD102223BA86D12A41C78DB215691B5B6C8BDBDFE49B71F0909A4771290701C689B48B57A60B839A3E295EDC8151F4BE976275FC111960063C94E646BA7821C441162EBBAAC821EABA57D50E9593895DEEBDF902C6824B5C03663DDF442BCDFA8DF5703CBDF8BEAB8F7B1EE3FF7E5C4539DD43A535D7E0DEEADDF48B3961FEBD67DAB77A57F8C70F6B5BD4F1C83C1B69D47C4D6EF72BB827022C003A6CD88189DA83D133EA97D5F67D1C0A7E627F29451F57BA3378C2A34FE404B07AF749CF03ECF92D2EFDC276BBFCD742BFB89E1D2ADC68EBA1F1A6400F87D8E665FD5EC3B6B1F656B716E6FD0730434FF0025EC0B90EABD21ECB5CCBEBF4320F7FF000767F2B4FF00AB5E852EF8A065E2539951A7219B9BD8F769FDE63958C79251D0EB1EDFC1B38734A1A1D62F97D37E460DBE95CD3E9B4E80EA5BE60FE7D6B56C6B322B16B0CB8787757FAB7D5BB296BA47A944FB6D0356FF005FF73FEA1618AF23A6590F97633CF31F44A9C4C11DC3744C4858295F996B1CD6DA48681B5BE63CBFA9FBA8F8596DA2E6B87F35924B6CF0160FA2FF00EDA0DED65B596BF87EAD3E07FF0032541AEB31C963E4B0FE6F2345166C0662E04718D75F964571363B82ED6696331EFB6D21A18E1ED3DF459D9190DEA22BCBC56FE92B787B2B718E0B3DBFE6B5CABF54C8160703F4434068ED242A5D32E7572D9D137172918EA6E332083C27E5E2F570FF005B87F7D5EF4A32A1B3A524D99787B21D55872696F7DBC5AC6FF60AE8FEAEF50C9B707ECC2DF53D28732B79801BFE928B3F79BFE85DFD859F8CCAF29D55A619914980FF001691B5F5BFF929630C6E92FBB22C71FB331AEF41C7DA4EE3F436FF00D42AF9F9499C911665126B8FFD5FE97F2FEE32CC89C35AD35D5B3F582E7BB6D45D2E76AE0093A76E52FAABD37D4EA2091EDAC4BFFEA8ACAC0EA757507BB22C66C33A366401F9ABA5C5BE9E95D1EDC87B831D7C973CFE6D6393FF005C77B18AF64988C2C697A060991C1E9DCFA62D7FACFD5DB63CB2B3EDD5ADF38593D13A7B333305D9240C6A01B6E73BE8ED1FBFFDA556B65F9B90FCFCA1E95447E869769B583F3ACFFAB59DD4FADDD9959E95D3E6BA09DD7BC685E4705DFF0006CFCD62A528C49F7321F463FE6E1FF7726B4E31153C86B1E3158E1FF7726DFD65FAC9675BC83838935F4EAF8EC6C8FF000B67FC1FFA3AD53A85555618CD1ADE3CFE2A80C0C9637F476C283EAEA6DD43C10AA6697BD2BE315D9CFCD9BDD96A741B075BD66471F254F218D24D8CD09E5BFC5673F23A933E9367E4A03A8DBAFAB2D238D11C38B2639716390FB775B8EE26E25BF5581A7DE343DFC1183032C16B7503B85471EC179243E5C7B23D4F3538B0E83F057C6486606131AD7AA3FC1B832472478643E9FC1B75DCD1696032D7FB9BF1FCE458D39E157A18D6E554EE1A49693A69B81677F8A4CBDEC79AAF6C4683C7E2A5C7130808DDF0E83CBF459B1FA6023775A03E09ED78143A7896923CA7DCB41A5DA5CD69756C2D738FF2439AD77E55996EB5B8F15913B917172D9934B319FBAB6349260C9234E7EE40094A47A58FADB262D48074D5D6B71C625F6411B2DB1EFA9A390C2EF61FED2B992FBE9E8D550E003F2EC0E9075F486E7541FF00F9F164755CB38E6CB729FEBDF6D7B29637DA59FBB6DADFE437E8FEFA3E1676466E0B3D776F7B76B75E435A3637FE8A1EDCAC014384FF00CDFD2663C3C7200F4767A2E5FADD630EB07D2C3C30E7B5A78D18EF5322CFE53917D777D62EB46B3A6254ED27814B7E913FCAB1611B7D3166D31236BCFF0027F77FB4B419963A5F4C38F489CFCB1BEE3D98C3F4439DF9AA594403637AA0896300D8F9AB847F57C5B5F5B3EB157FD1B19C0B59F4638F0DFF00F905C7B09738D961973BC554CFCFF5B30518EF1654D70759747D223E9B9BFBB52B78B57AEE0EB0115721BDDDFD6FE42AF93988628132DA3B0FDF6AE5CF8E11ABF4C3403F7A49E89BA396D27473C727C99FF92579CD6B006B000C6F007651F686C0020761C7C13B5E1CD83A42C2E6799C99E7C52D223E580F962E5E5CD2C86CEDD23D9896B5C65A61449B044890A5B60C83A94E7DC20E9E25436C689C5A447751F732609F8CA7734C9EFE699B24868222275F24F0967EA3B48D7E285958F8D98DD97B01F070FA43E0E4E248E536E051160D8D08EA13E21C3CBE87955DBB681EB56EFA2E1C8FEB7EEAA16E1E45561ADF5963872085D66E3A11C2A1D46A73EE0F68E5BAFC95BC5CD4EC4655B6EC9191268B8471DDA4FB42AEFB3B3741E2B42E05A60ACC3CABB88F16A57A9383065324A553BDD14876ADD355D1D640642E0E9C8B6970731C5A41910BA0C0EBAD7B432F30EF159BCE72B324CE3A8ECB250BD5E85AF96C7E29C13CF655596B5E06D21C0F708A1DA059A634C643606D3E1AA72E6B4771F0421E3D94C83B25DCF8774DA452C4879F33C2254CC62E6B6F1A7EF770A0D3B9A4C6A9CF631A0EE975F248087230D996FF004E7DAC7687B912B4ACE99D3AEC56E3E452D7B40F6BA21C3FAAF1EE59C6FDB6820C775A18F925E24E896594C5181310351C278784AFB95017A3CCF5CFAB0EC268BF11E6DA5E60B1DF4DA7E23E9AC0B18E6921C08239057A275778FD9E4F83C6AB88CF7B5F9AC0ED438EAB57E1FCFE5C90ACBEBABF57E968CD8F29AD7568B606A344E44FB99C8E42BD6F4A246EC777F61DFF0092552CC4CBA3DCEA9ED1FBD048FF0039AAF473E396D2FA1D24C83244EC527A8D7D25E74006BE50B3ADB9F6DA2C76A40000F21C22E45D2CD8D1B4B8FBC7C15769067776885219585B9277A0DB76E56F6FA6FE37B9BE6AB5A61F1321A0296F6C0D49DA79F23C8507C7A8E8D5BA1F928A31A2C6776EF4EB5CCB1CD3A6E1A8F30AEB47AF6FA7A869FA47B86F7FED396463388B83BE4AF5995F6664335B5FCF9052C674299E13A02FA377A8F506D6C14D5A408681C001633F276CEDF738F24A15B63EC71738EA794244C89D56CF2925D6C4EA95D58C1A1BFA69D4F8FC557BAFBB21D2F24F80544120CF82B54BF74C6855738A3126606A75B2C128EB6D9A70EB8DD7BC31BE1DD5A6F50C5C61B6864F9ACD70772754F556FB5C18C124A8E58C4B59C891DBE58AC23BBA0ECBFB4D0F7BDB1B7DADF9AB1D104E33FC9E7F22A96E39C5C72C7192E01C479ABBD11D184F1E2F27F05065E1F68F0FCBC4297CBF9B14DF3C88D27949D1C04C5D1CF29F933F72A8C4FF00FFD1F2F7020C110532D8EBFD38E3E51B183F476196ACA15B8A663C919C4481DD00D8B1D5824A7E9B826D8E4EB095924FB5DE0941F0490B274D0528292950927D52D1252C92784C92570A759D9609E1402948EFD902877F0DC0B4781578191A958FD35E5C07785AC1C2165E68D4C86BC8516701C794C5840FA500A607771F344DAD03C545B2356018E8E54D8DD754F3ED0983F634EBCA0492AA49BAB9811293AD66A0C7C5570F1A9283686D9A3898EF090C76754AB23A952D960F7B8E90167516917C44027E8AD2AB1A8AFF009B6EA3592879385EEFB454263E9354F09638DC403AF53DD7448DBF34AD23E6382B470FAD754C3FE6B29E183F31C77B7FCD74ACAAEE6583DBC8E651664413A26DCA2742627C137289D091E4F5787F5E725ADFD6281747E7567693FD83B969E1FD7BE81790DB6E38CF3DAE05A3FCF1B98B86658008608EC48E56366B21CE1110AC60E6321244B5F3DD9F0E4320448034FB7519B8B94CDD4D8CB98EEED21E08FECCAC9EB5D2EB662DF938B58B7630BDF8A787068DC7D38FFCF6BCE7A16416E2FB4B9AFADC402D24183AF65B9475CEB1419AB2DC5A0E8D780F1FF4E54879E119189062469C43D498F331848E8635F56B74EEA1D373F7578EF2C209FD0587DCD1FBD5FF00A5A7FF0004A9366E26C71ADE4B09FA24F8AC8EB9D2ADBADB3A8E3B1AC73CEFB2BAC6D82757595B7F3556C7FACDD42BA863E506E652D80DF534B001D9B70FFD18AD60E6E338D837DDB5879D89F9BFC66EE5D96FA858F9111A1F10214296916023FD4A7B3AA74CCEA1A779C7C86982DB3870EDFA41ED47C7A0FB5C20C1D20CCAB1EF449BB6D09427AC482EAB332BC7A03FF3E3403B9585D4F3AECCB369D1B3A0F12B61F8A6DDC7B56374791592DA9AEC82FB080D66A8E4C96374679135AE85B7D159B6CAE8100DA749D0003DD65AEFDD656CF72B993D5A9EAB905EF7FA5D2311DEC73B416B9BF41E7F92DFF035AC77E6E3D58EF16EE2FC821AFAD9A1358E286FEE56F77F3EFF00EC21B31337A9960CA8C5C4699652D11A7F25BFF7F7AA1CC7300EE7871C3FE74BFABFBCD69E7108EA741B0FD2925CEEAB9BD56CFB36134D38A3971EE3F7AC3FF7C46C7C6A316AD8C12E3F49E79714618CDC76865436B476F14F20E8EE167E6E66597C21D9CFCD9E594D9DBA4519D91E686E683CE88DB1A620FF007A62CFCDEFE0A30585ACE0780502CC7AACD1CC055D7564364881C6A87B7C354F8CEB64873CE132A3BA9D1C14FD6AAC1E9DBEC7F6568D66562F53738651D22158C44E49017A8D44BF499604FD9D5BFB8D7FA37EA0FD170E119B6B6C1B6C3EF1C3BC479AC9C7CB7C6D702F69561D9153488244F94C2D0C79643D3317FD71B7D5B98B31DA43EAE8BDCEF4052001A97127C92C5B998A4DDB77BC6950ED27F3BFB2AB32F2F60FCF8E2116A21CF6C8DBAE8A7E31B82D9121760F830B4BECB8BED32F325C4AD5E8D905C5CC6B7D8D61758E3E5FBAB2CEA6D791C08FC5591D431FA7F4B2DA88B32F20EE781F98C076B1AFFEB3BDE987270AB1C8465C44E8DBC8CFAF1E1F641D776D3DC8F2593D47ACE4E71F46BD03CFB80265CEF1B1DFF7D59D7E4D96BCD8F7493C93AFF658AE74E6B033D48871D078C2833E722248F26BF33CDC8DF0B630F09948DD690E778760B5293B0C90874B0380742B01AD9E20F3E4B272CCC8FA8DB9B29191D52C82D247050C0824F6E149A24686145F4BC439A654006EB4320E093483F04278783214DBB88E390970A5938419E509C1C46BF7A97B8BB49D3B28B9C27C11014A2DD14427B6DA6A6EFB5C1A06AB9BEA3D5ADBAC2DA5C5B58D011C95360C33CA68683F797C624BD11B71EB05CFB5AD1E65516750AB2F29F5D66595B241F9ED2B9B73DEEE5C4ABBD11C067B5A787B5CD3F97F82B47931084A465C52034658468B67341DD27C5643B471F895B9D4590E7002163B9A3D433C13CA9B963E95E51248E31E6358DDF454ECE9D92CD76CF7D14FC71EA69145AA9C18466E1643868D50B28B6AD1ED2121389340828742AEB229A6865356CB2B9F55F33BE7E8E8B630FAE61DA06F76C77815C9A750E6E571E5DC709EF14116FA0537D576AC70708EC5141DF1AEAB82A73F229635B51DBB4CC8E56B627D687D4D8B99B8C44859F97E1D923AC3D7F9AD30ECF571B44850739E1BE4B187D69C60C617B0EBE0A4DFAD1D389F76E00F62157FBA67075C655C25D222758F82B34D9035D0AC7AFEB074C7682CDB3E2AE519B8D91AD7635C7B00533261C807AA047D15453F51C81F64733C485C5F51B08BF70E41D17539E6183EF5C875074DA55DF8742879DAF88A8FD5DAE9D93EB5424FB87216BE33CB46D1A03E0B8BC2CC7E35A1C356F70BA6C1EA545E243834F704A3CDF2F28D902E275639C7A86EE6E0E2E6565973012468F88734F8B5CB8ACBC6B31722CA2CFA4C313E23F35DFDA5D66675DC1C564177AB67EEB573B9DD47F69DCC06B0C3C35FDE3C0A77203346F8A27DA3DFA7F755004793403B484EE24BD4DD8D6B2490081DC21089D4C2D1041D46AC8CC5858EDC391C260F71249324A81D52828D052E4A6247653F49F128D8DD3B2B275ADBA0EE52240164D2AC776B29D56961F15AD8FF0056EFB08F51E180AB2FFAB1430B76DFBCCEA2234519CB8C8DED163B869E362BB26B16030C26095AF8985563B25BAB8F2E461D26AAB166AB4348E2B8D0FCD56AB30D0E2DB58769EEA966E390D0FA4EC02C90BD9AFD5DB043BB110117A316B704CF25EE41EA4F6D837B0CB0F1DB5F8237496FEA2CF324FE29B3158003DC2E98A800DD6CBF52340122E8E06893B68690398E5334772348D557D185FFD2CBCDC7A73315D5D9A96825A7CD712E79AEC73627695D35FD6312907F49BBF92D5CCE55B5DB6B9D5B76B4959FC8C26048481E1E96C78AC5F6E8C8E430F2D8298DD59EC821310AEF0065E229BD46CA7DEC40491E10AE26C07B3C922E61ECABA4870F8AB8BC13EEAE78487A279080949478556D82CA4EAD290A6B23E9206E29C3DC8709EEAB1D938C661301E1238B07470281BCA90B1C384AA5DD571ECDCC637E3BB73608F0575BD41DF49EC9594320EC33CF64C725CE3E1E41472C225AC86A831817719D5A8E1CD2D5A0F0E6D22F306B0D0F710786BBE8CFDEB9517D9F156B1BAA32AA2EA2FA05A2D1009246D23830A3FB9E33D485A71C5D9FB6631301E3EF52B32B1F6C6F6FDEB9BF5A9221CDF98562B6F4E781B9EE69EF3C267DCA3FBC51ED03D5D47E4D1C87B7EF427E5E3870FD20426F48C0BC4D396C0EFDD7985377D51CF7B7763C5DE4C20A23968FEF14FB291B9B50D43C195771322BB0C020CAC8B7EA9F5EA4136625AC0D124969E0F7547D0CFC77681CD3E484F948C8693D50711773AAD35D0F16D461CEE5A10E8C81708E1C390B3A9CD78317C970EE549D606BBD4ACA60C2447865A91B491C26A8EFDDD9ACE92780A967D65F64821DBC4FE08B8F7FAB5824FC543318D35873441D4151E31C33D538B4911DC20E8D7065AFA9CEDA1F040F1216E8206A0CAE6B048667D73C13B7EF5D017C08F0439A8FAC11FA42D6661EA4E1EF8D4ACCEA1D19994F3663C32C3AB9A74693E3FC957B7C8F05369D14109CB19E289A2C60906C3CADFD333A8FE7297ED1F9C06E1FF4650A8C8CAC57EEA1EEADDDB91F82EC0BDC1B0D309DCD63EA0DB5AD7F93802AD0E7E55EA803E4699239A43FB1C1A7EB4F54ADC5CE15D9236905B123FB30A073F37A85CD652C6B1EF305AC698FEB4EBB558CCE9B5B1EE7B18DDA7B0EC8DD11C18EBEAE2435D1F0D14D2E607B66501B74BEECF2E632706F7E6DDC2C2C7C501BB43AD23DD7112E71F9A339A41299CE6BC11DC24DBFD491F9CDE56693291323A9EB6D436753AF765EA767EA145D582091C26712545C7491F724021841694812D20830E1C24E793F474508DDA3B48EE9FE6B99D8E2F32F1285B4CE9A224EC6EE79868EE565E7F5AAEB96637B9FDDE9F8F1CE678602FF00248892D9CBCEA71184BF57FE6B5641DF96FF005EE1CFD16F979AA56DB65CE2FB09712AC37A95A3687B5AE0D6B580001BA346D1F4569F2F8238F53EA9752D8C4231365B22A8ED03C13FA33A4288EA78846B558D3E21CD3FC1AA07A955AEC63BE642B32E021B06502376C5385639FB6AD5E7CC347FD2576BC6EAB8F25D47AAD680E30412079ED95907AAD910D601F1D53579D9363C30BCB1A67E8E8A09C46A624859C711B12D8CDCB712E0D63AB2ED60AA0E74FB8EB1E3C928F6971F739EE71034932A9F275421A8D4AC96432EAC9C49D4AD4E9F7318D0D73801E6B2890522E71001E0708CF1F1C6B65845E8F5B8D9B46DD9BDBA71AAB05ED7104190B8992382A6DC8BDBF46C70F9AAB2E46F697DA18CE21DDEE19A88442401A73C2E219D4B36B32DB5CAE53F58731847A90F00EBE30A23C8641F290569C47BBD1BEC876A91C8A84036B5BF12B96CCEB19592F21AE2CAE7DAD1CC2A45EF275713F34E8F2123F34ABCB548C5DCBDB65E651452DBCBDA5A4C0703C90B22EFAC38D0E0C612E8F69F12B00BDE5BB4B8968D409D1454D1E4B18F98992F18C04F9397764BCB9E74ECDEC1012495A000140505CA567A6BB6E7D27C5D1F785594E876CBAB7FEEB9A7F14262E321DC1091BBB9D4819738E84806151AE86D9513F9C2655ECD2E789264011F15469710C701E2A9E2BE0D17492633185A5AED4B4E8ADD756E70927EF59D5DAF6582383CAD06581B07C50CA240F9AD274B6D32AAC6839EE83D5B1EB76317B7E9312F50BBBC79840CCBB6E3BC13322028F1C489C4DF562F558711DCA49A13AD26459244A71B22F76DAAB73CF905B381F533AC6613B8578ED1CBAD747E010E203AA9C249779D3BFC5C619738F50EA0D200D1B569FF0049CB670BEA17D55C720BEC7E4BFF0094E11F73534E588EA3ED558EEF9580A6DB6CA8CB1C5A7C42F54CDFA85D0AC20E28F4DC46A390B0F3BEA33A93A377B7B10A39671D6248FF00191C51EEE3605D6FECC75D90F2E2E30D9F058594FDD613E6BAF3F5733BD0F46B9F4876859793F55729A4BA0E9CA8B165C62449F4DEDA24E4810002F3C8D4D373C1D8600571DD1ECA9DEE98F8427375547B00D476539CA08F47A904F6D5A7F64B89D47CD1EAC56D443DEEF70E027F5F22E30C047C14BECB6D63D5B4FC936533552205F40AB2C6F71DA42AC2971121A4856F1C07E4B1A448D491F00B45CD00C0103C130E5F6F402EF54170C31DFBA512BC6B9FF45856D35ACE204A71F4B41C764D3CD1E915AD4C5E905C37DCEE3F342D7C66B2A0180437C90771635A4E9BB8F385363878EAAB64C939EA4AC937C16EDF0F0422412606882499E743C04EC739C48263FB932322166CCDC41F6CF285750D73743A9E548403E279533A81F9113226B5571105C6EA3EDAE06824A2F4DC87578AC6D8DDADD763BC507AA7F37BE7E913A7842B94D60E0D0D23F364A9F250C51075B3FB1B190D4637D5B41C1DAFE4446B749274F0589919193856FB4CD27500A9B7AED259043B7F80511E5E640311C40F663E03D1FFD3F386F4FC8737716C7C501EC731C5AE1042E9B6974AAD6E0D571970F9AA70E6F5F50D3C18C4FBB809E56E1C1C70C2C60D4F7597760DCC718123C94D0CF09DF4F35C240B5E13220A2E98DA652B68B6A037889D4292C775C8D2492450A4924925292492494A4E0A64E013C09492BA5A27D8E3D93B6A7B9C1A04CA1614B031A8520E0ED1CB46AE8AF7D5B8FB49E13D3D0329F60692037C54273E2D7D405238877734D2E71F649F209BD2BA6034CFC176B83D23170ABDC06F79E5C7546F46A0643409E600501E7E11343D5E2B0E58DE80BC7E2F4BCFC8D5AC2DF02ED11E9B3ADF4BBDB6D25F559590E696EA24797D172EA9F01A001DD02C66FD0EBF14CFBFD9F90520663DB472DFF5DFEB4B8D9EAE4B88B843C163623F93EDF620E175D1F6AADF9D57AF48D1EC68824792D2B71EB7182D053D78B43208609F8277DF21D627ED5C3391D1CCC9CAC6C8796D58E58C2496EE1263B02AB3BA75C5AEB1A40EE1ABAAABA7D375565CE736B1589D5663C0718FC50FBC9D088D44F754B3488078742E6D34656350EB9D0434C39B3EED7F92AC45D6521E59FA37004B86A04F015AAFA7B1EF971F69D48567218C6E2BA8AC4379DA3B9084F3612740788FE0AE385C48BBB797B66BB43C720CADFAED0E6EFF00100AC5CD64153C53D41D50754D2FAC692A49E3F7231208D3BAECB0B2EC6F928BBC9E3441C7C5C8763D96DE5B5BAB6EED84EA4050A322BB221C21559E2235A60312DBDC0913CA85CF2D036EBAA0D9998B57F396007C02AB6757C4130E94D8E29936224FD14227B376E76EA4CFC96760DA6ACF03B3C169F9EA3F22963F52AB25EEA58083B4BB5EE072AB5AEF4B21960FCD703F8A9E18C8128485190D99447D14F421ED90980993C12A8D9D4B158C0F2FF8201EBF88D1A02E2A018321DA07EC62E03D9D3DCE9208F9A8822082B21DF589BAC544F849552CEB794E27680D0A58F2994EF1E1F329F6CBBEFB58C6CD8E0D03B92B3B23AE5154B681BDDE3D9625B7DD71DD638B90D59C7C9446B33C5E0365E20078B6727A864E49F7B8EDFDD1A05592495A8C6311510005F4A4924A115292492494BA9D462C6FC50D49BF487C420764B65E742156034561DCA093021321B2981053890927253D5A2CE1E09BE29D31494B249D3228527848279492B42494A6490A4924925292E35F0492454EE5A77D41DE227EF59AFB0D674EE7557DAF0FC3ACF7DA27E436AA8CC71917FA5313247C953C751BBD8324B6B61EAB0C1E0AB6C787344F645C7E8FB5E1CE330B4198959E5A3EE4CCB9B1F4D588CC3459EA59A56344ECE9D65D68371968FCD5AB5D2046D10027F4F69F155CE722F8745BC5D9CE7F46C5719023C829B7A3E2B083B655F687B89D223BA9C19898F14D3CC64DB88A38A5DD16331B4822B1B7B69A2B2DB6C13EE3E05060B4CF8272481204CA619C8F541B2DA6DEF91EE8F346AF31C356BB8D16736E83B4913AE93AA9D643040EE64A1642D20BB74756B6B7025C6169B3AFB5CC01E02E48DDF8A90BC8D13E39643AADD43DCE3F53C278D5A07728E723A4DAD26C6B60F8AE069CA7B5CEF71D0A31CF79D03B9D0294731DC02A3220ECF627A4742CB6C434820F1E6B03AC7F8BFC7B5FEA62B839A01241E74597FB42DACE8E2239D51BF6F670102C311A4F9A9239A3DABFBAA13AE94E2750E96EE9968A9D05AE12D70E7FB4B3B38FE887995AF9B6599969B2E3B8F03C02C8EA958A7D368260C98F825131390579B2C2575DDAB840BB24472012B4A4B8869D1DD966E0380B9CE2621BA2BE5DACF7F14737CDF44CCEA92B69F500288CB1D53A07D2989F22A2D76E01D3EE1C944201BBCB9F9284F8F66332558438B67F3471F14C21A379981C04ED64B8D8789E0A4039E623DBD826F822D41E5C67BF822096097F7D000A1B9B4C08971D67C149AE7593D878F8207F0424DC01D39EC9CBA07B8EA508B98CD06AEE253CC49907BA0020871FA8BBDB1E249FBD6C6255BA8AC6A4EC000EFC2C4EA041781DFB2E8A87EC6358DFA5B402EF010AD64038603CD9B9835C2113FA5FDB2A731CD80044F30B9ACBC1BB0F21F45A36BD87EF1D9CBD230B230B1B05C1C775D6440F068FCE2B9AFAEC719E712FA4CBC34D767C3E9B3FCD9729797F4C786FC58F1CBA17FFD4E738111AA8B9BDC90A5B49D4A1B882B1835ED8B98D3C28FA438530349099C794F04A7898B831BA3409F15533318E4365BF482B6392903078909F09189B1BA81A36F3B654FADDB5E21463C1745762D390D878D7B158F9F8ECC6B763092235957316713D3693246625A756AED296C723D78D94FA1D92CACBA961DAE78F10373BFCC6FD35166E718014A491D193876BB17B2315B8A714BCF0B5B13A59B61D6E93C05A0DE995B480D6C0F155E7CDC626B72B65288D3770A8E9B75A46900AD8C3E92C637DE395A15E306401AA36D110342153CBCDCE5A03418CCCF4D1CCBBA5560C86E85171FA7D35B8181E6AF86C68FF009241A358F979A84E79914494711EEA358803B764ECF61D0241C41DA99C6545AEC5098BE1B2A1B88EF12999311CC28927E680085E41D546CD4E9A2901F3F009380D6792885227788EE9DADEFF00EB29E35006814836013E29C4A9AF738B816498EE3B18500CD44A23819F6A9304492784EBA096425820692A0E04F94E854A0B8C9300774C76F0DD7CD00A713A80D20FD21A7DCACFD5EC96B6ABEA772087347C7450EA7510E748EF3F7AA9D22CF4F3834F1602DF9F2AED71E0979717D8CF3F542FC1DDB07ACC749FA4B2BF60DAE792DB76B4AD791C27DE47C1568669C0111EBDD8412068E1758E94CC5A6B7B5E5F670F27F058F0BAFC8A7ED4DF4DC242A37F42A19439ED24BFB355CC3CD8A0321F52E8C850B3AB8DD3EDF4F32A71D013B4FF00686D57F39BACF7F059EEA2DAEC80D3B9A447C96A660DC0B888983F7A933571C643A8A6501C8712D244CF804246B5BEE9F1432D2AC44E8B698A529E0A6828AA94924924A52492492949E53249297D0A50524EDDC4C3449F048A5653656F791B44AB58F845E373C44765A1563003DA21433CE23A0D4AC94C073AE0D0011C9E519B8B56D12267555ED9D4782D2A1B35D4E3ACB428E72310355642401480E3B1B0368517E2D64F0AF3AB25214E8A2F74EF6C7C47BB9EEE9CD76AC307CD0DDD272C09805BE32B62BA3547711B9AC8EFACF825F7998340DF9AE8E437DDC7C5FAB9D5329C1B5D6003F9C48016EE37D41AC09CDCD0D3FBB589FF00AA56B1323D310DE7B470AD1B2D12E7199D54679DC975A0592CD2E80069B3EA3F46061D936BBE10119BFE2EBA5DE4FA79EFAFF74100A27ACE9DDBB8456E596B65A4829479C9DEA568CD371BA8FF008B5EA98F59B70EFAF2DA3F307B5DF8FB572D7E0E5E3DE31EFA9D55AE301AE1124F82F476F50C8681EF3F00559DD8BD458CA722A6BECF52AF49C47B810F67D13FD55631F37C4688DD971E5E290891B9A7CCBA974CCFE97947133E97517801DB5DDDAED5AF6BBE8B9AAAAF6AFAF1F565BD7FA39750D1FB43101B318F770FF098F3FF0009F99FF08BC58820904411A1079042B51360167946B51B28024C047A70ADB0EBA2963E2DDEA3439A58480ED44687DCD77F69AB72AC7DAD048F9A87366E0D06EC7295347D27514B6A79D5ADD3E0838AEDB9D513A4BA0FCF457F3DA039B1DC2A79383751898D9EE8F4F25EF6D6DEFF00A3DBEFFEABF77B1458C198978837F56400CB1DF86AEB5B9756337DC65DE01431722FC87EE0D86059D8B8D6665DEE3A4EA56BEFA30D9B0B83639855E708C3D23D590FE0D7D13EE20482076523606B7DC667495956755A802C637779AA77751C87802600E1363CB4E5B8A553BCEBE967D27840B3A863B35DD23C173E6C7132492A7554EB5C00E0F72A5FBA446B29269D71D58DD606D4DD2792B40B9C1A046E79E00EE556E9DD398435AC12E770F3C4FE6B3FB4B47A638DEE6DED6196CC03D8F0A4C7C899E5C4380C714AE5C5FBD18FFDF3670F2B39CF189448848715FF00543B5D2FEAE52DE9F68BDCD767E430BDCD046E68FCC6B07E6B18B9D7CB46D7F6D0F6D42EC3A474E18CF39B639CFBE3DC0EBA1FA4B17ABF4AA9B8395D44196177AD5B876ADCEFA0EFE57B95BE7F9439047DB03F5625FE2D7CBFF7AD9E779732A30AAC6257D3D23F45C4DE09D3598D53596EB00C79A1635D55A4ECD76F053BF9D56470D1A23672D3D6E3B4994987C4C0EC86C76DACE9CF0541CED41EC856E8AB292D7C3E024E274D75F040B72F1DA7DAEDCFE3947C70E2C05C25C7E7A23462012295C35A90B800913CAC9EB8FF00D698C99D8C1F895AF75ACA6BDEF86F72B9CCDC91937BEE1A074003C829B958994F8BA01F8B2638EB6D573CB488E51E9CF70D1FA855DC0129C302BE631235093ABA74E487C398751C856D97FB81EDC4AC36EE619695A98BEA595876D90556CD8C0D7A2C310E8B6D63C06CE83C14B79DC001ED1DBC506B0583E88F308E32EB023600AA11D85B1989E8C363797993E09CB89900000F6091CAAC112C894C726A1300EA740951ECAA97656C044BB9EC028587DAE1D803A26764B782D2A175CCF49D02279253C03634EA98C4D8F372721E6CB9A0F880B73ED1B240D0C2E7EE7165BBE38323E4A37E7645C65CE81E03456CE233E1AD0066CB0E223C1DA19EE0FDBBC73AB951EAF97EB318C99332B2B713DD3C93CA9238009095EC8E00357FFFD5E63712E8E54F6A992D89023CD0DEE82B1B7D83596D08843768539749F24EF20F1AA7053022744FB4346867CD4481E3F248478FC0272990741F1F82C9EAED70C8208870E47790B5687039D8D572EB2C688F20771FFA9560F4DAB2F3B0AC70F73AF0DBBC0B07E9BFEFAE57395C048393C786BBDB630E132899F6222077B75FEAAE032AEA9818560DCCA1859634EA0BEC69B325AE6FF59DE9FF006153FAC3F55EBE8BD51C2869FB2644D98F3F9A3F3E9FFADAD7FAB9FA4EBD4DA79758E71F9872E9BEB3F4E19DD2ACDA26DC7FD2D71CE9F4DBFDA62B7CF42F1D47F44586E7302C088FD11E9FA3E77506C6BA7C1597D56561BEA30B778DCDDC2241FCE4F85436FC8A6B8FE72C634FC090BB5FAD7D35B7F4B6DB5362CC4D401FB8747B7FB3F4963430FB98B2640758550FFA4D18C38848F51B3C5B38E60A9410EDDC82A1B7493A2B585896645C2A02774495063C72C931086B291A591899C8463B94FD3BA465755C814B1C6AAB436DD1A86FEED7FF0008EFFA0A7F587A6D1D3B38E363070AB635CD04927C1DEE72ECFA3E2518958A5A47A9B776D9F747EF9FED2E5FEB73C1EB45BA48AD83F2ABDCDE0C78B008C00B89173FD29499F2C23181881F2D7ABACA4F3A5B0D3ACC2956E0F048227C139A9E2CD75695035C3892227B859FA1EAD7D120DC0244F8F3E1D9263C34EA743D94AC02038708755A8EBB40781DCA7777EE10847AC0AB16682513A11E2942E9240FB94AC07686CF09EA6873A4F03951792E792D1CA5D7C948F69E06A4A93B733489279533FA31A6AFFC8A1B2E799027B046FEC4ABCC9F92713B7701CA96D6B39F73BBF8283DE635D3C025BECA6975269D9B9DE0B0B71AB21AF1CB5C08F915D065B1EFA4BA341AFDEB0329B0E57B95371E13E4CF0370AECF4A1E0438F075D3CC252093E0ABF4E7B6CC2A9EE3240DA7E48FBBB01F155651A247634C0742CC39A01E49483C13A950DC6080342A01CE922340870AA9B0052C3B8341776242C9CD7B5F2FFDE911E041216837715533EA0D0D8E1D24A9309A95136BF1692F3702E96EBE6846C2AC64B4CB81F8AAAB5214432965B824A2927D21908EE9404C13A4A5A0262A499252C9249C0274092140126072AFE1E2B9A43F829B0F0DC46E2353C05AB8D510DF70855B3E702C02B273AD96AA9709F35658C8EDC728F5D423E212D841F1055194ECB0DDBCC5E36D8F1E0E3F956C6133761D4EEFB63F1593982326D1C43CFE55B3D248760D40F6913F32ACE73FAB89F11F93365F94240D91E613B5B064E9E48B65447F14DA7D17F2AAF15861F25A0012D307CD303BF20889D139A89F683B678253E1174B8BC09E27BA43E526D70D896D555C081ED0B4BA6608CFB1F8E1DB4EC90EE4C830B35CED006FC4AD0E8D9031B2AAB41D1AF0D7FC1FA7FD5354DF0F8C65CC08CC090946428EBAD3372622728128890909692D98E7F49CBC03FA46FE8FB5838FED2D61F57EBCAC0C7C8C53E9DAEA9AE703F45C7F3FFAABA17D55DAC87343E7907590547131594D42A6086D44B583C01D615F8F21844E46AE1215C27E684BFA926D0E571032357190F94FE8FF00764F196E0E6D34D96DB539B5D4ED8F3CC1FF00C87F2D4FA47BFA9E2B3B7A93F7073976C6A6D8D7D4F68756F10F07B82221727761B3A1759C7BDE09C27BDCDADFC9692D7431FF00D555E7C8FB5384B19328F10E2BDE3AB0CB95109C250B31B17E0F6CC236085E6BF5E7EA835BD5A9CDC264333ED6B2EAC0D03DEE0DF55BFD6DDEE5E8B8D757752DB2A707B1C34734C851CAA6BB7D32F6EE353C3D9E4E13AAB311B8EEC806F12F13F5E7A3E361D7879B4B3D3A6A63711C0760C1FABFFD1DED5CA7ED063410D6B9DF1E17ABF57E9ECEA7D332305D1FA5690C27B3C7BAA77F9EBC6ADB5EC7398F1B5CC25AF1E0418726E7E5E12971CAF51B79317331F50957CDF9BAFD0BA6DDD7FAA578CF1B696FBEE70ED58E7FB567D06AD8FF0019984CC7A707D168653580C635A20080447F9ABA1FA93D17F65F48175C232B322CB2796B63F4357F9BEF7AA1FE346A9E8B459DDB701F782A5C58E30C73A15C513F633E38F0E2313FBA6FFE93E70CCCB6B6EDACEDF821BEE7D866C25C53348DA13C03D942211DEB569902D8A52AF748C36DF9AD7BC6EA2806DB81E36B7E8B7FB6FF006A9757758DA712BB18CAE1AF700C001873DCEFD2387D27393B80D03FCB46418A5ED9C97A073A15DC2C3C9BB2D9885AE613AB846BB7940C0ABD7CDA6AE439C377C07B9DF9175BD21FBBAAB3200DCEDBE98FF383B9FE4A93161E3167A11FFA133729CB7BBEA3B09015FBC3F49D87F40187878F9D63CEDC6702EA9BC301F6EFFE5B98E0DDCAE74EC5C4AF76448F48036B9E7EF95A765B5D947D99E26B7376BC7622355CA633AE60CDE8EF7411B8547E1EE0DFEAD8D6ABF1D451FE41D885CA241D083A7F75E8FA3F56A33B7EE0187D48ADA792D8DC3FB5ED55C627DA3A2F52E9C44B986DA583E3EEA82E77A45EFAFA8E3BEB69739B6361A393D885DB0A1955B6BEBFA573BD4B24F1036868084B4B1DD8F200011FBC1F3A774BB7A6B8E3DCD0DB368768674720BAB7BCC37585D2FD6C657566D563CC6FAB5F32D715806EDC0FA621AB9CE663EDE79C45900EE7C43819A1C196711F283A5A37865559363BE8EAB2B2F36CCA1E8E2B4869D0BF85AAF731C0B5F04151FD1B4456C6F8689B8E423A98F14BA7EEAD04073F1FA635AD05E37BCF24946EA1D4327018CAE8FA647D2227EE5759A0823E69ADA6BB9CD3636764C23EEDCC198E203A2B8F5D5E77D2CECA25D63892ED4EE2864408F05D15B874D145F7F830913C7900B9C71FC8ADE1CBEE5D0A88F06484AED9B312EB61CD1A1E09536E0E4120691E2B7AAC5AD9895376FBC31B27CC89545B93500E01CD2F6CC03E29839994AF846C6969969A042DE9511EA59CF82BE2A15D4C0DE1A223F8ACE1D49DBC35ED1274907C568FA8768F2EEA3CBEE69C6B492CC9739BB872DE7E0A20B5E0023DDFBCA2D78DD04E87C545DA1807BA8C043273C806B70969D650F68FCD29C381D09E4A563ABA5A5EF76D09C3B242CEB1AD693668D02492B2DF94EBAE0D64860E078A1E6673F21D00C563E8841A1C05A09F97C55BC783862652F9AB6ECCB08D25CA7104B4E846855645C874BC9F13286D8534054424EEB4293413A0526B278D51ABAB20FB6B6113E0123303FB5697FFD6E562CEEF43783FBE55BB0346808407341EEB26326BD9441AF8FA69F6BA3E9A9160060270DD60A75AB88A321FD882A4DAF21D5BDCC6877A7120726678FF00354C80D573A5B3D56E577DAC6BFEE7852F2F119324607637F932E08F1E48C4EC5CDE82D7E4756F5DE3F99AED7C1EC431CC1FF49EBA3E92CABED541BBF9B0ED471A387A47FE8BD031E9AAABAEB9AD22CB6A756638265AE9FF00A28B8FA185B183170C0C0F7D3FEE5D1C38F863C27F789FCA9EB28E875E1759A723187EAC777B4992C74789FCD72D4A6E0FEA39551D43195E9E5AEEFF00AA41C1BCDD875593EE735A7E63458B979179EBB60ADCEADCE7B5BE1C6D40C4C8907A0ABFAA8C0CAFC036F03EAEE1D1936D96B058EF58BA9D48D8D077570BA0780E696BC4B5D208F10555C6130EE64932AD3B855C63843D3100304A201A029F3AEAB8671336EC7830C7C33FAA756FFD15A5D2FF0054A5B631BEAE55BEDA6BF8FE73BF92AD7D67C3F53A9D1637417570F3E02B3EF77F9A762D0E89D386FF00B4DADF70FA00F6F0FF00A2A3E4F95187DCC92FD22443FD9FFE84BB0628E213C92EBF20FEABA7818CEC7ADBEA3BD4BDFADB61FCE711EEFECFEE2E27EB559BFACE4189D9B593F0685DF12039B27930BCE33F20DD9B916BFDC1F6BCFCA7DAAB7C4A7E98F8CAFF00C5FF00D1DAFCC489859FD223F06A32D708DDAB510ED7B65BC0E7C9357587FB2B1249D1BDD6C74CFAB1939043EC3B1A79F0FC3E92A38795C99C9E0155BCA5E98860C78A590FA761BC8E91706C641308946AD2C3A9ECBA0FAC383D3BA7515E2D42722C3B9CF71E1A3B35BF45BBD609606B8386852E6710C53F6F884C80092075566C7EDC8478B8B4BDA90399EED743E08D68D013C429BEB6BC6E1C84AC6B5CD603A0882141C574C76C5ACDB4E9CB94831AC6827E911A29B5AD91FBA029966F209E026992ADAC2A997991FC533892219A047B185C08981E3E0A2D0D6E8DD4F8A3C49B6B863C893DBC5448ADA7DDEE28AE659BFDC7DBD8267B048F0F14E07F9055A1B89B6A7011041D072B9DCB68009225C785D33457F467EE583D46A0C7DACF3F6FC15AE5655223EACD84EE12F41B03A9B693CB4EE1F03A2D399311F0583D16DF4F3C30F1682D3F942E89C2348894B9A1C394FF00587131E4D245139875920240359A9D47829B983BA89007E55082B6D86ED39F8941CC1BAA9E769D7E68AE2DD6542F8F45E1A7B4CA7C7420F8AE81A903E2E064C17CFDEA97055FCA690A8D821E56A613A3625BAD09240A50A542C92492485D2481844D08409A4A3E55EE998BEB59B9E3DA3BAACDA4BA36F04F2BA3C0A69AE80D041F3F35073398461A6E564E5434DD9D38AD670242B0DA80D7B8520E11129C388D3B782CC94892C04166C2D1AFDF299FB4911A78850DC2678294927DC9BAA29E67A808CCBC7F2CAD8E86D0EC06F887B82C8EA408CDBA7F796A741BB6E1BD878DE7F2057B3EB823FE0FE4CF93E41F4755CD8890A2E6830F1AC271B76920CF92605C40234D7854C783021B9E3B0805171691E9970F1943BCFA8E278777F057E9AFF42DF208649683C4A49D106A486B06A7481E68F551652E35DAD2CF541027C47B9AA036B3740D7F22EA2B60CBC70F741DC0192260C2BBF0CC23248CC48C678A5190FDD90EB12DBE4B109C8CB88C650208EC7C1BBD2337D7C3ADCE3EE1EC7FC42B75B80BDEC3DC07058386CFB13DE01F6D9F99C907C42D1393FA4A1F3F481613E616DCA3A974FDBD4F8BA6C7438FDE819D8B4E5D2FA2E68731E3FDCE6FEEB9A9AA7C99F884471DCC0EFDD3F8261145618D1794AB233BA2661A5AE966844FD17B7F7A174D89D41B9D8CCBDAD2DDDED2DE751F4A154EB5D3866E23BD3137543D4A4F8FEF57FDA6A0FD5AB9B660B59C1AE4B87C4F29A620EB5AA8C6247156CEDB0C827C0F2BCCBEB3747F43EB91ADAD8A729CDCA03B47370FFB758BD3EA100CFDEB07EB4E056FBF0F3E3F49587D24F93F6D9FF7C4D204BD27B83FC587844E4227B83F63B58B737229AEE6681ED063C3F92B9AFF0019A07FCDD6CFFA7647FD25AFF576C2FC7B2B3FE0DD23E0EFFCE563FF008CF781D0296CC17E437E70D71425E9E21E07F24CC54A43C0FE4F9583A23E1E2656764D78B8959B6FB9DB58C6F24FFE450B1E8B6FB99452C365B638358C689249EC17AE7D52FAB18FF57309F97950FCF7B0BAFB390C6FD2F42AFF00BFBBF3D4118991A0D58E2329787F2D1E5BA8F45A3A16037A7078B332EDAECDB8091B8FD0A6BFF83ABFE9AC4FAC44BB30B5EF171ADAC61B1A201868DC63FACB5FADE4BB2BABD1517459936FA8E3E007D0F77F5967FD6CC4FB2F54B2B6B76B1CD6B991DC11AFFD2566501A81FA0231FF0019D09E21EDCA03F46A1F5F9BFEE9CAE96365D65835DAC21A7B82EFFCC56D747EA3552E0E793ECB01302642C7C0115584724C7DCA78732E3FEBCA7E1D203C495FC98F6F1815A9B25ED475B65E47A4E70797681D1E0AB75036B732BCCE1D60831E2CFA2B1B1A4B48EE385B44BB23A3FAA757D1609F81F6FF00DF94D6DB04377EAD60EECEBB276E8C76DABFACFF007977F618E5D3B83776D68F093F0543A251E96231E40043469E2E23957E905DBDE3BBA04F804C91D4960CA7D47FABA3CA7F8C0C8C6C6B309D6B3739ED786F8402DFEF5CC9C922BA9C6AD8DBC38D53DC33E92EBBEB6E28CEEA3D3F0F6873DC1DB49F025A1D1FD5D8B9EFAC62AAFEB1B68A5A053818EDA40ED246E77FD52CAE6B1C253CB3A3E811EBF34F863A3959B18272CCFE8D08FF007AA2D46B9AFD7689522E634FD189529F748688EC97E8DFF49B0B3AFC1A4BB1ED2223952303909995B1BA85325A4F09A4EBA29A5D5EE0DE9EF68E6C21BF8CAC01592F6B39DE40FBCC2D6EBB6B7D3A6A68825C5C41F2F6AA3D399EAF51C768FDF0E3FD9F77F057B97F46132FEF4BFC566C7A4097A2CADB563D8EECC69E7C82E3892493E3A95D47D60BDD5613C706C21A2172DB9C8F2113EDCA5FBC7F244068CD809700392442DEDE7681DFBAC3A723D27876C0E23C568D3D429B4C3BD8EF352731091A3C3A044A2DD680E3AF6D41517CE81A27E09996306AE70D3BCAAF95D5E9AC16D0373BB9ECAB461291A88BFC968894B9595562563709791ED6AC5C8C9B721FBAC3F01D8285B6BED797BCCB8F7505771611016759776511A5D4F1EB36DCC603B77189898435AF8B8671B0DD7D9A5963491E413F264101DC9D004934E65CD732C731DF49A60C6AA09ECFA4545386CA0C9AF734CB4C14619F920407C2AEA4C617981F7A128C4EB203EAAA7FFFD7E70D6D71F6BA27C50DD5381E253904A6F70D65638BEED7536B27C253B6B71709313A49FB9586E1DAF6B5CCDAF0E01DED3F843A105CC70F6999F03A14F94271AE28900ED637F24CA128D1208BD95958D763BCD76882096EEEC48D3E92B3F572C6DB6E7D5105B489F3F7ABCF02CA2BB9C37D790C1EA34F72DF6BBFAAEF6AADD1702CC3EA599B0EFA3231CBAB77705AF61F4DFF00CA5A7879518F2C3244F142438A3DE3C43AB7B0E0E0CB098D62751E1C41B75B2088EDAA8BC6D787B468791E6ACB1A37C784C1432D9739BE2B403A111A7D5DCC2CB755D371AF1FE0AD2D20771FEAE5673719AFEA78996CFA1634C9FEA8DCC3FE6959B80DB2DE942A6F2DBAC791E4C607396CE13859D3EA93EE6B8B47C3851C8D6A37BFCD8E428DF890E963B4358D03B008C7850AA069F0088785589F534E5F339DD468173EA007B84EBE463FF22AFE3562B600108337DBBBB0FE0AD010D84647411EC9C92F4C62D2EA779A690E0608DEE9F831DFF7E5C28C6758F15B7DCE77FACAE9BEB8657A386CA9A7F4B792D681CC7B4BCFE1B566F41E91956B997BB40087071EE47FDF553CDCB9E633C224F0E3C71E299FEF1F947F8AB2587DC308DF0C220CA67FBC5B781D2B0BA7B1B76538073BB46E7BBC9AC6FB96E63653DC377D99D4E330497DA435C4013B9B4B777FE08898F835D4E369F7DCEE6C773FD9FDD6AC8FAD5D6061E2FD92A3FAC640D63F3580F3FDA56A72C78B1E82A101B0DBFF00466494B188D01E988F203C9E6BAD5B666E6D994E3A130DF20155671B5FA8ECAB9EA1905BB401A700F75119B7C7E92A6C4CAC1C9EE649194AAE46F773A7C539191AD4B6B87434729DF8B7882E6983E2158E97D6FA6D4DF4B2A90C3FE96372B9775CE9C0EDB1E2EACF01A26022307A6F8803D9423A39A6A8824C3424EBAB6F0647822E56662E654E656EF4B4F683CAC6762377EB76BDC04D1847E94C7D02EE08D7CCEC5759BE43185CE8D52761D8D682EB2BAC9D627543C57B31F0C5353DDB9E65FE12133B79749D65203147FADF5A0C4686DAA3BB1B21A25AF63FCA500D7941A5BB04733B82B0E6BA6389427B081FC1384A1FBA3ED4F1783548BC18F4C8543A956FFA65A448EEB51CD78E3FD42A7D4438D2D27F34A9B14A3C4287E2C98E638869BBCFB5E6ABD960FCC703F72E9064B4FBE79123E6B9BBC438ADDC2F46FC0ACD8C0E81B4FC42B1CC46263194B4E8BF281A1290E5D5ACBC4F99427751A1A7578FBD42EE8F86F6CFBD84F041D0ACCCAE9B4D0645F27B348D5371E0C32FD33F62C0207A974ADEB184073B88EC150CAEB02C1B6B69689127E0A8B6927957BA774B195638D84B31EA6EFB9ED1240276B58C9FF096BFD8C53C396C42400B91F164863064047591D9597EF3B870ED4059F631C48812B6FA8F4DB7171B1EF734B6AC8DC2B9D7E844FF00D52A58107243089DC0C7C4276B8B8811AC5972C4C2EF70D16E35CEE1A51198571201112B785200D04299A0402390A13CD9EC035CE5EC1C71D3C8639BB7738F07C10BF65E5F21BA2DE0C1BBE2A4400004D1CDCC765BEE9ECF38EC0C969D5BC2718197B6430905741B1A5DAF2515966CD018289E725FBA12729ECF3B5D56D2D8B5A5A09D2559C575A1DA13B558EA7539F902C2E2E0E1A7927C5AE0C232C8250E2D355DB8BEE9996D91ACF9CA3B2C7705316E929A3B42AC68F4589A490491A0E4A5B9A048D4A809EFF95207DDC76D4265229C9EA2DDD91693A99E559E8BFD1EC1FCBFE0AB67922FB0111AF08DD19D15DA3F940FE0ADC85E1FF159A7F20FA3A4D7B98E999F2476DA1CDDC06BFC5547BC81214F0C67DF5BDA36ED077168E4F83A3E96D51E2E5E792F840D3C56C304B27CB4D8003DE3F37C42BC1D1506B0F3A39670A6F064EA398E0FFD25619BCBC6A5A0723FD8A0E6396CB0AE3891E3FA3F6ADC987243E6891F9270CE49D7C96A74ECC35456F3EC70FB966B5F03DC479789F835428CFA5F90EC6870B20B9B2081A7D26FB959F8519C337AA27DBC83838BF478BF459B932639351E997A6FA5BD25AD924B4C388D1DE4A15349686B4ED70320993AF1EE55F1720DB506BBF9C67E408C1C090E1A4E840D385BCEC44B6A8EA01AFF004EE1B1C0F6F185A98B607B48FCD9E7E2B172F1BD5D8FA60BCFB62627F73FB5F9A8BD1F29CCBC50E987E907B10993AAB0AC9106163776592D01A796F758D4D7F60EB4EA99A557496F843FDDFF0046C5B4F81648E79859BD5D9B2FC7C91A6C203BE04EE51465AD770C18CD923F783B2CF254BAED22CE9EE3DD8E6B87DFB7F8AB75D9376C3F9CDDCCF38FA4A3D4581D85734FEECFDC5304AA418226B247CC39DF579B0EBA38207E0573BFE352F1E9F4FC5279365A47C036B6FF00D52EA3A1D641B4F900B98FACF8C3AAFD6C15BC6EC7E9F4B1AE1D8BDD376CFF00A4D4B25C890373515F30679481D4520FF171F57FD1B9FD4B259FA62C8A41FCC0E3F4BFAEF6AEB3EB1648A303D2061D7183E3B46AE44E858E2AC57387E7BB9F20A3750DCACA39979FD0D222969E34E6C77F5BF353E1111950FD1FFA4BE0231C83F771FF00CE93C4E3FD5AB2CC93D73ABDC7129047D9F1DBFCE398DFA3BE7E86EFA5B50FEBEE238D185D476C020D4FF9FE92AFFC8AD0FAC1D48E4E7D3419757BC3431A0B8F1B9E76B3DCEDBF49EA97D66CFB737A53F1DB1E954C63C00397361C5F2A5E000487E911C52FFB96C0C7FAB98EA4F1CBFBDF33CA61C0A091CC945C6047F681FC0A0629FD07CCA3E391B5A3C1C5A7E6A38CB40B607403C1D0C377BC8F10BA1E9149B7A6F51AE0CEC0E03CC7B973D835D96E4D755625EF3B5A176FF57A9C7AF1F35A2D16301DAE791020361EE6CFF83DC9DC7A7D432F1546FB10DEC293874968FA4D0EF9C2BDB0554E840F4DA5D27806376E2AAF48F4DF834963A435BB74F8959BF5A3EB18C1DD858A1AFBDCD2DB9E7E8B0386DD83FE11006E55DB76099266623B9B6ED0EA3332E9EA0636554483DC171DD67FD42F39664FDAF372F35E0386458E779892768FF3574CCEACDC5FAADD46D07F48DD95307FC60D9A7FD35C9F4EDA2891A4B8C2A7F10A8E3207E9CBFE8B579FA8C3847521B70DEC63C8A4241D4689A7C63E4819390CA19B89D7C1650892686B6E606DB6358520E6786BE2A8E1E7B722411055924C8050940C49074538BD76DDF9A1A38AD807CCFB94BEAFB0BBA86F1FE0D8E3F7FB552CDB7D5CBB6CF1718F968B4BEAF1D86FB7C837FEFCAF641C1CB57F5447FC6653A42BC117D65C8DF7D740321825DF12B1559CFBBD6CAB5E792F3F72ACAC60870628C7B05E05001749324A54B2DCEE24C28A492485249D4ABACD8F6B072E204FC52BA53A5D03A61CBC916D8D268A8CBBCC8ECADF56C92FA5CE8DAD9DA1BE40ADAFB20E9DD33D3A48005701C7BB8FD272E63A95FBAB6B06A0727CFBACDC790E7CDC7FA20F0C7FBAC77C46FE8E738CB89514E209D53B40993C2D1640BD75979F2567F475B600D7C5005C470A2E7972618991D765C080FF00FFD0E7ECAEFABE9D6E678EE696FF00D5042DFDD7AA51762F57C10E0439960EFA90478AC9EA1D23A46E7BB370DA59A0B5F40D96327FC2FB3DB6D7FD9548725C40F04B51FA246AA1CBDDF09D47E8978FE9C77EEAA7DEDF7B3E1F9EDFFBF23BEB6DCD736D12E1C3873F272E887D49C479AF33A3E692D065A2C1B9A47E730B9BEE5919F87662E4D94D836B9860857F9404E2F6B2807876BD6E3FFA0B6F961C58CE39804C3BFEEFFE82D5C5B5ADA0E2D864B1CE731DE475DA559A43ABB0381E39F30567131799E48857F1AD967BBE933433E0AC462200446D1DBC99E3110110368E89376DB018D1CA35D62DCAAD8FD5AF76C3DB577B5BFF0048A8DD6B7D40068E3A8F9225D5B594D1654402E99F10F61FFC8B9884A74C9B5BA1D2EE653918B8D6E84DB6B2E1E6E1E8AD8E9F5B598748FCE163D80FF6BFF305CD653CB9EDC9262CB76DB3E6E1EFFF0036C62D7C0CAF529C96CC6D2CC86780DDF4BFE9282596CC7A717FDC2320B163C3F97FCE7A261F737E67EE0A355E09B5AE3AB5D20793835DFF007E555F9F8D4B9AFB6C6561D49702F70024F6D544DCD3D4195B4FB5EDDEF776D04A83DD1C446C6E9AC315EE3A717F8ADDC57EF6B87763CB49F82B248E275597D2AF716DB75862A739EFD7B41857E66DE3E88DEEF8BB4637FB2D521F98B1E487ACB8F9DD3BF68F5B6BED1FAB6256D11E2F71DEE6FF009BB56BD4D15B76B1BB5A12007BA399D7E2A391954E2D26EB4FB47D103971F24F034A037FC571B35103B0A63D4F3D98184FC8B0FBA21A3C5C785E6F9D92EC8C8764E43CBDEEF3E00E1AAF7D61EBB6751C92D90DA6A25AC60FFA4EFE52CB6E3B6C6FAAE74CE9B7C16673D9C197B60FA227D447E9CFFF00416AF31303F563A1B991FA52EDFE0B16EE7BA5A00F028BE9D60438CBBBAAC7A9E21C8FB1D4FF00D28D38D091CB777EF23D43712F7F0152946437063A58EED72A38EC83204F650FB2D606BDD4F76E7E8A7611BFCC26DCB6B55B59D431960049DA782A4CA8B1C776BE0E47BE5D483A13E2A34C3EAF4C9F70E0A3C448BFA155B2D0896EBF0D126DC1BED713A7878A017BA9773C9450EAEC1EED1FE4818FD8A4C36B86E0FF00BD0DC1E27B8EC80E2F64813AA76D8F6F04FC0A223E2B699D14F51CBCC6D38CD6B9A585CE6BB4889FCF43CDC77B596D17B0D76B3963B991AADBFAAA43F2F227E9863769EE049DCBA1EA3D1F17AC636C7FE8F22BD196F7E3E8BFF7AB57FEEC258E138692A07EC6618C11123422B57C7729B0568746BC0C7B184FD03BBE4547ADF4ECAE9D95662E5B3D3B5878EC47E6BD87F398E55FA2D5EBF53C7C727DB658CDC3B100EE77FD152F07B90E0EB61972438801DE9EA3AB61967A58CC305B4ED2E1FE91DFA579FF003CEC5CAFA0E2E3BBE903067C57A0FD64A03732CB19A35E5B6803C1E37AE5B330DADBDCE6886DBEE1E13F9CACF37010842511422043FC1FD167E6F188E3818ED1023FE0F4729948261747818429E99454E10EC871BDFE240FD1E38FF37D47FF00D7166D388E36B1835363835A3CDC76AE9DF48B3A8FA0CFA0C2DA983C9B1584DE43D7394FA4450F3923E1F0B94A67F4057D648BEB8F4F79E95D070EA03D57FAA44F0376C7B9CEFE433F3972B9D815F4FCBC7C8C7DEFC473C305AFE5CE6C7A8E81F45AFDDBD8C5E8DF5AC32EBF170A96EEB583D3D3B35C5BEC6FF5F62CAFAFDD25985F54F15AD037D192D758EF1758D7B4EBFE6A97263063394BE699D3FBACB9600C0997CD3D478070DD4B4B4B81E10DB5435D0655FE95D2F3FA8E07DB28AFF57AEBF51D6BF46FB44B9ACFDF72086C3411F9CB0E4251DFAED7E0E598988161A9B0B5D3DD3905ADDFC83F951EC628D75EFACB4F235F921C5D50D72D87780E494C049D39ECAC5B507033AE89B19806EFE48808F1696A6BDD5823DF103B21575063BD848F2E42B76B44C950E1AE746853A3334B81287ED0D0E2CB1BB5DD8F652074E50ADAC5820FDEA93864D6E86B8C294404BAD148D5D507B8FEF4C67C63E2B336673F82E3F04861663BE9123E252F6875985530CF3FAC59DFCF9EC974DBEBA85A1E6248841BEB7536BAA7412DE4847E958B5E4BAC0F246D888F3562422311B3E9A1A86597C81B673B1C1FA5F1D14A9EA74B5CD2D2E639A7DAF038FF00CC14C74DC763B56977C558FB35758F631ADD3551433C71484A1C57F82C8E4313717630F3B1F35ADAEF6B6BBCEAD78FA2FF00822DFD3F6C1F15CA62F51ADF96FA5A26A1C6BAC8FCF62E8F0FAA58D6B599077D4746DA358FE4B96BE1CF1C83848A95598174B0E613147EB12D3C8E9D5FA9EA9739F1D8B8F3FC95628B0BE049163470E1048FFC92BB6B03985F5C3E7C349F82ACDA6BB3DCC30E619898703FD54860119F1E33C3FBD0FF002731FDDFD164182224270F4FEF47F425F46C54F731E1C3B72B431DD2F11C3B5F84AA6C64820889E478145A5DE9BF6BB8EC54D2EE19CC6B50EB9ADAE6169FCED34FF5FDE4F496DB9555EEF6DCDD2F11CBDBA07FF6D3E31DC04F86A1365B7D0B9B7F01D123C48FA4AB65C862091AD6FF00DDFD2580DDC7C0D3A97DA2B734BC4766B877F255BA9D45DEC23E930907CDBEFF00FBEAB1970EC02EE7E8C1F39859D9DD5AA15630045B71201AE60E9B9967F9BB54025294AA23E5E1FCD8F1449A2075944FEC74C5807D91E39703F76DD519FEFE9C5C75DD5C93F1D56660E4332EFAAB6991407D648F08D168D2F2EE97B4F2D26BFF0034C2529F0CC40EFAFF00CDFF00D1987240C480771217FF00391F4C67B1CD98DC7DC7C00E5627A4D7655D701EEBED73CF9C9DACFF00A016C8B3D2C0C8B27577B5BF0F1FFA4AAD15558B8E322D13644B1A7B7C54B825C5EA03726BF8B2434948F534079B79F6D58588CAEC706C37DC7BF980B1723AEB72B0DEDA1A59361634F8B5A3E9959FD7FA8BDADF444BB26D1EE1FBAD3F45A1733D77AA8C2E9EDE9F4BA726E691611F98C3F4FF00B772B0231C6388EB5A9640218A2724F5AF579CBB37B1731A466E6D0E0F735EDC5A9C0EA1AEF75EF9FF008654ED2198CEA8FD0730B47C0FD159FF00557226CB304986DAE6D83E2DF6C2DBCDC60000E6CB29782E1E2C27DCD4B0C8C8191D64C9CBE4F731891DE577F6BCA62B836921DCB0990A756456C2F693C9042E9FAFDF53EDAA9C4C6A69AEA07DEC634124FC9603B1595BF76433D5ADDC3B50E07CE137D93B710D168C641ABD9957937328FB4D24B5D53812E1D813B56F539390CC27D0D7ED6B8B4C4FD269225BFD977B961DB8D5B316D7D1AB4869DA752DDA665A9F2F272595D7783A11B5A63C06FDDFF4D464F0122560D7F22D88C4513E1F8BD1F4EEA19B8C5C287963DC6081AC96954FA933F577DB6BB7E4596EE7BA675E4CA2F4270CDABD5BDE2BA983758F68825F25BFC103AAD9410DAA804560CCBB924953E3AE127BACC91A04F523772BABDCF180CA5AE3B6C7EE7B4770DFA27FE92CE7751B1B5B6AABDA1A22513ACDF3922B074A98011E67DCB359606B817091E4A9F3004E7A8BE1D8395CECB8A607EE8A7530B29AD786DAFF0073B8955F3F24DD6E9C0546C7B9F6178D35903C149A4976BC9508C204B8FAD6CD4E1EADDE9F6B6BB417180B46EEAF580454DDC47E72C4F52B6EA4CF904C2F7D8481ED601C04C9E01397110910B2C499249E4A432EEAD86BADDB5A4C984C8646AAC000EE2D7AC039C606A4A7731CC30E09DAE734CB4C15321AED4920A7290A49CA6452A49249252915840D2609E4A1279F0408B41751DD5728E38C71617B1A349F259D6DAE79D7B28B5DAEBDD3384184C8638C7603BA00593A64F07C148B96494CD6F1C82126D6F7986B492858EE87FFD1A7D0FADDBD36F0D27752E8DCD95DDB2FA3A863B6DA5ED2E8F63BB19E6BB3F92BC7B27AC63544B6A3EABBCB80AF7D5CFAE97E0E5066440A1E47C3C3DDFF009350729EE554C557C923FF00464BB048E825A11F2CBF617B8F5B23A2E53AFC769FB33CC5F8E4E8D3FBBFFA4EC4FF00584E3E6E357D6310EFAB4AB29BF9CC27F9B739BF9BB7E8ABA6CC7EA98EDBE921EE2DDA41E1C3FD1BFF0095FBAB9AC817F4EBACF449345C0D7631DA820FD2A6D6FF00255F035131A487CCDF88B2263490D25E21A56D3B9C2359D43870815E439AE707361CCD1CD1E13CA3E317BEE18CDE5D21A4F631BBF820E763E435C2D0D20FD173879FFAFBD195D1205D32558646F37522CADB2F6C9DA7C47D26A3E2E45560617E8CC86FA5BBF76D6FBA9FF3BF9B592CB9D592F698D76BDBFC559C0A6BB729D817922AC9DAF6B868447BA58A865CFB906B4EBD3F764A0E8BEC2F67A2E3EFA417D63F933FA6AFFB3F4D5FE9B91B31EDB88DF0C34ECE24BBF4B4FF00D26BD7362CCBBCC521D65F45A1AE8F02EF45EE7FF25DB9AB44613DB65EC738FB6B06B7030D7163E1BFE735CF62AB2CB220C8DEE0FA7F4652FD54EBFE94570D7A69B7F07A2A7298CAEB7D81AFBCE3BD8C7902621F21BFDA559FD49DEB8D61C18E669FD5685571EF7B6CC7C97B4BAAC36B859E5BDCF620E634D77DCE3A0163BD3711A39A5B0355561CC9F74465D324BCFD278231FF001570AD6C6B54F4985686331F19C0ECF4DB75AEF2697582BFEDD858B4D9916331EB7BC8F5B20EF25DC007E8FF0098C5904971706087BE9A2A68F0DE37BBFE82B629FB4677ACF27D3C700319E31C7F618AD72BCD8CBE0667A768B0CE00EA760388F8974CC3401C93DCF8FE738AE4FEB27547BDCE01DDCD7581C068FA4F5ABD43AAB18CB2B63B56821CFECD1F9F1FCA5C6645E722F36998FCD07B01C2B5CD731ECE2A1FCE4C547FAA3F4A4D6CB3F67193FE527E98FF00547E949AE291C9D0787753B2C0C6388D1AD05DE5A04FCEAE557A9BF662BC83130078CFFA858F11C52883D4B9A05901E45D63CD86C921F333DE795D4F4EEA2ECDC46B880D757EDB3BC903E97F6973194C35DEE6FCFEFD55AE8F97F67CB0C77F3777B0F91FCC77F9CB5399C43262B03588E28FED6598B1E4F51502E76F1C0EEA163897174F7526CB2ADBF9CE29386DFA5DF80B2C6EC2CAB25D53A780841E5AF054AA7BBDED3A023B288DBC7E5444752A4AF15D8DDE3EE40B03A226072932C35B881A87297631075D53B8686FE4A63B9C58093242987B5D263EE47C3C6AEDC3CC3B6722B636CA84CFB1AEFD63DBFBDE9BB72A9E992D91A8F10A71CA64962F761528EBE98FCD1FA330C12963F72352164103E68BABF57EF651D5697130DB66A27E3F47FE92ECEBBDBEB58D6E9652EDB6B3B8F077F6BF3579B56F7D4F0E0756C104720FE6AEC722E75B8F8BD7311DB6DB9A1970E5BBC0DBB5E3F71FB55BE40894258CEF1D63FDD932F2B113061FA4358FF0757ADF41C0FAC183E8E40DB6B44D190D1EE613FF0054C77E73179B74AE899BD2BEB753839ACDAFA859635C3E8BDA18FD96D6EFCE6397A5F4AEA55E4D72DF63DBFCE547969FFC822F55C6C5BE8195656D75D8C09A6C3F49BB86CB1A1DFBAE69F7355810E1CB1BEE19602B246321B487E6E1FD61AC17D4D3DF1EB9F97B573391593541E6B74FF02BA7FAC048CAC527E8BF1DAD3F11EE6AC1C9AF63A7B3B42214D961C788C4F5047F06D648F162E13D4522E93535FD471C9D58C26C27FA80BF5FB96BF4A1BFA9FAA04863B799F01AAC9E9E1CCB5FAE81A47DE405BDD1AB0DA6EBBBB9DB07C3F3957F870AC26FACCB1F211AC26FF4A647D81D2E978E72FAA3F39E2453A027BB8FFE455FEAFD2713ABD15626602FA1B6B6E75634DFB276B1FF00F07EE45E9D48A30DA4E85D363FE2EFFCC559AC7E71E5DF8052CCF113D86816669F14E52E83D316875B75785D0B2854D0C636A35B18C00001D15B5AC68FEB2E3FEAF748FDA3906BB096D4C1B8FF002A3C176DD4BA7B7A9D0316CB1CCA770759B2373A3E8B371FA2DDC818D8D83D32E23168796B19B5CE69924933AEF3F9AA0972F1C93E290E2E11E9874E2EF2638E313367D520348F4F3931CBE8DD2F17A3E534D0CF4C52F04B8499DA60EE3FCA5E7F4360ED8E044FC1767F5AFAAD7662B3071DE0BAD02CB403A86FD2631DFCA77EEAE3DAD77AA3B4E8B379D9833E01FA01AB9E649113B8FE5482C71FA2029406300EE752A5E9CDA1B3DD35A181C5D63C318DD64955AF61F561B42E6076AE1EC1C9FE084F83A0FA23808595D6711BEDAE5F1C01C2CEBBAD5E7F9A68679F2559C7832CBF46BCF45C01745EC23579D83CD55BB2315A0873DBF2D4ACB7DB9590EF739CF254D9D3B29FAEDDA3C4AB03008FCF3AF25C078B699D4E8618131E2AE539B5D9C7B81541BD20C4BDFF00208B5E05351DC0BA7C65098C2762494D86B752339B67CBF22B1D0DD165DDF46FF154F30FEB2FD67851C5CD7E1BDCE63438BB4D7C94A606587846A4C62C875853D439CC0371100AC5EADD583E68C73A1D1CE1FF0052152CAEA9979236B9DB19FB8DD02A909B8394E12253D48DA2B231A3AAABB1D5BC3DA6085BB81D48912D21C3F3EB77056029D525E20C79AB3385D481E1947692FB2351A10F6B899B037524967E756EE5BFEBFBCAFB4D379F559ECB0693FF007D7AE571ACBDBB5D5BE0B7569EE0AD5C5CE6D9686102AB9DC6DFA2E3FC9FDC77FC1A97073427E991027F849BDCBF3519D465A4BF093D13492D05A09207B9A752A6D6B2D602DD67C554C3CB70204EC7F13D8FC55BF53DE6C68DB672F67E6BBF94D566EC69BB743A1D32CDAEF4DFDF404AB3D5EDA8630021C6B77E900D4891F47FB4D5528DAF01ECE3F214AF77F942B63C4B729AD0E9FDEAC9FF00BE39667379386190DEA212216088F701EDAD33CBCCB2CE88CF4DC5B602083C4C031FE72E731DD957B7D6200B71EE190DFE5348DF778FD2AB7FFDB6B6AFB5BBFD1DA5ADC725EF11C8034DBFDB54EBA2E75751C7692F27D36FC43BDBBBFB1B93394E68FB18F8C70CA5DB7F57AA07FC59713671444617B71132FB51F41EA0DC2EA42973833133BDA2D3F9A49DC0FF00DF576F9157A22C6335A9EE696C76711B0FF9CB99FD8DD2B06B1F6B69CDB06A184C56D33F98D6FBBDAB37ADFD6ACBA2FA31711DE9535FD36379D2367BBE97B53B3723CD4CC324670854B8A5EE7113C3EA869C3FDE6A73111397144D0D8DED2ECF51710FCB6E1833451365A7B73ED62CFEAFD51ACFA3F168F103F38AAB5F536BBA737612EB6F74B88E5C3E96BFDA2B23AAF51660106D02FCEB04B2927DAD1FBF77FDF58B430C061C7EBA1C3E91E436FF0019770887AA4740D4EA79C3A7B1D9791EFCABBF98A8F3AFF847AE3ADB6CB9EEB6D717D8F32E71EE56B64E3E4E7D86FC9B375AFE4C69FD95770BEA2752CDA8DD5BC575FE69B1A64FF540FCD514A72CB2A00D74FE25A9CC0C99CD423E91F28FDB270BA6E4BB17369BC18DAE127C8E8BBDB9E2F68B01077B61C3C170F93D1BA863DAFADD5EE35B8B5DB0CEA1741F577A9B057F65CB70AECE36BF498EFAA7629184883A5FE69E4A52819639831EA2FF0016DFD9DCFA4B5DABE976D9F11F99FF004556BF09EEDB104BBB157323A961E35AE2F70822086EA7440C7EB7836585AEDCD047B1CE1039FA2A7E300EEDD328DEE2D06DB31719F556F7D8F7F1036301F33ABDEA158A6C601737DDC6E93211B233B1893B0833E05536BC39C41300EB3E48C726BBA61237A9D1D7E99F6675CEA33BDB5306E2E9DA0B7C5DB566E7E763DB9F935D007D9AA03D37366200F355F2B21D04192C038F82CEBB21A316CF4C11BFDA49F351E4CA01D1833F302E86CD2C9B7D4BACB0F2F33F23C7FD141297E298AABB9F372A72E2913DCA9338E89D45DC272D1BB147A5BFA373FC4C202B6D696D01A7BEBF7A6E4343CCB24511503AA9394518ECB2475544144F696482A09404516C124E46A9B54572A1284C924952794C9D242949DAC14D04E889E8DA06ADE5024289A45C1539738827484E190A508121699F40CBD47C4132A6DC8B59F44808709414C201E8B29FFFD2C3C1EA1D27A86232B657536F63035F8F656D2341B66A747D1D142DE8FD22ED2CC61538F7AC96FE1F457254B6E2F0EA643C70E6F2174189D433835ADCAF7EDFCEEFF3520E6318A8E4AECDB8F350950CA076BA773A31BBA3D81B4643AEC63FE0AC1A81E01ED5D2DA30BACD44D2F032620B1C60BA386BBF95FB8F5C8D395559FC9255DAD85DEF6691DC29C08D5C4F9756D463120181FDAAB68C8C6C96B430B7269702D0792419FF00A48DD77A86263B5AC702EB6C873AB6FE683F9CE9523D4EC7ED6658F55F5FF357716363B177F8462CAEA3866D71BC1DC48D0CCFDE844D5D7D8BA2684AB7EC81B5539277D4637887B4FE0EFEB29D4FB2A389971FA4C3B0D5683D8107D35458F7D364198579F902FA803C98970D0903DCD6D9FD555799E563963230D2521463FA3212DD8F7D4685D2E9D47A58B9B918E24DEF7493D9BB4FFE8C729D7876BDF89562B7D7C7AF19D69B1D20BC3A3D4AC7F2EBB5EAAF46CFB0FDA706F969731DF679061C6438C3BFA8D72DCFB60C2E9ACB1CE15EEA7631A2493EA969BACD3FD1B2BFFA6B14E7CFCBE7963238E8D47A7143A36212E1000D5CFA1F66339BBC1BF16E063C7DBED2D77FC2D72AEF5178BB02BA3D80B8EF6168D63E8FB75F6EEDAA5531AEC1B1A5840BDEDB6A079D8E6EDFFA9635AE55B20578F5BAD7992D1AC69AC7B58D56B95E4F17372966958C5099E1AD253C9E9E29DFEEFA559083A8FB5A7D43AFE79CAAF1EA2DA5AF003F68971006CFA6EFE47EEAD77753CB188CC66921CF3EEB07D2DA236D7BBFACB94E9CC7E5E73AF7F03407B4957FAF7553D3AB636A83738C56DD621BA3DFFE72D3862C18715431C63089E28C477FFBE6BF18E1948EC366DF50BE40C66196B34B0F8BBFF22D544B7688024958ADEBB9C48F6551E041FEF451D6EE711EA500B46BEC71067E6B1F2F2FCCE5999CA3C57D8B9597DCC933290F21FBA1D68F6FBBEF59BD6321ACA5B5C4EFDD1F18FA5FF4911BD4F1ACD2C79AC9E378800786EFA2A9F5B77AA582A21C2BADCE2EF2276F2A3C38A51CB113891E7A31C624485871320B9E03CF68E79D7FDC81C23DE25BB87D1778FF009C23FAA8056B436657ABE9F983370D9638FBD8032C1E6DFCEFED2B2F20000F7E1737D0F33ECF982A718AAFF6BA7B1FCC72E9806C82E1C1830B2F99C5EDE4207CA7D51FE0C1214583A5A21BCC68A21A4B44FD3EE8AF0C30476EEA21B1E7E6A10744316925D11A850DC5A67513D94C56625C448F1D127348D0F8F28D8533C5CA7E25ECCAAB5730C9ACF0E07DB631DFD767B516CAD953C3E9938D70DF493FBA7FC1BBF9753BF46F558341F2F35628B40ACD161FD138EE6BBF71FC6EFEA3FF003D5FF87F34314B8267D13FF9B26CF299C63970CBE497FCD3DDB993D2DAEAD9918E7732C120F707F3D8F8FDD573EAD5E5F565F47BB436B7D5C707F7DBAB9A3FAC85D1FA80C2B5F8F9237625C407B79DA7B58D47CFC638998CBF1CED7D67D4A2E0391FEBF49694F960328CB8FD32FD21FA3923FF007EDF3807B83243490D7FAB30BD36D945C2EAFDB6334F88EEC72E92AC8AFA874FB03797B082DF07468B97B7205D639D01A49DD0389E7DAAD749C9BEBCDAD95FB8DA7696F8F752648DEBD43266C77EA1B8D56FACD79FB51683FCDD75903C3495937B85D4B6D613AB37479830E4BAEE67ABD46D7B64186B4823522BF6BBFE8AA9D3DEE39DE83883539AE7D3FDA1EE68FF0035413CC07A7C6971F9479362978F41AE07DC37B4F9EBBDA574C1C0598D5807DD55563C0E23634BCFF9AD5CCB4B2AAEDC574077A81F3FC9DAF62D9E9F975D631F22C7924D6298FE48A76EE3FDA728867889088F1FB551151B03A5BD91D8E869FA3A40EDFC94E4CF1F82A58577AB8F5EEE48606FF65A371FFA4AD52412E6FEE9D7E7AA7C6AAEDA92857D123DFE9D65DF70F13F9A1032AE661E1BADB0896B4913DDC7FF00325275D493EBD8F0DA2A9DAE26017705DFD85E7DF5E7EB8B8E5B70705E08AFDD7386A01FCCABFADFE12DFF00312919460481AD697FBDFA2B7E48991E9A9FEF7E8C115A5ED79B2CF69277177C552CBEAD8148043F73C7E6B755CF65754CDCB3FA6B0B8780D3F22AE2B7B8FB58565C793B3C79A5EA3A9AFE2E798924CA46C9365D3CAEBF7BDC7D068A81EE752B3ACB6EBDDEF739E4F8EAB7BA5FD4CCFCCA599190F6E351689ADC7DC5DFD96AB1938783D1AFFB335ADBEC0013603E2A532C7885638711F0FF00BE5DC040D22E163F47CBBE096FA6CF172BF5742C66006C25EEFB82D0AEFA8926D79047E6B01773FCAFA281765D0C3B5C4B5DE05A7BA8279B3C8D7CA3FAA8A9AEDA68A87E8C35BE099CD696C8234559D9D8F31BE7E4526B9EE67AB5B5C59C6F00C7DE9A31CF737F55709481A0980ED13457E323B209BDBDE24F7944DE080F1F44F7EC8F0909E12E375081996470960D0CBCDAD78900020F828F5076ECBB08F1563A2EDF52D9F01F955D9131C1637022C87E560FE9169FE69C1DE45337A3E616973835AD1A924ADD6B402368E507AA5A6AC2791A39DA7DEA08F339491115A9AD58ECD81DDE61DA1212638B5D21324785A0CAECF45B31EDB76E43BE88D1834DDF35D5D3934B006D4D6D43C1A005E78096990785D0F4ECABBD31B9DBA3B9D74F8A763CB8B0FCD1AE23F3EEDAE5F3E3C428C6893F3F57AC2EAEDFA70E9FCEEE3F77547A1D4BA2AB88FE45844C7959FC958346701A5808F03C85A78F6D7646D749F05678A131C5020FF5A2DF8CE13171903E4DDAB2D989922AB00AC386AD1C0D7964FD2625D5F3032DC5B7D3735D4BDC58ED0B5ED7361DB48FECA59185566638A6EE46AC77769FE4B9623E9CCC6B3D07BCBD8D3B9A1DA8D3F39AA9E7E5E19EC58048208FEF0E1E2503EA06AE9D6A735CEC963B2480D710DB6069B410EFFAAFA4B73159E835A48D2DADB6B48F171B1C7FE83972ACDB68DB60234890623E0B76AC9B8E36CAC4968869F255F97E47363CD84CCC658F1895F09EBFE4BD325E644C447ED6B756CFADB79AC3BDCD1B9C4760346B571C5B664E5C805EF7BB41F13A05B79987792E2F0773B5738AB7F56FA7E3E3641CBCB35B5ED1350B0C06CFD1B0B7E93DDFB8C57B3E7108F11B35B463F34A5FA316099BAEC12DEE6745C2A98E6EFCB7376D357249EF63FF00E0D8E2B3F13EAD65E6D872B35DE88B4EE7BED12F703FBACFCCFE46E5B399D57A461DEFB983ED196FE726C82EFEAD35FD1AAB58D97F59B2EF71F45BA13CF65188CB2113CC78074C63FEE9122246E67CA2EC514743E8EDF52BADB6DDC8B2D20C47EE33E8ACFCFF00ACFD473CBA8C179AAAE1F6B4447F57F94B27D2BB28EECAB0BFBEC6F1F32B430D980C8FB436C2070DAA1BF8BB729F880150143BFE9241BD857E6D7A71F680D6EBF19927FF0024B73A67D51766C599ACF4A8E61C3DCE1FC9695630BACF47C3838F82EDE3F3DEF0E77DF0AFB7EB5D6F8FD5DDAFF287F7264B8C8A0164CCF68C7EA533FEA67D5AB2B6D6702B86880E12D77C4BDA567E4FF8B8E87683E8BAEC7F00D7870FBAC0E57CFD67A1A373ABD8D1C973C00ABDBFE303EAE63C8BAE739DFBB48F53FEA541284A2D797BB171EEFF00165656C3F65CD0F3D85ACDBF8D65CB9CEA1D2733A2668C7EA1E9C967A8031C1FED9DADF6FB5CCFED2DDEA9FE34322C06BE938A2869E2FBFDEFF8B6A6FB1BFDADEB90CAEA1666DAEBF358326EB0EE7DAF2E0F3FDB694232C808AD97C27906A698DD7576024981CE9A6BC442A1927D42DADBA35BF4BF8045CB7E23D8DAE8AED6580C906C0E601FE687217A60374FBFCD0948DD9DDAF9F2EB4D72D2140A3D8104A3136D76293BE8A498F09E91BB2A6BF56C6B38DC627C95ABDC381A81DD0B10439CFF000D07CD3DAEE7C3951CF5901D9923B2171D53243C52520633BAE9249248528B911AE0391288050FE65A8195745034D5495E661E3BDC26D002DCE9F89D1AAA0D4E2D7BEC043DEEE75FDD4C96788E84FD126603CB25DD5ECBE957516BC5643E904EDB274854C30EFDB127C93C481160AE6FE1D02C6830B4994300870941C1A76B07C15EDF5B00DEE03CC90B3F364264406191D5AD674EA2C12D10553B7A558D3EC33E4AFBFA961B38749F01AAAB6F589FE6EB008E094B19CFD01AFEB285B45F8D7D67DEC23CD0D58B3233328C1977901A2955D332ECD60347F28AB3C743D6620AEF37FFD3E6B1FA7D74C3437E6119D431C0C0F72217EE6E9DD4648800CAC43391364EAD5D4EA4B55D4ED2664146C7BEEA0CB5CE0DEF1FC5A515DB2C68DDED7B783D8F928EDDAE023C885362E672E3F9655E1FA2CB8F3CF1FCA6BF26D373687FB6D7069F13ED51BBD66565F57E91BCF8823FB2AB3C32A9364068D75E157C7C5CFCBC83F61DD8D54CEF69DAAEE1E7259778557E9C76FB1BD8799964DE3B7E945B4CFB3E6FB1BEDB47E61E7FF3243FB1DB53F8E10B33A77D676387AD8EDC9DBEE6DC1A03E07E76FAB658DFEDAB183D7726970A3ABE29B2B1A7AD5FF3ADFEBB5DB5B6AB31CE3F48FD59C658DFAAC78D362BA89641FA3E20C155EFCBC8CAC7661D760C96524B1B63480430FB8D678DCE6D8B62CAFA7752C270C0C9697419613B1FAF6756FDAF5C8D7BF0724D4F6969078E0A59A38B308F16B47E68EF19321CC0556C7ABDAE1750BADADFEAB36BA976C0C8DB0D8DCD2DFE4ACBEB975B600C13B4F3E67C5361E55AF004CB478EA83D4F3EA6DE03808A6275807F38A38E10E5F08C70F923B7F8478953C838084D8D663606238B6C6FABC0813047D27B960E7643F3B24E45BAE81AC03B347FE4BE921E7F51FB6643DD5B7656E3C0EEA158677D3CC6854329CA640D8069E4CB7E91B064CA8F6D7E1A1FC511ACFF0053A22B2B3B79DC3CF428CC64E874F8AB18E3416450B6AF24FF0061A9E0822370831A2B8CA84C103E4611D950FF007A98401DC02C94E2DDD09CF03D37C6DE03BCCAA193D2B3A925CEACB9BE2DD57615B0770B430ABE9C4CE5FAA63F36BDBC79B9E9B2C11AB163C98E501D9F33821D06411F22BAEE9798DCBC465A4CD8DF6D83F943F3BFB4BB4185F52B2186BBBA7074883658DDCEFF003DAEDCD5507D43E9445B6741CB35178938F77BD808E083A5ACFF00A6B3F9CC129C3E53713A13F8B0CF158D0FDAE039EC703DBC10DA623F1081D6BA5FD6EE92E3664E207E3B4EB753FA46103F79CDF7B162B7ABE71B3D50E6B5A1DB83224687E89FE4AA71E4B256F1FB58CE12377A10F613F3E13DAE00765CC64F53CABAD7DA6CDA5E4B8B59A344F668406E6E531C5C2D24B81699D743A1E53C7212275900AF68777A2B73A8A7F9C780A864FD60E5B8ED9EDB9CB10927932994F0E4F18D65EA3F82E108876BA7FD60B596ECCC3BE977E70E59FF009262EE3A5E751998C30F21FB9AE138D7033F012BCB56874BEAF91D3DF0DFD2504CBAA278FE5567F31CAFE3C9C2044FCA36FEAB730731C3519FCA363FBAF79650FC7B8D769823E896EA27B1476B6EC7B58F036D8C21EDF883B87F9CAAF4EEAB89D631C06BC3AC60EE21E3F92F1FF7E44EA19CDC7350ADAE860821C67701E6A53A8B0DE32128DDD8733ACE6332F2ACCEA99E98F5773D9E131EA7FD241A31727273F1F1F1A77C9754F689000F76F77F23F7D273E8764E4D2C05CDC9FD231DD86925B1FBDBD755F53EA14F4B2FB9A05F63B63782432039ADD3FACB3440E4CBC274AF9ABC3FF455A4E9A6CE1F5FC37E2BDA1EEDF92FAE5FB3468DB3A327F7D68F4BC3B2DC3D8E3ECA8B1CDB8880E864168FF398A3F58C8B6F75A35D8F0D93E11EE563EAF6750FA9D43E1B6B5A0B24E8E83B99A7F9CABFC523EC9C471C0CCCA42E31F9EFD31FF9C98E80FD03ACCCBA3A660BFAA6438BA9A2A6B2BA86849746EE7F7B6ACCC4FADC3AB60876330E2973DFF6B332001C6CB1DFE918B03EBCF5AAEFB4F4EC7701530EF7B1BC6EECDDDFC9586DCD38BD29989598369365C7E3F45BFE685679332862C71C9F342038C1FDF621923EF1275A167FBDFA2EC7D60FAD65D2CC774ECF6D6071234DEEFEA7E63565E2F4BA722AAF21C4BDD60DEE24F24FD258B738B8CBB9F05D0749B8DBD3AA69FCD968F9151F3D9666025135AD68D1E6F299115B04EDC3C6AFDAC6349F8267E382EDAC3AF78561C0B1A1AD3EE3F48A6C7ADAC639C759D01F059BC677B25A96BE365751C666DAAE7358D3ED6EE2227F928001B5C6D780F74FBA759565803B736791CA0D64B1EED67C92E326D5693780D8688F2E145FE9B8FBB53E7CA9BEB0E68737855DE4B4CB84B508EBB2167514BC7810999F69A07E86D756D99001D3EEFA29CB03C7B74FCAA0458349985246446C54C8DC5CF0ECBC7AB28447E919D879B36B952C9E9B8B76E38E5D8A4990C0E2E66BDB5F72B4EB5DDC71C2911203E06D31AFC7B29A39B20EB7F8A44A4362F33915BABB5D5B8EE730C1778C21B6DB2B3EC716CF308B966722C3FCA2AE747C1C7CB6DDEBB67696869E39957A5311C7C5216285FD598CAA365A43A8658E2C29DD9F91656EAAC76E63BF82D1CEE99D2F099BAC7BCBCF1583A958CE20B896881D87296338F20E28C74EFC3C2A890751F92C9FB264FD94A9595CC0CD149F4ECFA04E87C1524E84E02428A88B7A8A32A8B19ED707792B2086C39AE2D275907F82E3DAE730CB4907C95EC7EAD7D7A59FA46FE2AA1E57240F16299FB784A00313712627C1EC599F914303DCF269E65C86EEB187702F7D8F696F735983F82CAC77BF3E969682DAC9246EF2EEBABC2C1C6CCC318F90C04911BC0833F9AA580CF288330246FA8A947FC28B7F09CC617220F9872AAEB980D76D7B1EF6FEF35A7FEFCB4EAEBF8F4D2F7E3E25D73F868D1A3E7B906AFABD755610EA81AD864DCE2033FADB9C8FD5BEB3F47C5A074FC0A4751C86B430B87B6B6FEF39D6FE77F612CC39831AE3A1D7A7E2BE72981EA9539B7FD69790E71C23B06A5CE2001FDAFA2B22DEBB9D9FB9D5E386C99244FC3E9FB551CFC9C8CB7976491A1D2B6E8C6C760D563A6BCBB1F6FEE388FF00BF2878E58E177C47BDB567CCC87CA6C7D8C5AEBDE4BAD7B43468750AC579787568721A3E067F82C8AE0B9E7F947F2A93A8ADFF00153472709D7559F7920FCAEC8EAF85A86BCBC8FDD1FC50ACFAC54B346D6F711F01FDEB2AAA0D64EBA1E102E69DC54A33926855320E666458A0E9BFEB3E4FF83A98CF324BBFF22AB5BD7FAAD9A7AFE983D980059C904E3391DC9619E7CA4EB33F4D1D9C0E91D57AC57EB501F9504874BA483F073969D3F51FAF3DC01C52DF32401F950FEA0F51FB275538AF30CC91EDFEBB7FF24D5EB5543DA1DE210B0CD020C44B5F1F37CD99F50BAC920398C6F1A978EEAF752E8BD17EAE7481979B4B727A8386CA6A738963ACFDED9EDFD1D7F49EBB9BDF4E3D56645EE15D34B4BEC7BB80D1C95E35F59FEB0DFD6FAA59927DB8ECF662D47F3583FEFF0067D37A4657B22797863A6E5A249739D61FA4E249234D4A4359080DC87B7B0D52FB43A6400A130934CEACDED280E1AA99BDE7903551264A70046E9088F29429386BA261CA92D726AC6CAC48E75253542BB7258C798A8BBDDFD51AB91F36B8A99757F448870F054EA3A927B28E3EA065DFF05E26281ECCAD735F6BDCC1B5A49DAD1D8765052772994836584D9B593A48CCC4C87805AC3078291901B9A5AB8A2A2D07D56CF709C5340E6D1F726762DACD1F0DF98502C8D247C947BED353273681C3CBBE0147747129A1284E1A75B524F59EE01AE712D1C0EC98B03F8D0F92263E164DE47A6C307B9D02DBC0E93563BC3EE8B1C358EC145933C318DF5FDD0B49A6147D59EAD7F4C39953C97B648A0982E601AB9BFCAFE4AC76D19163CB36B8B9BA381EC7CD7735E7D81BB5A7403854B271599161B18ED961FA45BDD571CDC68E804903203B8A79DA3A45B6101EE0D9EDC9576AE998954EE1B9C3F7958CEC47E2639C96EEB1D5FD23C68B3A8CEB6F13E938B7B11C7DE9A27932C4CA32F48D0D7A576E2C174C0A18D01B0DF825BA971D0F3A2A7FA6890C82A05D95F9A27C4428FDBFEB7E2B74EEFF00FFD4E7B5D09263C9317BC191A8EE08EC9343F9691F7A41F6076AD042C5FB1ACC8398F869110660F08E012765A249FA006A49FDD6A017B7DA3D3F7B8C083C95BDD2FA23E058F10E3CB8F87831BFBAA6C1CB1CA6C9E180EBFF007ACB870999B3A447F2D1A58FD31F7381B8025A2037B0FF00C93D749D3BA73286831B40E27FEFA8B4E35548860970EF12AC37DA373FDBE6EF68FF00A4B5238E30888C45443A31118C78622836AAA58E6ED036B7BC28DBD3B15E037D2618D75683F703FF0054E59D7FD65E898848C8CEA5AE1FE0DAEDEEFF00329F5165E5FF008CAE8B412DC6A72329E3F922A6CFF5ADF7FF00E06A29401DE98E5A1D6407D5D1CAFAAF8168F6D0C2EF1F0F37BBF3964751FAAA6DA9C76EF6D634B49DA47935E7E97F6D65667F8C9EB5912DC2A29C461FCE20DAF1FE7C57FF0081ACBFDA19FD4AF07A9E45B94D26036C77B013FBB5376D7FF41412031832048F26339A03AF179227F51BBA55EEA46CC80DD00DC0C11E2EAC959761CBCB73F2363DED738C9682E00F3B56867E1D55CED6B47C82D4C221D8B4EC01AD2C1A01027E49B2E6AA11901C5AD6AC3973CABC3B3CED1589871DAEF03215EA6AEC61C0ADB7B46D0D899D60F9A1FD9D9AFB471D8210E7E23530FF009CB0661D4352AAD834FA0B4B03A3666634BE80D0C1AEF7B831A7E05E46E544E356012E68FB949B8F57A7B8D6D33A091A29BFD271034C67FC6651CC447E89FB5D37747C9ABE9DB8C08E66FABFF4A24304379C9C46FC722A1FF7F59C2BA419D8DD3B0016275FC615E50B0086DCD0EF98F6B94987E2467310E011B1DED70E641D383F17B16D18C0FBFA8E130F81C869FF00A994761E8ECFE77AD6137E16177F05E66E82028AB5EFCFC02EF787EEFE2FABB3A8FD52A60DBD6E877956D71FFBEA237EB7FD47C47878CFBAE7B4E9E9D6FF00FC8B57922413259272DE45619F83ED8FFAEF86E60763625B68709697B98C041F1D6D72F3BFAD98B7E7E7BF3F170EAC663C7BEAC72482EEF63A437DEEFE4315BC37B862501D222B6EBF247FB433E88D7458FF007BCB19DD02013A0603967B50AECF0CE6B9A608823B14CBABCFC665F8EF0D603611ED31ACAE5ACAACADC5B634B5C3B157F0671941D3848E8BE32E20C613144A5ECAED6BEC60B58D32E61900F97B56DE0E7748780D756CC7B3B12C05BFE72B0059ABA648441DE5C2E029358F7186B4B89EC012BB6A9B5187303483AEE68107FCD47AE9FDDE7E09FED78B3C79607F4FF078CC5A3A9D5736DC6AAE65ACD439AD7023F05D7636664F51C2F4F32B35750A24491B77B3F7DA3F7FF7D6AE3E15F78036B8F6982AFB7EAEBDCD0E790D2DD5A74D0F8A6991C7AEE3A85F180C5B4890771D1E45AC236BA35A8C9EC7CC7F696E7D5ECF155D6E2B8FB2C7835CF6250BAAF42B9AF36D4439E3E906FE77C964B2DB68B25C0870E7B1D1477196519A046C6321FBDFFA12F86403C9DBCDDA4E40B3DD0E31A705DE0554B33F13A561DB6B5CD39767E8B61FCC6F1606EDF76F59997D5729976E6D9B9F6196EF00FF00AB962E6665D90E05EFDDE9C375D773872FFE5259671910444717EF7E947C959798A040DCAADB1D93900D864BDDB9EEFF00A454DF53AFAADB808AABD183C48FFC8A06250FC9B03468397BBC96D3AB68C7754DD181901A3B2A9972701111BD8BF2684B291A0DE475F279D7B8999E56E7D5DB07D92D6F2E6BF4F2042C4BD85AE20F65A7F575F0FBD9E20391E640380F8515B97E576FE9100192A6EF680D1AC6A50C34174CE83BA725DBB51F259AD7655B8FAA01D10C82D73BC653930E07B8F15379876EECED4A5FB4296AEDDBCEAD70E3C52756C2373787687FB940FB89FC145AE2C6BB983F951AEA14C1D2C22344EE2EFA4359E517DAF6EBDD4033613A4877646FED55A22F1C38284C10764B4F74673468E047C0A839CF0D27B1049053C1EC91E0F33799B5E7C49FCAB5BA038329BDD13EE1F8058EF32E27CD59C5EA471319F53192F7BA771E00885A39B199E2E088BBA6790B14D7CCBDD7E4D9638CC931F0414EE71712E3C932A2A788A00760952709938452B27492490A49327494EB62F5FB71AAAAB6D6C77A621DBA4CEBEDE3E8FB55E1F5DFA831BB6965759F10D93FF48AE6D2481236259467C805093A799F587A9E69FD62D73DBFB849DBFE68F6A133AADAC6ED6B1A3C63454524D94232F985F9AC94A52F98DF9BAEC7372A8F55A21F30F1E6ABFDAEFC4045510F3AC852E92FD2DABCB703FF00450F2DBA9F2D55711032181171EC515A24A676CF73A94703BC20D0EF6856078A64F72C47762E30D31C7F055AF00EA15A32E04472AA5BAB04A30DD9311D086B86973B684CE639A6088526BB65AD7781D55DB21DA6D0A694CC48D342B65A169537D94D8DB2A76D7B08735DE042F50E95FE317A3D7D2EAB333D4392D86DD556DD47F2DAE7435DFE72F31BAB0C708E7B8516B1EED1A249F044D11A696BA33205742F5DF5B3EBBDDD72B189895BB1B027739AE20BED20FB7D5DBF458DFF0044B917FD228C41803B8D0FDE8658F2740484227544CE88D253F42D3F9AA431AE3C353B8A3DC31A294913ECF6794F82718F61EC252E28F70A42751293080E93C29BEA7B3943290A2175B76ACDADB53E97B37B5E0882A8B444A7442CFD0B6C1DC907E490888DD7E9150D2D194A1498C73CC3449562BE9F92FF00CD8F8A26718EE4045B584833E0886EB5DCB8AD0AFA2BF6EEB1E00F2562AE998AC1246E23C4A825CCE2FEF79045871435CEE012AC55D3F2AC1218403DCE8B769A1807B5A1AD1DE111E6346FC9432E6CED188FAAB89CAA7A2927F4CE8F20AF55838B40D2B0E7789D518EEEE79511B89E63C5432CB396F2D3B05B659B5C4360081D822B1E27DD3AF74389E3B27035EE47723B1511414A0BA446A3B147A06A274F342696C418693DFC54C38833AFCB851C82D2DC7B6BB2A754E00B5E359582296E164FD9AC3FA071FD113C027F316AB1E64A57E1D792D8B1BBBC0230CBC1E93F29DEBFE92A3A583B1442BAB4004A5B1849004AA16DF9583D46BC6001A2F2031C6647CD6934189F1467131A24E921C5151041DDFFD5E61AC6BC6E2768F1F829B59A4EA41D15765F59203352118DAF8DB312B2240EDF9B5CB334CB4B43CD64F761D423D76F5364359D532E0691BC7F10AB00E02660946A347179FCDE021EE4E20F0C88489C80D09095F6E6BDDB2CEA196FF19B881AFF00C5ED42B3130CBC1B98EBF6F3EABDEFFF00CF8E724F201DC390653BACDD61EDDD039329DE72FB54724CF53F6A0EA1757838AEFB3D6C6FA9ED610003AF7D160358E7193ACF2AEF55B9D664369996D638F32874D44E9F8AB5847063B3F34B527F24ED1F35EAABB01CAB94D30411DB54D45247C15B6B448105479322DB43D44EEAF725D26F7371E0996B1C4107EF4F96DF6B9BE1AAAFD21FEFBAA2278701F0D136AF091D882C93171B7758E65ADDCCD4F71E09FD3F69ED2A9B5A5A7732411E6AED19B5D87D3BB4FE50F1552512358EA1848AD4207553C829ECA435AC681ED015F7639105BA8F11C28595C4C7E29BEE5D2849A2CA43EC1FEBC20758C2FB66296363D5ACEEAFF8B3FB4B4EA68F7123B69F3511535CEDA4401A929D1CA633121FA0912D5E05CD70D1C208D083CA8AEBFAC745AB3BDF8E05792D1A1E1AF1FF0009FCAFE5AE732BA4E762069BD81A1DA020870FC16BE0E6B1E588D4465FB877FA334660B4D1F0F16CCAC8654C1C9971EC0777254E37A9732B71DA1EE0D27C24C2EB3170B1B0EBF4E96E87E938EAE31FBC52E639918E343594B6ECA9CA97EC1A0C00001F00A06BF74774720448D10DCD773C95960B133ADC1BA7827B6AC6BE3D5A9AF8E24216CEFC1EE8B59F1F82074360EBE082F1D994BAAB9ED2DDA038FDD280BABEB5858D6E3BB25EED8EA9BA47E77F2572863B2D7E5B30CB0BEA343E6CF19090B4D8F9B978CEDD8F6BAB3E00E9FE6ADCC3FAED9F40DB7D155E3B9135BBFE87B7FE8AE752560488D8B24724A3F2921EEB1FFC626134017625CDF12D735DF9762D3C7FF18DD0A25ECBDBF1AC1FC8F5E66D6B9EE0D602E71EC049FC174DF567EA75FD4EF61CC0FAE89135B74B1C3E27F9B4253FDEA5D2E6255EAAFB1EA327EBD7D59BD87759701123F45C9FDD1AB96365759C6C8D71C0BEB3AC5AC735D1FC9780BA81FE2E7A4609FB5DADDB5B09736B71DF1A7B43B77D25CFF500DB324BDAD8034103480A8E63188E28D83F630CF99313403CBF51BBD6B5C6B6C079106640007D15568C2C9CB7ECA185DB4092740071C95D59E9D8B7169B2B6B9C5A4EE1FBDFCA54F180AF3DD5C40730803C2354C8F35512223D5117EA51CBC5132474F4F189400D3BAC1FCE91C1FEAFF55146B5BBCC6BF72B6F077907C2563F516645161C8ADE45274734700950409C92A27D475B3FF458E0788EA7573F319041EE7946E84E8CC7B7C6B3F8141B5E1D50D7551E9B7329CD6BDC76B60827E4AF48138A71F02CD905C5EA48867F0F149B602D009D470A9B72DB66AC7070F22A5EBD63E93C37C64859DED9D88D5ADC25B62383AFC530701C8549DD4F09A63D66A8BFAAE086CBAD07BC0D5118667F465AF82784F66EBCB46BC245EE03DBA8ECB2DFD7304E81AE3F243FF9C2D0D76CAF403871E53C72D94FE81FAE89E03D9D57410434C13A92A4D79220EB0B08F5F71FF0404F3AA77FD61B76C57580488929FF0074CDB70FE2AF6CBB4E3581F47540CBC8C7AE979F500739A406CEBC2C3BBACE6DD8C31DE5A06F367AAD1166A36FA5BFFD17E72A6D24BA4993E254D0E488D652FB178C6C9C50CA9151574322932749152924C9D2528A64E9924293A64E92949264E8294924924A6E74A70198D69301ED2DFC242366346F23E4AA6118CBABCDD1F7E8AEE60D41F1D4283269941EE170D9AD89619DAE579BA85980EDB34EC56852FDCD94DCD1EA3AB1CC754C069A2A96B6370F02AD80E1A8F9940BC7E90F8387E45140EAAC67573ACE6568B2C6FA4D70E481AAA168D4AB387EF635BE060A9F20B883D939021BFF009D727A1E5AF11F24D7B0B2E7B4EBAF3F152A46929D6387E8B4B271313DF9FC516800B07C4EA853A05631CCD01BE65472DBEABB27CAB91C2401EC88E0C31275510D1D9DF251DB0B070074768E1DD2730813F88527348E4266923E1E0882A46F01E23B8555CCD483C8E15E2D0751A140B1849D47B827C254B81557452E6B5D1CF2AE66535FECC9AC01E958263F943FF315571480769E0AD16969C3C9A1D07D4AC96FF599EF09939484E3A9D08FB120124069F4DA46848D4995ACDAF50078AA5D3C48690248ECB62A600E0E221C75D556E6327A8AC27542E669B44E89DB48E5DA0568D6D897EA7B0510D75A4803FD8ABF1E8B6DAE6756FE6F80507925DEC063B23BEA6B07BBDCEE7E086E2758F68F009C084ADB1B00B8FC933B606C42931BE227BF097A6E2783F34AFB9531691244689C9274988E52F45F1E09C0634CC49EE8D852CC240D079A356E8680ED41F0EC0F9A19D35EFD93B4BE48DDA7920754365AE635DE23CBC11D97F61C2A8D73408038D5381313A8EC028884117BB1EAD5B326A91A5951DCC7FEE90AA74EEB14E5FE8E36DC01247631F9CAFBDAD2D876B32B936B9DD3FA8BB4F6B5C411E2D2AD6080CD0944FCD0178FF6AF110635D9FFD6C26E2626F2FD8038F70B2B3FA8E3D1966BA5BB83342478A1F51EB81CDF4B0E5A38361E7CF6AA38D6E256E165CD36BF920E8150C58675C596E5A5461FA5F56211346FABAF8F937647BCD5B2AF12753F056C701AD285D2DB9BD59FB3A7613ED158F7BA4358D1FCA7BA1AA85BD66B658E61619692090476D0A64B0642748504701ECE939F023BA7DFCF623C5667ED9A1D100B7E2149FD5F14B7924F8009BEC64FDD28E03D9AEF3EA65D8EFE542BB4D3003A3855309BEAB8BBF7892B5EBADCC89F92766957A7B0A54CD2D5B2791108FB1BA113F25300100CCF8853D93EE040F15525358D1CC64100771F9167603857D4981DF45F2D3F30B5BA881E9B5CD3C1827E2B0AE26ABDB60E58E07EE2ACE0F5408EE086788BC75F47A422A23BA0594B47B993F24706969DCD0482260F81503634930D83E01550483A5B084985D49D8F0D792E67810B4D8EA72EB2FA1D27B83CAC4719D2084AABBD1712D25AEF11A213C225EA8FA64A3105D8AABD81C1C06BFC138F4DB2261CEEFE4838B9355ED02C30E3DC774FF68C4F540DE3E12A138E62C9051C277D52398D2D1B7E89E4F7547A9502DC27B4341DBEF93CFB55F3630FD030105C5A4ED70F69D0FC12C64C483D8DA81A36F1594363C16E9DC2EA712E6DF8955BBA77B413F1FCE5CD750ABD2B5F5FEE38B7E5D969FD5DB83F16CA5C7DD53B734793969F331E2C3198FD13FF00364CB90680BAAE2C0343A8437384F3AF8A996889ECA243409EFD9520C76C349F12A6D0E2403DBB1512E0492046BA852638874C77E3944ECA69F5E0DFD9AE7131EF0037B995CA15D6F5F7B5DD3DECD03DC416B7E1FBAB9CAB06C7C6ED168723211C26CD7A8B2E39011D746A2B983D3AECCB5AD9F4AB27DD63B803E1F9CAE63E054D3A89F8AD2A9A1900081E0A59F3207CA3ED5B2CB5B3D8749CCFABBD0BA5FD97A6630B326C6C5D956005EE3E25FF00FA2DA89D3BAED388E3631A0BBCF93AAE558E03E23528EC79DC477EE15739C936C129C8EA4ECF45D5FEB2E5F5069AC7E8EB3CB477584E01C34EC75F3516D93206B1A15366DDDF91325232BB584926CAB56B78D6241F0216564D82AEA34DA3F7A1C7C9DEDFE2B61D3B63C740B0FAA308F70E47F0FF00728E11F5007A831FB5B180F10945D370E7BE8816B03DAE6387B5C20A3C92D63A3E9B5AEFF386E43731E43C8131CA823A1580BC9E656EC7BDD49D434FB4F92AC7557FA8816DF69EE0FE459E16D6237004EF5AB6632B0BB770E091F052DAE3A924FC530309CBC94F377A2F007558B404DA04B5252744E9A2282B249CC01E7DD34A485249248A96526F8A8A70929725314A524294A4924A0A4A524942508A54995CE9B88723206E1EC6824955AEACD563987F34909A240C8C7A8431492024AB2314DAD96FD21C8F148C80DD4D6494DD8F734C161FB937A767EE9FB91B1DD4C52456635EF30D6133E4AEBBA264B9B5331DAFBB25CD73ADA9A3803DDECD7DFECFA69BC71BAB1654D0AC91635DE0E07F15A797DFEE597B5DC0049F05AB94201079EEA2CDF344F9AF8F5734FF003AACE3590E2D55DD1EA8F828D6F2DB094F31E21F45A4694ED012011C21E4B6363BE5F7A7A32E82C1B9DC76095B6D3682D93E47CD5402425A82C50BE20E6DED87908BD3480E7B7BC4850B5BEED1C0A0D571A6C2E6F304056AB8A0406598D1BBD41A3756F1CB841F926A59A7E542A5B65DB5D6127C15CAEB0079288FA6223774C474D1A8EE3E4AC628FD0CF99559DF47EE57309D18FF00DA2964D23F55F93E565A7FBD316EBAE9E688435DE44F74C5841D48515B0B0323BCA607C4226DF3091AD87BA5614C76B4F1A21D8C3B7C42386307794FE9B4889F825C549690616BA55A6D7EA572264690A6EA8013CA6ADD652447E3C23291234DC2E06B5ECDAC0A8FA401961EDA2D52D7EE0E91B63859B876975D2F3A73B7CD6A1BB700D691C6B23BAA59F8B896C8EAB86EE3FC5270D203A23C13B01008719F804CE7300D1A4FF2941D56144E15F9BBCD0CBA236B06BDCA2B9CC6892C9F183284E7B22767E3D9491FAA16F51F12DD0F64CE2F3F9D33D944DADD016484E6CADC27647CD3ABC12C604004E8426737B4FC5392C100B7F1483EA07823CF94E52D26002207E29F6B3CF5D4A4FDA75DF2279299B3F9AE107849492B82F968327432ACB03276F23B478AA9EE0F001F7773D879AB14B607B8CF9A64C68A291ED1E3A765CE7D65635B7D44082E04B8AE9209123E8F8C2C0FAD035A0FC54BC91FD7C479FE4BF19FC9FFD7E0E9E8C5DADAFDA3C02BF8FD3302920B99EABBF948CDAC933F7A2803E6B2E79F21FD23F4D1AE6723D5BB8D936518D6D58DFA30F639BB5BA0D4470B87B18EADE58EE472BB0638F63D964758E984CE4563CDDF05272B9C449848D711D3CD7623560F5711248882995F65767A4DB53585B32E0B658E040EEB96C2796DE2383F25D0E35834DC751C7759DCDE3A913DF5639C7AB7C406C11CFDE98BFC90C3A7C8278D75F8AA74C68F29AE7D2E1A69A81F0585981740E008734FE7023EF58594D810476FBD59E58D1A66C26C10ECF4FB9B66152F0D13B36B9C7C5BED4526C24868F981A2A3D02C6BB15EC3ABAB7E83C9C256938BCF0342A0CA38724878F56290A25AEF6EBABB9EC106E63C18322780798577DB5196EAEF13C24C63757BF58F1F1404EB54DB5290FA9FED3B67C7946661516BCD9609239F3294B4DA0C49EE881E6A7EDEDE08CA52E9A121567A3275551115CB07682AAE4DB938E0B893633824723F94AE4EEF772210DE34F2E213612D7D438BCD6F177D5C1EA6F6DAEF59A6778127CC6881D2327ECD9CD9FA360D8E1F1E15EEA1D3C806CA7F9BE5D5F81FDE6AC5782C748D082B4B108CF11803608A6715287E0F585E411B52DFA49E567E3E51B6963E791AFC54EDCD6306BABBB342A6711BAAD58784B6CD8C0D2E710D03927454AEEA56BE598DED1DDE7FEFAAABECB6F20D874ECD1C045656068A48E28C7597A8FE0AD918639CEDCF25EE3DCEA8EDAC6DE754ED68983C22868DDED3A4E89D292D2576B19B7C3844688E3503BA1968953692DD654675414AD91F72235C47C5058E0F900C13C299797EA40040881E49B4B486C565A2CDE35691AA235C0991F72AD47D383C38111E6A272E9A5DB5EF0D33C1446A686AB48741C46D0B2BAA39A5AF646B33F7AB8DC9A5EC043C193C4AABD49BA03D9EDE7E0510288BEECBCB693AEE12F4C7FABD3E974EAC26B3FD93EDFF00A29B3F21B8F43EC9F203C49EC85D0AC031329A4C7A4F0E13D8386A7FE82C6EA398EC9B8C1FD1B4C347FDF928E032CD2FDD06CFD7D49AF5C8762D62F25C49EFCAAAF6ED7C0E158942B9BC15A30D0F9B2C776004A968A21294F5CCA44A89E48526804A63E297543029948A8A72E0A4924924A93F64A1483094116B31BB8C4C27D86549AD8536B4B8C3449F009A648E2441855AC3C4373FC1A392AD63F4E1A3F21C183F74AB07270E91B5AE103F7541933DDC600C8F70B492B3B0318E9B67CD337A762870F6CA81CF163B6D2C971576ADE580BC7BBC3C141296488D4917D2D16475675B5B534318D0D6CF0B1BABD3B323781EDB35F985B24447E4547AA31AFC7991B98640F24B04C8C80F7D0AA1BF9B938CCDF60F2D55FC71B6CF040C167BDDE415DA9A379D14F9A7A91D8264756C9603C6B29DB58EEA4D067C47829EDF389ECAA7178AD5A4890D00260D24EE3A10882B74C9E13811A04DE2ECA60DA6A649DA03BE0A8E6801F679991F3D55F78279D167E50873878447C214988DCAC964C5B9F26A6374FF00B63C7E93D30D700F305D0D3CBF4FFA842EA38ACC5CA7D35D86E6360B6C2DDA483FC8976D57BA518B6D1E40FDC55D762635AFDD6D62C2444BA74F31B4B558FBC704EA5F280A32A24179B6BDCD32D28DEB97085AFD43A4D791687E2D75E330082D6CC69FD62F72C4756EADEE63B42D3054D09E3C9A8DC2B43A84F702D6B4E91E4ABC17BA1A2494EE71200F052C73FA51E69C07082BA45BB861CC00590476F1570BF1F41BC027B1D3955D84442235A0384EB04685549EA6CE9E4C1C56750D5B6B73041F256B0580E3CC7E7392CA680D3F2850C3C80CAF6770498F8A522650D3BB3641A364D603869A0527D607C792936D0E04F752DF3C851596145E9C1480ED1AA2B580993C04E4807413E1287129835849E34521586F26028BDE5A249DA3CF4556DCFA19A349B0F7DBC2223296C12224BA0D0C8E267C545D5876A380B31DD57238A98D68F13EE2A3FB4F3620B9B1E1B4270C193C07995E319745EC2D707B490E1C1F35A58760C86C98160D085CE7ED3C9882D69F922E37557D3607EC20489DA7C3E2864E5A728F88D907197A622F6EB3F051F5AE1F4802154675BC0B402DB8D2FEEDB07FDFBE8AB0DBFD46CB5CDB5BE2D20FE4548E39C7E68D798E163312370A390C7C02D83E49B7D0E24491F248BEB982D88E2141DB5C096B8493C14401E216D32DAD70F6B847694C6B747C7C10FD3781E24F829104343802D0399E53ABC554B39800EE4F8A8902751A0FC53BAD713C88F0ECA25E3873623929D4554550204A9ED6D6C0F7901A7827459399D6D8C3E9E1B439C39B5DA89FE437F92B26FC8BF21E5F758E793E274FF3559C7CA4E42E478078FCCBC63277D1E9ADCFE9F46D73AE6EEEED69DC7E1A29D3D67A6DB597FAE2AFDE6BA41F8C2E4A128521E47191ACA57DD7FB43B97ACB3EB274DA2A21AE7E43C701A207F69CE4FD7B0997E09BA9890D178F0223DDAFF55724B53A675B38D59C5CB69BF15CD21ADEED27F77F9081E4FDB319E2278A26E57FA415C15463DF57FFD0E75A22091CF01318DD2544070F04F3FCAD563305246BB5D0225AD1663B9B1A705058E830559691B20891E0992D083D95B3C65EC2CB1CD22369210D5CEAB1F6CB20CEBA81D9525B38CDC227B867640C6AAC63E6DB53C6B2DEE15694A519444851168A7A5C6CE163410745758E07BEAB93A721F53A5A74F05B5819DEA80073DD67F31CB18EB1D98E50EAEBB477E3C163670DB6595F6065BF03EE5B0C78204ACAEA8D232B8805A35F150F2E7D6478270FCC47708BA0D9B732CABFD2367E6D2BA0881E7E2B97C178A7AA52E3F44BF69F83BDABAA3B6751097382B203FBD10B728A92270F01F152B1BEC6003683AA4EDA0CF299FBB43DC855FB2CB44434393DCD04E82344EDF18E3584DBDD307E413BAF92916F35F02511B68740E7FBD41CE067F0080641969829E220AA9B4F635C0B7B1110B94CBA8D56BEB772C242E92BB8B7CB5595D76A06D6E43440B441FEB0563942633E13FA5F985F88D1E1EEE65565AD23D3716C7215CAE4FBDDAB8F75458EDAF07EF5A751100408F1EEADE5D3EABA7A33AF4F246127E6A3ED27883F954D9E7A1FC156931948C05A0CF6485801F009A5DDC6BE494827DC34F10988485CD711D8F884E341A99F043D807D1D4270F2D3E23BCA15D9491A74F26FE54796EDDE391F4905A1A60B75F22931C5A6471DC792695A4260F02D88D5B0550EB38AE7586E68E390AE91B08703A1EE8E5ADB0B4BB5DE38FC128E4E098905B746DE5839ED22090AEE2645966EADE4B801ED9EC9FA9F4F7536BAC609AC955F0CEDBDA3C410AF131C988C876B66C647144A4175953AEA9876B6E003FE00CAAF63401E68991EDB653365DA94FC4018F8AECBA4EFBB58E87543B8FB63B956721A1A372A4F2E7998F82788D1F25435D5694814E2B7BB40D24FC136D77827B23361D745127849A913F8208AD5453249914852701380A4D1085A895DA21493274C2B14895DEFABF9BF693DFBA1A48100EEA66EB2C7997389498D693EE3B428A495695B29BF5E5E263B62B6173BBB8A8BFAA3F74D6D89F15493B764CBA63C947ED435241979A29B6DC9CDCB786309D7C340ADBB04558F6071DF639A64942C4CA2D70AF169891AB8AD10D73843F92358E14196462450108F6FD2FAA76A2E2F4E6FD3F2002BF5B44EBAAA589ECBAEAB820C857F1C4983AA766DC9F244BE62DAADA760ECA5B14A401B408D349526B0D906623954C9EAB55B3581C0EE99E1ADE4C1E63BA9C9930000388E7E6A95F9B45568611361E4F82508CA4686BE4A094B49333A054739B161F3682B4DA2580B41D7559B9E0FACF911A02A5C27D4C988FABE8D7E99FD29E3C587F285A7F4742609597D35DB730F9B1CB5096B84911F14ECFF003FD02A7F3256907BC85CDF5063D99B6EEFCE323E0BA0638F01033B05B9557858DE1C972F90639FAB690A444D1F379D2935C5AE0E1D916FC5BE8316B60763D8A02D20411A1B0BDD4AEC6BDA0B7E8A33357091A4AC9AAD7D6E96F1DC765A18D9155840261DFBAAB64C463A8D431986A293E47D09ED03F22A41AE11603A49055DCBDA1A769D34E79E10F180357B84824A644D46D9729A09280E70F771F954DD6D55EAFB034F81286F6BDADDA24363B1EC7CD03ECB46DDC5BAF994D0227527EC62B1E292DEA95B74AC17C70780AB59D4B29FF448AC1FDDE7EF2ABDF53AA7732D3C1425661871D0205F9AF15D025739CE32F7171F3329B70434CA4E15C9C39A9179F920A64B842ACA76B87DEA530AB2793E28702ACB6C6D03532A75823DF5B8B1C3BB742A9B5E403AC782232F70E782992C6695C5DDD6A7A9E4B0EDB62E68E7B387CD68557D37B26B7027BB7870F8B560D7609107571D4CF645693A3C1DAE1F9C3955726089D8709F0FE0A38E12DBD25DADCE69D2447DE9FD778100EE1DE552A3343E1B690C7F677672B8DA9CE13A11DC8504A1C3A4830CA241A2B0B9B32441F158DD53AA1BFF0057A0EDA5BA3DC3979FFC822758CBAD9FAB54439DFE15CDEDFF00063FEFCB27778056F97C034991FDD1FF0074BA31EAA4A53124A4ADAF54A5292508A9694924924BFFD1E6C164F79F34F03B411E4A06391C28C93A6AB1E9829B0C83CF750EA394DC3C473D9F4DDA0F894375ADA9BBEC21AD1C92B1BA9F516E5C3193B5A793DD3F0E03398D2E00FA93189BF06839C5CE2E2649D49514E92D4655425092492948D8D92FC77EE6EBE20F050524880451D429D5675FC80E12C6C794CA9BFA88CE70D36960FC163A3E198BC7982A0972F8C0328C6A402A2002136412D7878E46B3E617495E7B1F5874FD200AE7720489406E4D9507067260877879428A7806688D68C6D59236F5CDBDAF8F2522E1CF82E4D9D57319C381F9291EB39E74DE07C00509E4325E84317B65E9B780753A262E00F2B967F54CE773691F0808673329DCDAEFBD387213EB209F6FC5EA6D7E9AE9E01567384EA6161E3752CBC6B0D8D70B0B98E64583781BC6CDE1AEFF0008CFF06F407DD6BFE93C9F9A923C911FA41220EDDB9F452757071F01AAA591D49D94053B4064C8F1959A9C29A1CB423AEF2EEB8440D59BC4157F0ECDF5ED3CB7F22A2ED5A0F8A7A6E34BB7013E213A71E28D750A98B0EB8711F045690E30DEEA95390CB0483AF70519AF120EA3CD549408D0B118B6012DD3B8EC94B4CEB050C58C2E8931FBC538DB1CA65228B304F00FCD22F120387C0FF7A669AFB92A40D67C6123E48A2B9696C38228B03B478D3C544160D4389F249C58469F7261D5145331ED036CC83D9498F7490781C1F0554960125C07C544E5E2D63F49693FC96EA50F6CCB6D5156DF716398458416F7958B915578D98C35B839A4F1F150C8EA363DF3482D1C367951C5C1CBBAD6D846D6820973BC958C58FDB04CE5C208F957C222346FE8BE68DAEFEE5545A7C55BCD24F3DB4D5512A7C2488B3661A8293D407909C3C7820CA52A5B2C54D963CB4EE69870E0A7716D93BE013F9C155DC538B1C11047541057B6B23B7CD08B47823B6EEC5277A6E6923431A235D8A4488DDAA90E53293414598B201384804F0984AC2A4E9009D04293274B4414A4A14EBA6DB0C56D2E3E4AD37A5E481368D83B8EE9B29C63B903C14D5AEB2F30081F15A14F4CA000E7582CF26EA89474DC3225CE25DE0740ACB4578CD3ED861E63F2AAF9735E9027EC512CDACA1ACAEBFA106480249015AF4E349D40E563B6DB9C4DAC6870770499D3FAAB4712F3E807587696F23FDEA394008D196B7F895100477D5C5B1BB3AB5AC1F9C4FE216952056F61221A7C7C42CECC797754B6DA7DD0748EFA22BB2EF3534160E419F829E4388441D8C402BAACF810ECB0071D235E110B5AD1B46BDDC50B0AFAADA43AB90EE0B4F64701B04D84793472B3A60C6441E8C27424766AE4D9E9D4E703C2E71F617585E7524AD6EB792EDADA47075D1632BFCA42A1C47F4BF25D177B06E36D025C642066C0B9C07768E4AA9D3F24556ED76AD3F256737DD6BDCD1A6D1C764CF6F8729EC750C98BE6FA357A791F6E6CF70EFC8B59C091A0D564E069D4193FCAD3E456964665347244FEE8E52CE0998005FA42327CC95A0F824EBA9ABE9BC0F2E4AC9BFAA5F60DAC8637CB943A2FA5A4BAD05E7B1280E5E5572FB02DA6F75667DA30C5B583EC323E0B05DCFC785A791D4EEB59E937DB5F07C4ACE78FC3F22B7CB46518F09EFA32476A608D89AE4D63CD0559E9EDDD96C078127EE0A59FC92F22B86EE8E513B5D3F2549B9AEAA6BDA1CD0655DCBE1DF15916FF0038E55F0C448510998BDDB6EEA5BA25A74ED2A2ECE07861FBD54494DED43B2CE0096DC8758220008505253696C414ED00D024008D3CA9EC053FA497105DC251CA6522D851450BFC1485561E1A7EE52A584957AA04082993C9C3B2C94AB6690C6BCFE615218791E007CD69B413A1520D274E4284F312F059C65CC18B94C3C03E5288F16B1A49AC8F120CAD26B36F9F8271483AF07C130E7BDC05719715D6FE6907E0544DF67E6B9CD1F12B66CC4AED1EF6093F9DDD53BBA63181C7D4D91C07705490CD8CEE28FF008CB84BBB9C994DEDDBDC1F30980562D75E8B249D284956B249E13C248B5A1285201284AD56FF00FFD2E686BC154F37A9D78A0D6D87DBE1D87F5954CFEAD24D58A6070EB3B9FEA2CB249D4AA38795BF54F6E91FFBE5821DD2E4655F90EDD6B8BBC0761F2424932BA000280A5CBA4992452BA4993A085264E9424A594EA71658D703C15149229742D12D546C1AAD47EC3431E206F6F8F7F159B68D54384EA42E923492494CB14924922A5249248294926491524AF596FCC28B8414CD3041F052790784DEA95E97B5AEF770749F05603EC6196BA476EEA9A9B2D733CC7821285EBF82B4228FDADD19A40D5B27C53FDBCF667E2AB4B5E25BF727606878F504B4F2A2F6E1D98C84FF00B41E0FD1091EA37F6DA3E48CDC6C78981AA2B6AC66EAD6027C4A8CCB18FD0B468D2FB5E53F8711F009C7DB1FFBE568481A3401F00A6C869DEED63468F34D3940DA0022FC1A2DC0CA7417FB67F78EAAC57D298369B6C99D61A11C971F713CEA88ED1C0760004C9659F4207922D7A71B168743183778BB528EF3EEDA47CC20BDEE24387D1220FC53B5E1CCDAE3A4E9E2140413A936B4B9D9C3DCF1C80644EA5527D2F158B0096BBBABF9AD8241E52C3C9C66E27A7791A38E87982ADC664401038B5D9B194FA625CB2991F29D8AE77E8011F14056226C5D11E6C4B27493270529338C04890395026510BA21644670868ADE1192F96CC8274C1384C63542784C9D052DAA9349699807E2993089D78494DAAF3EFABE800DF82B9575CBA36D8DDE3EF40C5C5C1B603AD3BBC385A55F4DAABD6B609FDE3AAA99658469286BFE2A091D576645373371ACB27BA1DECDD53DA1D208E0F28E19733FC28FEAC8850B1C0021CE693DD411352B1DEFBA86FA394D26A3ED24029DF9163DC49E3C158CC0D0D6EDD27B054C4856A352F55328A3AB2DECD3682D27E927DCE6021A743C82860928D552EB6C683AEA8CA86E92037FA4FAAEB1EE3ED61035E02D10699807D477F250AB2CA2AD82B01ADE093A2217035E8F6B7C87FB150C92E295D50D9825A9B79FEAD697E53801B40D0054611F33FA43E083AA042D3C62A111E090B8906468AFEF2EA43A79689F8ACF857D8D231986796E8865AD3CD9316E7C9A7EA39966F69876BAFC544BA4C9327CD27FD24C9E0044FE6524942508A14988053A50885217B402ACF4C693963C03493F9156B23768ADF4A1FAC38F8363EF211C87F572F2648F46DE51F69F8AC9B3E9BBE2B4F249DAB31FF4CFC547CB8D0AE92C926494EB571109264924336BE0A2B5E0F3C20252534C415C244361CC6448EE85B407792955641829DC2784C160D149A90D13D35B791CAB6D6AA98FF440569AD11E6A0C9BB5CA5697770083DE54E08324185068EC54C34CE9240F05094246CC69A8F08536ED8F734B7CC21B43878C29EF71E1DF8A61432100101C1E3C0E85033A81757EDFA43B22E9A991286E693C1D528E86C14B83634B4ED3D93B4904157BA86316C590A8AD084C4A20AEBB096EB98F6001A011C901014A128462001414C613C2784A13956A493A6494FF00FFD3F2F4924C9294924924A524927494B27492490A4924905292492494DCC63BAB03C3443C96069D0C8F24F8A7DA7E3212BC1932A21A4CAFE8D6492494AB14924924A52492492949924E9294924924A5924E942295024191A22B6D9FA5CF8A114C8100A9D1C7B19B4349E15B6911A2C663CB74ECAD5765FB7D92E1E312ABE4C5ADDB1914E888DC09532E71E4E9D82CD37E50104C0FB940DB73B97FE2A3F649EA114E98712E1AFDEA566552092F78F82CA155CF3CCFCD3FD8ED3E1F7A5ED42F5920C5BCEEA58E24097787C502CEA8F719AD81BF1D546BE9E4EAF7803C958AB031FBCB9DDE52AC31EF24681136DB2FA773CCBA482502BC5B6F796D712DE67CD5EBEA63190D1B00E00EE557C27ECCA73780E69FC35444BD323115D4331D71021937A5C3497BF51D82A2F01AF20765B4F30C71F2587611BC929D825291366D8636564C5E069DD317F60A0AC08F76411EEB933CA64924E5CA45670848959EC84B651D9227052060CF3F15771B271B416D4DF8C286722058899792C6924B7EAAB09ED96D6C779C22B68C389F4DBF0855CF3407E8145BCDA5AAE90D38EE24358D0473ED4C6BA5A74AC3BE0004BEF63F74FDAAB79C01D3A02AC51667308D81C4786B0B7585A0FB58D046B30A2E2F3A9D534F337A180FA945A2C663AC697DEDD87CF528AE6D332049F3498C3B80D4C9EC8BB2B6C924388ECA094B5FD810D6B6A0F644435665D5398F2D3F22B61DA99E3F22AF73A416D6017A93164234DD7C64435F0FA7BEDFD258C2183F15AB46157543AA76B1041D5170D8F186018DC0C4267B7F38685BD828726694E445D00696CA44962F278B18D27EE29DC311EC8935CFCD40645674C8E3B3B82A9E66562D6D3B2C16CF00764A3094880011E5B2D7273AA0CC8786B8384F21578213D8F2F7971EE53495A91044403AE8BD685A0D9FB33476810A8132B4093E808FDD1A7C9332F4F364C5B9683FE994C91FA69D48360B67BAC924901E092D524A5E9D83969FB9358D7D6CDC5A403C13E2958EE902D0587DDF0577A58D6C7F8409FBD50249D4F2B47A6822979EC4FE40966D3191E4CB1DC32C959AEE49F357F28FBBE0A8258068A96EB249C02E200E4ABB474F7FA80BF81C427CA7188D4AD27BB4A083079F053663DF6416B0C131B88D16FD78ED63C3C0F77EF774765203741A0E3C956973806C16F18ECE66374861A09B7571F0EC99DD106ED2C3B4F96AB658DF6E9C0EDDD46371EF3DBE4ABFDE72593C4B78CDB8CFE877027D3B038769908F8BD0DDEA0393680C1D9BA93FC95A4742A41F02424799CA4558F3A57B9273BABE03714B72686C52F30F60E1A7C7FB483539AE1A775B4E232297D36886BC6DFF006AE798D7D373E87E8EACC2761919C0C65F343F18A06A1BC19AEA53989010EB2F2409D0F728E06D12F708F3E103A2176B7CC273A1811E3A2AF665D2342F03E0A2EEA58C068D2F70E3B0438267A12A6C6E00C725446E73B53A768E550BBA85967D002B1E4A3565E4C80C1B9DF052FB12ABD079A69D8CFA03B1234F112B9D22091E0B55D81D5B304DAE80068D2634F82CFB71ACAAC35BBE904EE5C08831E3123BD47A2879A14939D0C1E424ACA54924924A524924929FFFD4F2E490D249491243492524490D249095321A48292A484924A4A92124929B58EE8B20F0423DE01048F8EAB392514BE70BC6C948D5208492956A684D084924A4A9212492122742492525012424925244E84924A4A990D24529138739BF4491F03084924A4A493C994909249498388E0C23D795633B870FB8AA4926CB82BD548FE5ABACCCF6C7B84792B155CD71907958292A993DBFD1B6295747A2BE5D5933E602A0E77A1736C89DBC8F15989258AAB5F975BF265857B7AF8BA37F53B6C696300ADA743DCAA5CA1A4ACE2F6EBD1488D7448921A4A45C9209E13ED778212496AA6C0A8F7D138A8833E1E2AB249878970E17571EAA6D1B5DA3BBC23FECC69FA366BE042C349569FB9C5E8BA63955E8F4B8988EA1DFCE4F92BA1C07815C6A4AAE5E2E2F5EEB0BDA83BB4EC99C2340355C5A4A2EA87B11CA26D6812E3E70171492250F6AE7B4B76B34079EC80E76D90DFA4B914918D283D86D7ED05FED07F1427DB4B0112D04F2495CA249D1AEBB7825ECB13A962D38B67AEFE4CB5A352550C9EAF75CEF4F11844F73AB8FC97389238FD8E395FCD7FA7F2234B771FD3FA85A6720964FEF9D7FCD557229143F6076E2392B35256F1FB97EAE1E1FEA7CAB837743CA932A3618044AA09294DD68A746CC5BABFA4D31E4AC38914C77D3F22C649472E2F4F157D1931F56E7E7A78549252F65B3DDBA1A7C1380E1A804154524B543A2DB720705C83937D8FF0063C92478F65512423C3C5D2FA262916B6134371187BB8127E6E58A9239FE4FAB247774728FB9C83462BEE12D5512421C5C1E9DD12B77B0BA78619DA4BFB1F25A35D2DF207CF45C824A967F738BD4C52BEAF68580807EE848B2448E7BC765C5A4ABEAB5ED6B3A9075295AD260B743D805C52497E929ECA0D8351A8E526B36F7D4F0171A9276BF453D8D9755509B1E1823BF2B1BAA6563DD7B6DA24B8087B8E80FEEAC7494FCAF071EB7C547FBB498EEE9372F25D02B307C009298D59767D2DC7E2B39256B4BF470FED4BA4CC1C97980C8F8AB15F47B8FD37B5BE4352B1524C9FBFF00A3C3FCBFBCAD5E92BE938CD82E25FE33A2B95D75D502B635A171E92AB93DCFD3BFAECB4BDD361C46B1F7932151EA98B4BEBF57706583C4EA5726928F0F17B91E1BFA23AB72C1264284AAC92D6E9AAF6D265592490DA9495549253FFFD9,'34');
/*!40000 ALTER TABLE `device_type` ENABLE KEYS */;


--
-- Table structure for table `cem`.`front_host_info`
--

DROP TABLE IF EXISTS `front_host_info`;
CREATE TABLE `front_host_info` (
  `HOST_ID` char(6) NOT NULL,
  `HOST_NAME_EN` varchar(60) NOT NULL,
  `HOST_ABB_NAME_EN` varchar(60) default NULL,
  `HOST_NAME_CN` varchar(60) NOT NULL,
  `LOCATION_ID` char(6) default NULL,
  `HOST_STATUS` char(1) NOT NULL,
  `HOST_IP` varchar(50) NOT NULL,
  `HOST_PORT` varchar(50) NOT NULL,
  `HOST_USER` varchar(50) NOT NULL,
  `HOST_PASSWORD` varchar(50) NOT NULL,
  `HOST_PROMPT` varchar(200) NOT NULL,
  `REMARK` varchar(200) default NULL,
  PRIMARY KEY  (`HOST_ID`)
) ENGINE=InnoDB DEFAULT CHARSET=utf8;

--
-- Dumping data for table `cem`.`front_host_info`
--

/*!40000 ALTER TABLE `front_host_info` DISABLE KEYS */;
INSERT INTO `front_host_info` (`HOST_ID`,`HOST_NAME_EN`,`HOST_ABB_NAME_EN`,`HOST_NAME_CN`,`LOCATION_ID`,`HOST_STATUS`,`HOST_IP`,`HOST_PORT`,`HOST_USER`,`HOST_PASSWORD`,`HOST_PROMPT`,`REMARK`) VALUES 
 ('000000','d','','','','N','d','d','d','d','d',''),
 ('000001','','','','','N','','','','','',''),
 ('000003','1','1','1','000004','N','60.209.94.194','23','ecode315','password','$',''),
 ('000004','2','2','2','000003','N','2','2','2','2','2',''),
 ('000006','2','2','2','000004','N','2','2','2','2','2',''),
 ('000007','3','3','3','000002','S','3','3','3','3','3','');
/*!40000 ALTER TABLE `front_host_info` ENABLE KEYS */;


--
-- Table structure for table `cem`.`inspect_pick_keyword`
--

DROP TABLE IF EXISTS `inspect_pick_keyword`;
CREATE TABLE `inspect_pick_keyword` (
  `KEYWORD_ID` char(6) NOT NULL,
  `REMARK` varchar(200) default NULL,
  `KEYWORD_CONT` varchar(2000) default NULL,
  PRIMARY KEY  (`KEYWORD_ID`)
) ENGINE=InnoDB DEFAULT CHARSET=utf8;

--
-- Dumping data for table `cem`.`inspect_pick_keyword`
--

/*!40000 ALTER TABLE `inspect_pick_keyword` DISABLE KEYS */;
INSERT INTO `inspect_pick_keyword` (`KEYWORD_ID`,`REMARK`,`KEYWORD_CONT`) VALUES 
 ('000000','','error down reset removed remove unavailable VerifyServer failed lost fault crash failure reload reboot LOG_ERR'),
 ('000001','','super ddds ddddd sss boot dddssss');
/*!40000 ALTER TABLE `inspect_pick_keyword` ENABLE KEYS */;


--
-- Table structure for table `cem`.`location_info`
--

DROP TABLE IF EXISTS `location_info`;
CREATE TABLE `location_info` (
  `LOCATION_ID` char(6) NOT NULL,
  `LOCATION_NAME_EN` varchar(60) NOT NULL,
  `LOCATION_NAME_CN` varchar(60) NOT NULL,
  `REMARK` varchar(200) default NULL,
  PRIMARY KEY  (`LOCATION_ID`)
) ENGINE=InnoDB DEFAULT CHARSET=utf8;

--
-- Dumping data for table `cem`.`location_info`
--

/*!40000 ALTER TABLE `location_info` DISABLE KEYS */;
INSERT INTO `location_info` (`LOCATION_ID`,`LOCATION_NAME_EN`,`LOCATION_NAME_CN`,`REMARK`) VALUES 
 ('000002','','','dd'),
 ('000003','DF','DF',''),
 ('000004','DSF','AFDS','');
/*!40000 ALTER TABLE `location_info` ENABLE KEYS */;


--
-- Table structure for table `cem`.`maintain_commands_template`
--

DROP TABLE IF EXISTS `maintain_commands_template`;
CREATE TABLE `maintain_commands_template` (
  `TEMP_ID` char(6) NOT NULL,
  `TEMP_NAME` varchar(60) NOT NULL,
  `TEMP_DESC` varchar(200) default NULL,
  `TEMP_CONT` text,
  PRIMARY KEY  (`TEMP_ID`)
) ENGINE=InnoDB DEFAULT CHARSET=utf8;

--
-- Dumping data for table `cem`.`maintain_commands_template`
--

/*!40000 ALTER TABLE `maintain_commands_template` DISABLE KEYS */;
INSERT INTO `maintain_commands_template` (`TEMP_ID`,`TEMP_NAME`,`TEMP_DESC`,`TEMP_CONT`) VALUES 
 ('000004','3333','121212','21212'),
 ('000006','1','','');
/*!40000 ALTER TABLE `maintain_commands_template` ENABLE KEYS */;


--
-- Table structure for table `cem`.`maintain_team`
--

DROP TABLE IF EXISTS `maintain_team`;
CREATE TABLE `maintain_team` (
  `TEAM_ID` char(6) NOT NULL default '',
  `TEAM_NAME` varchar(60) NOT NULL default '',
  `REMARK` varchar(200) default NULL,
  PRIMARY KEY  (`TEAM_ID`)
) ENGINE=InnoDB DEFAULT CHARSET=utf8;

--
-- Dumping data for table `cem`.`maintain_team`
--

/*!40000 ALTER TABLE `maintain_team` DISABLE KEYS */;
INSERT INTO `maintain_team` (`TEAM_ID`,`TEAM_NAME`,`REMARK`) VALUES 
 ('000002','ER','ER'),
 ('000003','DF3','DF3'),
 ('000005','','');
/*!40000 ALTER TABLE `maintain_team` ENABLE KEYS */;


--
-- Table structure for table `cem`.`maintain_team_device_map`
--

DROP TABLE IF EXISTS `maintain_team_device_map`;
CREATE TABLE `maintain_team_device_map` (
  `MAP_ID` char(6) NOT NULL,
  `TEAM_ID` char(6) default NULL,
  `DEVICE_ID` char(6) default NULL,
  PRIMARY KEY  (`MAP_ID`)
) ENGINE=InnoDB DEFAULT CHARSET=utf8;

--
-- Dumping data for table `cem`.`maintain_team_device_map`
--

/*!40000 ALTER TABLE `maintain_team_device_map` DISABLE KEYS */;
INSERT INTO `maintain_team_device_map` (`MAP_ID`,`TEAM_ID`,`DEVICE_ID`) VALUES 
 ('000004','000004',NULL),
 ('000006','000005','000004'),
 ('000007','000002','000004'),
 ('000008','000005','000001'),
 ('000011','000002','000001'),
 ('000014','000005','000009');
/*!40000 ALTER TABLE `maintain_team_device_map` ENABLE KEYS */;


--
-- Table structure for table `cem`.`maintain_team_user_map`
--

DROP TABLE IF EXISTS `maintain_team_user_map`;
CREATE TABLE `maintain_team_user_map` (
  `MAP_ID` char(6) NOT NULL,
  `TEAM_ID` char(6) default NULL,
  `USER_ID` char(6) NOT NULL,
  PRIMARY KEY  (`MAP_ID`)
) ENGINE=InnoDB DEFAULT CHARSET=utf8;

--
-- Dumping data for table `cem`.`maintain_team_user_map`
--

/*!40000 ALTER TABLE `maintain_team_user_map` DISABLE KEYS */;
INSERT INTO `maintain_team_user_map` (`MAP_ID`,`TEAM_ID`,`USER_ID`) VALUES 
 ('000010','000002','000000'),
 ('000013','000005','000000');
/*!40000 ALTER TABLE `maintain_team_user_map` ENABLE KEYS */;


--
-- Table structure for table `cem`.`sys_id_creator`
--

DROP TABLE IF EXISTS `sys_id_creator`;
CREATE TABLE `sys_id_creator` (
  `CREATOR_ID` varchar(40) NOT NULL,
  `CREATOR_VALUE` varchar(40) NOT NULL,
  `CREATOR_REMARK` varchar(200) default NULL,
  PRIMARY KEY  (`CREATOR_ID`)
) ENGINE=InnoDB DEFAULT CHARSET=utf8;

--
-- Dumping data for table `cem`.`sys_id_creator`
--

/*!40000 ALTER TABLE `sys_id_creator` DISABLE KEYS */;
INSERT INTO `sys_id_creator` (`CREATOR_ID`,`CREATOR_VALUE`,`CREATOR_REMARK`) VALUES 
 ('DEVICE_ID','10','Next ID of DEVICE_ID'),
 ('DEVICE_TYPE_ID','19','Next ID of DEVICE_TYPE_ID'),
 ('HOST_ID','8','Next ID of HOST_ID'),
 ('LOCATION_ID','8','Next ID of LOCATION_ID'),
 ('MAP_ID','15','Next ID of MAP_ID'),
 ('ORG_ID','1','Next ID of ORG_ID'),
 ('PORT_ID','11','Next ID of PORT_ID'),
 ('SEND_ID','19','Next ID of SEND_ID'),
 ('STAT_ID','1','Next ID of STAT_ID'),
 ('TEAM_ID','7','Next ID of TEAM_ID'),
 ('TEMP_ID','7','Next ID of TEMP_ID'),
 ('TYPE_ID','14','Next ID of TYPE_ID'),
 ('USER_ID','10','Next ID of USER_ID');
/*!40000 ALTER TABLE `sys_id_creator` ENABLE KEYS */;


--
-- Table structure for table `cem`.`sys_menu`
--

DROP TABLE IF EXISTS `sys_menu`;
CREATE TABLE `sys_menu` (
  `MENU_ID` varchar(50) NOT NULL,
  `MENU_NAME` varchar(50) NOT NULL,
  `MENU_TYPE` char(1) NOT NULL,
  `MENU_LVL` int(11) NOT NULL,
  `PARENT_ID` varchar(50) default NULL,
  `SORT_NO` int(11) NOT NULL,
  `MENU_URL` varchar(200) default NULL,
  `MENU_DESC` varchar(200) default NULL,
  PRIMARY KEY  (`MENU_ID`)
) ENGINE=InnoDB DEFAULT CHARSET=utf8;

--
-- Dumping data for table `cem`.`sys_menu`
--

/*!40000 ALTER TABLE `sys_menu` DISABLE KEYS */;
INSERT INTO `sys_menu` (`MENU_ID`,`MENU_NAME`,`MENU_TYPE`,`MENU_LVL`,`PARENT_ID`,`SORT_NO`,`MENU_URL`,`MENU_DESC`) VALUES 
 ('AppInfo','','I',0,'MENU_ROOT',1,NULL,NULL),
 ('AppMsg','','I',0,'MENU_ROOT',4,NULL,NULL),
 ('commDeviceList','','M',1,'DeviceMaintainList',0,NULL,NULL),
 ('CommLogList','','F',2,'CommLogListJsp',0,NULL,NULL),
 ('CommLogListJsp','','M',1,'DeviceMaintainList',1,NULL,NULL),
 ('commLogView','','F',3,'CommLogList',0,NULL,NULL),
 ('DeviceAdd','','F',2,'DeviceListJsp',0,NULL,NULL),
 ('DeviceDelete','','F',2,'DeviceListJsp',2,NULL,NULL),
 ('DeviceEdit','','F',3,'DeviceAdd',1,NULL,NULL),
 ('DeviceList','','F',2,'DeviceListJsp',1,NULL,NULL),
 ('DeviceListJsp','','M',1,'MainListBase',6,NULL,NULL),
 ('DeviceMaintainList','','M',0,'MENU_ROOT',97,NULL,NULL),
 ('DevicePortAdd','','F',3,'DevicePortList',2,NULL,NULL),
 ('DevicePortDelete','','F',2,'DevicePortList',0,NULL,NULL);
INSERT INTO `sys_menu` (`MENU_ID`,`MENU_NAME`,`MENU_TYPE`,`MENU_LVL`,`PARENT_ID`,`SORT_NO`,`MENU_URL`,`MENU_DESC`) VALUES 
 ('DevicePortEdit','','F',2,'DevicePortList',1,NULL,NULL),
 ('DevicePortList','','F',2,'DeviceListJsp',0,NULL,NULL),
 ('DevicePortSubmit','','F',3,'DevicePortAdd',0,NULL,NULL),
 ('DevicePortTypeAdd','','F',2,'DevicePortTypeList',0,NULL,NULL),
 ('DevicePortTypeDelete','','F',2,'DevicePortTypeAdd',3,NULL,NULL),
 ('DevicePortTypeEdit','','F',2,'DevicePortTypeAdd',2,NULL,NULL),
 ('DevicePortTypeList','','M',1,'DeviceTypeListTo',0,NULL,NULL),
 ('DevicePortTypeSubmit','','F',2,'DevicePortTypeAdd',1,NULL,NULL),
 ('DevicePortTypeView','','F',2,'DevicePortTypeAdd',4,NULL,NULL),
 ('DeviceSubmit','','F',3,'DeviceAdd',0,NULL,NULL),
 ('DeviceTypeAdd','','F',2,'deviceTypeListJsp',1,NULL,NULL),
 ('DeviceTypeDelete','','F',2,'deviceTypeListJsp',2,NULL,NULL);
INSERT INTO `sys_menu` (`MENU_ID`,`MENU_NAME`,`MENU_TYPE`,`MENU_LVL`,`PARENT_ID`,`SORT_NO`,`MENU_URL`,`MENU_DESC`) VALUES 
 ('DeviceTypeEdit','','F',3,'deviceTypeAdd',1,NULL,NULL),
 ('DeviceTypeList','','F',2,'deviceTypeListJsp',0,NULL,NULL),
 ('DeviceTypeListJsp','','M',1,'DeviceTypeListTo',0,NULL,NULL),
 ('DeviceTypeListTo','','M',1,'MainListBase',3,NULL,NULL),
 ('DeviceTypeSubmit','','F',3,'deviceTypeAdd',0,NULL,NULL),
 ('DeviceTypeView','','F',3,'DeviceTypeAdd',3,NULL,NULL),
 ('DeviceView','','F',3,'DeviceAdd',2,NULL,NULL),
 ('DevoceTest','','F',3,'DeviceAdd',2,NULL,NULL),
 ('Disconnection','','F',3,'commDeviceList',0,NULL,NULL),
 ('Download','','I',0,'MENU_ROOT',0,NULL,NULL),
 ('FrontHostAdd','','F',2,'FrontHostListJsp',0,NULL,NULL),
 ('FrontHostDelete','','F',2,'FrontHostListJsp',2,NULL,NULL),
 ('FrontHostEdit','','F',2,'FrontHostAdd',1,NULL,NULL);
INSERT INTO `sys_menu` (`MENU_ID`,`MENU_NAME`,`MENU_TYPE`,`MENU_LVL`,`PARENT_ID`,`SORT_NO`,`MENU_URL`,`MENU_DESC`) VALUES 
 ('FrontHostList','','F',2,'FrontHostListJsp',1,NULL,NULL),
 ('FrontHostListJsp','','M',1,'MainListBase',5,NULL,NULL),
 ('FrontHostSubmit','','F',2,'FrontHostAdd',0,NULL,NULL),
 ('FrontHostTest','','F',3,'FrontHostAdd',3,NULL,NULL),
 ('FrontHostView','','F',3,'FrontHostAdd',4,NULL,NULL),
 ('GetAppPic','','I',0,'MENU_ROOT',13,NULL,NULL),
 ('InLogin','','L',1,NULL,2,NULL,NULL),
 ('LocationAdd','','F',2,'LocationListJsp',0,NULL,NULL),
 ('LocationDelete','','F',2,'LocationListJsp',2,NULL,NULL),
 ('LocationEdit','','F',3,'LocationAdd',1,NULL,NULL),
 ('LocationList','','F',2,'LocationListJsp',1,NULL,NULL),
 ('LocationListJsp','','M',1,'MainListBase',4,NULL,NULL),
 ('LocationSubmit','','F',3,'LocationAdd',0,NULL,NULL);
INSERT INTO `sys_menu` (`MENU_ID`,`MENU_NAME`,`MENU_TYPE`,`MENU_LVL`,`PARENT_ID`,`SORT_NO`,`MENU_URL`,`MENU_DESC`) VALUES 
 ('Login','','L',1,NULL,4,NULL,NULL),
 ('LoginInfo','','I',0,'MENU_ROOT',2,NULL,NULL),
 ('Logout','','L',1,NULL,1,NULL,NULL),
 ('MainListBase','','M',0,'MENU_ROOT',98,NULL,NULL),
 ('MaintainDeviceAdd','','F',3,'TeamAdd',8,NULL,NULL),
 ('MaintainDeviceDelete','','F',3,'TeamAdd',10,NULL,NULL),
 ('MaintainDeviceList','','F',3,'TeamAdd',7,NULL,NULL),
 ('MaintainDeviceSubmit','','F',3,'TeamAdd',6,NULL,NULL),
 ('MaintainDeviceView','','F',3,'TeamAdd',9,NULL,NULL),
 ('MaintainPersonAdd','','F',3,'TeamAdd',3,NULL,NULL),
 ('MaintainPersonDelete','','F',3,'TeamAdd',6,NULL,NULL),
 ('MaintainPersonList','','F',3,'TeamAdd',2,NULL,NULL),
 ('MaintainPersonSubmit','','F',3,'TeamAdd',4,NULL,NULL),
 ('MaintainPersonView','','F',3,'TeamAdd',5,NULL,NULL);
INSERT INTO `sys_menu` (`MENU_ID`,`MENU_NAME`,`MENU_TYPE`,`MENU_LVL`,`PARENT_ID`,`SORT_NO`,`MENU_URL`,`MENU_DESC`) VALUES 
 ('MenuBody','','I',0,'MENU_ROOT',3,NULL,NULL),
 ('OrgAdd','','F',2,'OrgList',0,NULL,NULL),
 ('OrgDelete','','F',2,'OrgList',1,NULL,NULL),
 ('OrgEdit','','F',3,'OrgAdd',0,NULL,NULL),
 ('OrgFatherInfor','','F',3,'OrgAdd',3,NULL,NULL),
 ('OrgList','','M',1,'MainListBase',0,NULL,NULL),
 ('OrgSubmit','','F',3,'OrgAdd',1,NULL,NULL),
 ('PersonMan','','D',0,'MENU_ROOT',99,NULL,NULL),
 ('SelectArea','','I',0,'MENU_ROOT',8,NULL,NULL),
 ('SelectCodeSet','','I',0,'MENU_ROOT',9,NULL,NULL),
 ('SelectDevicePortType','','I',0,'MENU_ROOT',96,NULL,NULL),
 ('SelectDeviceType','','I',0,'MENU_ROOT',14,NULL,NULL),
 ('SelectFrontHost','','I',0,'MENU_ROOT',13,NULL,NULL),
 ('SelectLocation','','I',0,'MENU_ROOT',11,NULL,NULL),
 ('SelectOrg','','I',0,'MENU_ROOT',6,NULL,NULL);
INSERT INTO `sys_menu` (`MENU_ID`,`MENU_NAME`,`MENU_TYPE`,`MENU_LVL`,`PARENT_ID`,`SORT_NO`,`MENU_URL`,`MENU_DESC`) VALUES 
 ('SelectStat','','I',0,'MENU_ROOT',7,NULL,NULL),
 ('SelectTemp','','I',0,'MENU_ROOT',15,NULL,NULL),
 ('selectTempList','-','F',2,'tempSendDeviceListJsp',1,NULL,NULL),
 ('SelectUser','','I',0,'MENU_ROOT',5,NULL,NULL),
 ('SendCommand','','F',3,'commDeviceList',1,NULL,NULL),
 ('sendCommandTemp','','F',2,'tempSendDeviceListJsp',2,NULL,NULL),
 ('StatAdd','','F',3,'StatView',1,NULL,NULL),
 ('StatDelete','','F',2,'StatListJsp',1,NULL,NULL),
 ('StatEdit','','F',3,'StatView',0,NULL,NULL),
 ('StatList','','F',2,'StatListJsp',2,NULL,NULL),
 ('StatListJsp','','M',1,'MainListBase',1,NULL,NULL),
 ('StatView','','F',2,'StatListJsp',0,NULL,NULL),
 ('TeamAdd','','F',2,'TeamListJsp',0,NULL,NULL),
 ('TeamDelete','','F',2,'TeamListJsp',2,NULL,NULL);
INSERT INTO `sys_menu` (`MENU_ID`,`MENU_NAME`,`MENU_TYPE`,`MENU_LVL`,`PARENT_ID`,`SORT_NO`,`MENU_URL`,`MENU_DESC`) VALUES 
 ('TeamEdit','','F',3,'TeamAdd',1,NULL,NULL),
 ('TeamList','','F',2,'TeamListJsp',1,NULL,NULL),
 ('TeamListJsp','','M',1,'MainListBase',7,NULL,NULL),
 ('TeamSubmit','','F',3,'TeamAdd',0,NULL,NULL),
 ('tempAdd','','F',2,'tempListJsp',1,NULL,NULL),
 ('tempDelete','','F',3,'tempAdd',1,NULL,NULL),
 ('tempEdit','','F',3,'tempAdd',4,NULL,NULL),
 ('tempList','','F',2,'tempListJsp',0,NULL,NULL),
 ('tempListJsp','','M',1,'DeviceMaintainList',2,NULL,NULL),
 ('TempLogList','','F',2,'TempLogListJsp',0,NULL,NULL),
 ('TempLogListJsp','','M',1,'DeviceMaintainList',4,NULL,NULL),
 ('tempSendDeviceList','-','F',2,'tempSendDeviceListJsp',0,NULL,NULL),
 ('tempSendDeviceListJsp','','M',1,'DeviceMaintainList',3,NULL,NULL);
INSERT INTO `sys_menu` (`MENU_ID`,`MENU_NAME`,`MENU_TYPE`,`MENU_LVL`,`PARENT_ID`,`SORT_NO`,`MENU_URL`,`MENU_DESC`) VALUES 
 ('tempSubmit','','F',3,'tempAdd',0,NULL,NULL),
 ('tempView','','F',3,'tempAdd',2,NULL,NULL),
 ('UserAdd','','F',2,'UserListTo',0,NULL,NULL),
 ('UserDelete','','F',2,'UserListTo',1,NULL,NULL),
 ('UserEdit','','F',3,'UserAdd',0,NULL,NULL),
 ('UserList','','F',2,'UserListTo',2,NULL,NULL),
 ('UserListTo','','M',1,'MainListBase',2,NULL,NULL),
 ('UserPassWord','','D',1,'PersonMan',2,NULL,NULL),
 ('UserSubmit','','F',3,'UserAdd',1,NULL,NULL),
 ('VertifyImage','','L',1,NULL,3,NULL,NULL);
/*!40000 ALTER TABLE `sys_menu` ENABLE KEYS */;


--
-- Table structure for table `cem`.`sys_org`
--

DROP TABLE IF EXISTS `sys_org`;
CREATE TABLE `sys_org` (
  `ORG_ID` char(6) NOT NULL,
  `ORG_NAME` varchar(50) NOT NULL,
  `PARENT_ID` char(6) default NULL,
  `ORG_DESC` varchar(200) default NULL,
  `LINK_MAN` varchar(50) default NULL,
  `LINK_TELE` varchar(50) default NULL,
  `LINK_EMAIL` varchar(50) default NULL,
  PRIMARY KEY  (`ORG_ID`)
) ENGINE=InnoDB DEFAULT CHARSET=utf8;

--
-- Dumping data for table `cem`.`sys_org`
--

/*!40000 ALTER TABLE `sys_org` DISABLE KEYS */;
INSERT INTO `sys_org` (`ORG_ID`,`ORG_NAME`,`PARENT_ID`,`ORG_DESC`,`LINK_MAN`,`LINK_TELE`,`LINK_EMAIL`) VALUES 
 ('000000','',NULL,'yu',NULL,'12122',NULL);
/*!40000 ALTER TABLE `sys_org` ENABLE KEYS */;


--
-- Table structure for table `cem`.`sys_perm`
--

DROP TABLE IF EXISTS `sys_perm`;
CREATE TABLE `sys_perm` (
  `USER_ID` char(6) NOT NULL,
  `MENU_ID` varchar(50) NOT NULL default '',
  PRIMARY KEY  (`USER_ID`,`MENU_ID`)
) ENGINE=InnoDB DEFAULT CHARSET=utf8;

--
-- Dumping data for table `cem`.`sys_perm`
--

/*!40000 ALTER TABLE `sys_perm` DISABLE KEYS */;
INSERT INTO `sys_perm` (`USER_ID`,`MENU_ID`) VALUES 
 ('000000','commDeviceList'),
 ('000000','CommLogListJsp'),
 ('000000','DeviceListJsp'),
 ('000000','DeviceMaintainList'),
 ('000000','DevicePortTypeList'),
 ('000000','DeviceTypeListJsp'),
 ('000000','DeviceTypeListTo'),
 ('000000','FrontHostListJsp'),
 ('000000','LocationListJsp'),
 ('000000','MainListBase'),
 ('000000','MENU_ROOT'),
 ('000000','OrgList'),
 ('000000','StatListJsp'),
 ('000000','TeamListJsp'),
 ('000000','tempListJsp'),
 ('000000','TempLogListJsp'),
 ('000000','tempSendDeviceListJsp'),
 ('000000','UserListTo');
/*!40000 ALTER TABLE `sys_perm` ENABLE KEYS */;


--
-- Table structure for table `cem`.`sys_stat`
--

DROP TABLE IF EXISTS `sys_stat`;
CREATE TABLE `sys_stat` (
  `STAT_ID` char(6) NOT NULL,
  `STAT_NAME` varchar(50) NOT NULL,
  `STAT_DESC` varchar(200) default NULL,
  PRIMARY KEY  (`STAT_ID`)
) ENGINE=InnoDB DEFAULT CHARSET=utf8;

--
-- Dumping data for table `cem`.`sys_stat`
--

/*!40000 ALTER TABLE `sys_stat` DISABLE KEYS */;
INSERT INTO `sys_stat` (`STAT_ID`,`STAT_NAME`,`STAT_DESC`) VALUES 
 ('000000','','');
/*!40000 ALTER TABLE `sys_stat` ENABLE KEYS */;


--
-- Table structure for table `cem`.`sys_user`
--

DROP TABLE IF EXISTS `sys_user`;
CREATE TABLE `sys_user` (
  `USER_ID` char(6) NOT NULL,
  `USER_NAME` varchar(50) NOT NULL,
  `LOGIN_NAME` varchar(50) NOT NULL,
  `PASSWORD` varchar(32) NOT NULL,
  `STATUS` char(1) NOT NULL,
  `USER_ORG_ID` char(6) default NULL,
  `USER_STAT_ID` char(6) default NULL,
  `USER_DESC` varchar(200) default NULL,
  `LINK_TELE` varchar(50) default NULL,
  `LINK_EMAIL` varchar(50) default NULL,
  `USER_SEX` char(1) default NULL,
  `USER_BIRTH` varchar(8) default NULL,
  `MAN_FLAG` char(1) default NULL,
  PRIMARY KEY  (`USER_ID`)
) ENGINE=InnoDB DEFAULT CHARSET=utf8;

--
-- Dumping data for table `cem`.`sys_user`
--

/*!40000 ALTER TABLE `sys_user` DISABLE KEYS */;
INSERT INTO `sys_user` (`USER_ID`,`USER_NAME`,`LOGIN_NAME`,`PASSWORD`,`STATUS`,`USER_ORG_ID`,`USER_STAT_ID`,`USER_DESC`,`LINK_TELE`,`LINK_EMAIL`,`USER_SEX`,`USER_BIRTH`,`MAN_FLAG`) VALUES 
 ('000000','','admin','21232f297a57a5a743894a0e4a801fc3','N','000000','000000',NULL,NULL,NULL,'1','20080528','M');
/*!40000 ALTER TABLE `sys_user` ENABLE KEYS */;


--
-- Table structure for table `cem`.`system_operation_log`
--

DROP TABLE IF EXISTS `system_operation_log`;
CREATE TABLE `system_operation_log` (
  `LOG_ID` char(10) NOT NULL,
  `USER_ID` char(6) default NULL,
  `USER_NAME` varchar(60) default NULL,
  `OPERATION_TIME` char(14) default NULL,
  `OPERATION_FUN_ID` varchar(50) default NULL,
  `OPERATION_FUN_NAME` varchar(50) default NULL,
  `RETURN_CODE` varchar(10) default NULL,
  `REMARK` varchar(200) default NULL,
  PRIMARY KEY  (`LOG_ID`)
) ENGINE=InnoDB DEFAULT CHARSET=utf8;

--
-- Dumping data for table `cem`.`system_operation_log`
--

/*!40000 ALTER TABLE `system_operation_log` DISABLE KEYS */;
/*!40000 ALTER TABLE `system_operation_log` ENABLE KEYS */;

/*!40101 SET SQL_MODE=@OLD_SQL_MODE */;
/*!40014 SET FOREIGN_KEY_CHECKS=@OLD_FOREIGN_KEY_CHECKS */;
/*!40014 SET UNIQUE_CHECKS=@OLD_UNIQUE_CHECKS */;
/*!40101 SET CHARACTER_SET_CLIENT=@OLD_CHARACTER_SET_CLIENT */;
/*!40101 SET CHARACTER_SET_RESULTS=@OLD_CHARACTER_SET_RESULTS */;
/*!40101 SET COLLATION_CONNECTION=@OLD_COLLATION_CONNECTION */;
/*!40101 SET CHARACTER_SET_CLIENT=@OLD_CHARACTER_SET_CLIENT */;
